{"packages":{"avanciro/skel":{"dev-prod":{"name":"avanciro/skel","description":"Skel - A Lightweight PHP framework.","keywords":[],"homepage":"https://avanciro.com","version":"dev-prod","version_normalized":"dev-prod","license":["MIT"],"authors":[{"name":"Shyamin Ayesh","email":"me@shyamin.com","homepage":"https://shyamin.com"}],"source":{"type":"git","url":"https://github.com/avanciro/skel.git","reference":"81e62ba18fd51c736785a16c928ed45aa8b10ef8"},"dist":{"type":"zip","url":"https://api.github.com/repos/avanciro/skel/zipball/81e62ba18fd51c736785a16c928ed45aa8b10ef8","reference":"81e62ba18fd51c736785a16c928ed45aa8b10ef8","shasum":""},"type":"project","time":"2020-01-11T18:38:34+00:00","autoload":{"psr-4":{"Avanciro\\Skel\\Console\\":"app/Console","Avanciro\\Skel\\Core\\":"app/Core","App\\Controller\\":"controllers/","App\\Model\\":"models/"}},"require":{"php":">=7.0","symfony/routing":"^4.3","symfony/http-foundation":"^4.3","illuminate/database":"^6.0","twig/twig":"^2.11"},"require-dev":{"phpunit/phpunit":"^8.5","symfony/console":"^5.0"},"replace":{"symfony/polyfill-ctype":"*","symfony/polyfill-mbstring":"*","symfony/polyfill-intl-idn":"*"},"uid":3235170}},"beelab/symfony-beelab":{"dev-garak":{"name":"beelab/symfony-beelab","description":"Adapt this file with your actual project content","keywords":[],"homepage":"","version":"dev-garak","version_normalized":"dev-garak","license":["MIT"],"authors":[{"name":"Massimiliano Arione","email":"massimiliano.arione@bee-lab.net"},{"name":"Mauro D'Alatri","email":"mauro.dalatri@bee-lab.net"}],"source":{"type":"git","url":"https://github.com/Bee-Lab/symfony-beelab.git","reference":"1867b540d6d45b52b53cce5144de00043924bb70"},"dist":{"type":"zip","url":"https://api.github.com/repos/Bee-Lab/symfony-beelab/zipball/1867b540d6d45b52b53cce5144de00043924bb70","reference":"1867b540d6d45b52b53cce5144de00043924bb70","shasum":""},"type":"project","time":"2020-01-16T12:08:42+00:00","autoload":{"psr-4":{"App\\":"src/App/","Beelab\\":"src/Beelab/"}},"extra":{"symfony":{"require":"4.4.*"}},"require":{"php":"^7.2","ext-ctype":"*","ext-intl":"*","ext-mbstring":"*","ext-iconv":"*","symfony/flex":"^1.6"},"replace":{"paragonie/random_compat":"*","symfony/polyfill-ctype":"*","symfony/polyfill-intl-icu":"*","symfony/polyfill-intl-idn":"*","symfony/polyfill-mbstring":"*","symfony/polyfill-php56":"*","symfony/polyfill-php70":"*","symfony/polyfill-php72":"*","symfony/polyfill-iconv":"*"},"uid":2903453}},"creasico/sentolop":{"dev-master":{"name":"creasico/sentolop","description":"Yet another Laravel project.","keywords":["project","laravel"],"homepage":"","version":"dev-master","version_normalized":"9999999-dev","license":["MIT"],"authors":[],"source":{"type":"git","url":"https://github.com/creasico/sentolop.git","reference":"45217fbd075cbfdd758ae8efcc9e08265a9bce86"},"dist":{"type":"zip","url":"https://api.github.com/repos/creasico/sentolop/zipball/45217fbd075cbfdd758ae8efcc9e08265a9bce86","reference":"45217fbd075cbfdd758ae8efcc9e08265a9bce86","shasum":""},"type":"project","time":"2019-04-14T20:42:20+00:00","autoload":{"classmap":["database/seeds","database/factories"],"psr-4":{"App\\":"app/"}},"extra":{"laravel":{"dont-discover":[]}},"require":{"php":">=7.1.0","ext-json":"*","ext-posix":"*","fideloper/proxy":"~3.3","guzzlehttp/guzzle":"~6.3","laravel/framework":"5.5.*","laravel/passport":"~4.0","laravel/tinker":"~1.0","laravel/socialite":"~3.0","predis/predis":"~1.0","sentry/sentry-laravel":"^1.0","ext-gd":"*","ext-iconv":"*","ext-intl":"*","http-interop/http-factory-diactoros":"^1.0"},"require-dev":{"filp/whoops":"~2.0","fzaninotto/faker":"~1.4","laravel/dusk":"~2.0","mockery/mockery":"~1.0","phpunit/phpunit":"~7.0"},"replace":{"symfony/polyfill-ctype":"*","symfony/polyfill-iconv":"*","symfony/polyfill-intl-idn":"*","symfony/polyfill-mbstring":"*","symfony/polyfill-php70":"*"},"uid":2851289}},"mattiabasone/minepic-api":{"dev-dev":{"name":"mattiabasone/minepic-api","description":"Minepic Website and API service","keywords":["avatar","minecraft","minepic"],"homepage":"","version":"dev-dev","version_normalized":"dev-dev","license":["BSD-3-Clause"],"authors":[],"source":{"type":"git","url":"https://github.com/mattiabasone/minepic.org.git","reference":"d0c885c3c6ca8329626968177eeef8825316fd74"},"dist":{"type":"zip","url":"https://api.github.com/repos/mattiabasone/minepic.org/zipball/d0c885c3c6ca8329626968177eeef8825316fd74","reference":"d0c885c3c6ca8329626968177eeef8825316fd74","shasum":""},"type":"project","time":"2019-12-18T22:18:51+00:00","autoload":{"classmap":["database/seeds","database/factories"],"psr-4":{"App\\":"app/","Minepic\\":"src/"}},"require":{"guzzlehttp/guzzle":"^6.2","ext-gd":"*","ext-imagick":"*","ext-json":"*","league/flysystem":"^1.0","laravel/lumen-framework":"^6.0","vlucas/phpdotenv":"^3.3","ramsey/uuid":"^3.8","php":"^7.3","ext-ctype":"*","ext-intl":"*","ext-mbstring":"*","czim/laravel-repository":"^2.0","league/fractal":"^0.18.0"},"require-dev":{"barryvdh/laravel-debugbar":"^3.2","barryvdh/laravel-ide-helper":"^2.6","fzaninotto/faker":"^1.4","phpunit/phpunit":"^8.0","mockery/mockery":"^1.0","friendsofphp/php-cs-fixer":"^2.16","symplify/easy-coding-standard":"^6.1","php-coveralls/php-coveralls":"^2.2"},"replace":{"symfony/polyfill-mbstring":"*","symfony/polyfill-ctype":"*","symfony/polyfill-intl-idn":"*","symfony/polyfill-php70":"*","symfony/polyfill-php72":"*"},"uid":2642368},"dev-master":{"name":"mattiabasone/minepic-api","description":"Minepic Website and API service","keywords":["avatar","minecraft","minepic"],"homepage":"","version":"dev-master","version_normalized":"9999999-dev","license":["BSD-3-Clause"],"authors":[],"source":{"type":"git","url":"https://github.com/mattiabasone/minepic.org.git","reference":"0a47c15d61fbfa8d620a2a1b01f54281f85e5a39"},"dist":{"type":"zip","url":"https://api.github.com/repos/mattiabasone/minepic.org/zipball/0a47c15d61fbfa8d620a2a1b01f54281f85e5a39","reference":"0a47c15d61fbfa8d620a2a1b01f54281f85e5a39","shasum":""},"type":"project","time":"2019-12-04T13:41:08+00:00","autoload":{"classmap":["database/seeds","database/factories"],"psr-4":{"App\\":"app/","Minepic\\":"src/"}},"require":{"guzzlehttp/guzzle":"^6.2","ext-gd":"*","ext-imagick":"*","ext-json":"*","league/flysystem":"^1.0","php":"^7.3","ext-ctype":"*","ext-intl":"*","ext-mbstring":"*","laravel/lumen-framework":"^6.0","vlucas/phpdotenv":"^3.3","ramsey/uuid":"^3.8","czim/laravel-repository":"^2.0","league/fractal":"^0.18.0"},"require-dev":{"barryvdh/laravel-debugbar":"^3.2","barryvdh/laravel-ide-helper":"^2.6","fzaninotto/faker":"^1.4","phpunit/phpunit":"^8.0","mockery/mockery":"^1.0","friendsofphp/php-cs-fixer":"^2.16","symplify/easy-coding-standard":"^6.1"},"replace":{"symfony/polyfill-mbstring":"*","symfony/polyfill-ctype":"*","symfony/polyfill-intl-idn":"*","symfony/polyfill-php70":"*","symfony/polyfill-php72":"*"},"uid":1242287},"dev-staging":{"name":"mattiabasone/minepic-api","description":"Minepic Website and API service","keywords":["avatar","minecraft","minepic"],"homepage":"","version":"dev-staging","version_normalized":"dev-staging","license":["BSD-3-Clause"],"authors":[],"source":{"type":"git","url":"https://github.com/mattiabasone/minepic.org.git","reference":"7dfc6a41cfc62c6054bdb22bdf127a4d927ce5a3"},"dist":{"type":"zip","url":"https://api.github.com/repos/mattiabasone/minepic.org/zipball/7dfc6a41cfc62c6054bdb22bdf127a4d927ce5a3","reference":"7dfc6a41cfc62c6054bdb22bdf127a4d927ce5a3","shasum":""},"type":"project","time":"2019-12-17T23:46:27+00:00","autoload":{"classmap":["database/seeds","database/factories"],"psr-4":{"App\\":"app/","Minepic\\":"src/"}},"require":{"ext-gd":"*","ext-imagick":"*","ext-json":"*","laravel/lumen-framework":"^6.0","vlucas/phpdotenv":"^3.3","guzzlehttp/guzzle":"^6.2","league/flysystem":"^1.0","ramsey/uuid":"^3.8","php":"^7.3","ext-ctype":"*","ext-intl":"*","ext-mbstring":"*","czim/laravel-repository":"^2.0","league/fractal":"^0.18.0"},"require-dev":{"fzaninotto/faker":"^1.4","phpunit/phpunit":"^8.0","mockery/mockery":"^1.0","barryvdh/laravel-debugbar":"^3.2","barryvdh/laravel-ide-helper":"^2.6","friendsofphp/php-cs-fixer":"^2.16","symplify/easy-coding-standard":"^6.1"},"replace":{"symfony/polyfill-mbstring":"*","symfony/polyfill-ctype":"*","symfony/polyfill-intl-idn":"*","symfony/polyfill-php70":"*","symfony/polyfill-php72":"*"},"uid":3369875}},"symfony/polyfill":{"dev-master":{"name":"symfony/polyfill","description":"Symfony polyfills backporting features to lower PHP versions","keywords":["compatibility","compat","polyfill","shim"],"homepage":"https://symfony.com","version":"dev-master","version_normalized":"9999999-dev","license":["MIT"],"authors":[{"name":"Nicolas Grekas","email":"p@tchwork.com"},{"name":"Symfony Community","homepage":"https://symfony.com/contributors"}],"source":{"type":"git","url":"https://github.com/symfony/polyfill.git","reference":"970a051b2f833bb4f73677f88ce2bc601e934954"},"dist":{"type":"zip","url":"https://api.github.com/repos/symfony/polyfill/zipball/970a051b2f833bb4f73677f88ce2bc601e934954","reference":"970a051b2f833bb4f73677f88ce2bc601e934954","shasum":""},"type":"library","time":"2020-01-17T13:19:45+00:00","autoload":{"psr-4":{"Symfony\\Polyfill\\":"src/"},"files":["src/Apcu/bootstrap.php","src/Ctype/bootstrap.php","src/Php54/bootstrap.php","src/Php55/bootstrap.php","src/Php56/bootstrap.php","src/Php70/bootstrap.php","src/Php71/bootstrap.php","src/Php72/bootstrap.php","src/Php73/bootstrap.php","src/Php74/bootstrap.php","src/Php80/bootstrap.php","src/Uuid/bootstrap.php","src/Iconv/bootstrap.php","src/Intl/Grapheme/bootstrap.php","src/Intl/Idn/bootstrap.php","src/Intl/Icu/bootstrap.php","src/Intl/MessageFormatter/bootstrap.php","src/Intl/Normalizer/bootstrap.php","src/Mbstring/bootstrap.php"],"classmap":["src/Intl/MessageFormatter/Resources/stubs","src/Intl/Normalizer/Resources/stubs","src/Php80/Resources/stubs","src/Php73/Resources/stubs","src/Php70/Resources/stubs","src/Php54/Resources/stubs"]},"extra":{"branch-alias":{"dev-master":"1.14-dev"}},"require":{"php":">=5.3.3","ircmaxell/password-compat":"~1.0","paragonie/random_compat":"~1.0|~2.0|~9.99","symfony/intl":"~2.3|~3.0|~4.0|~5.0"},"require-dev":{"symfony/phpunit-bridge":"~3.2"},"replace":{"symfony/polyfill-php54":"self.version","symfony/polyfill-php55":"self.version","symfony/polyfill-php56":"self.version","symfony/polyfill-php70":"self.version","symfony/polyfill-iconv":"self.version","symfony/polyfill-intl-grapheme":"self.version","symfony/polyfill-intl-icu":"self.version","symfony/polyfill-intl-normalizer":"self.version","symfony/polyfill-mbstring":"self.version","symfony/polyfill-util":"self.version","symfony/polyfill-xml":"self.version","symfony/polyfill-apcu":"self.version","symfony/polyfill-php71":"self.version","symfony/polyfill-php72":"self.version","symfony/polyfill-php73":"self.version","symfony/polyfill-ctype":"self.version","symfony/polyfill-intl-messageformatter":"self.version","symfony/polyfill-intl-idn":"self.version","symfony/polyfill-php74":"self.version","symfony/polyfill-uuid":"self.version","symfony/polyfill-php80":"self.version"},"uid":573980},"v1.10.0":{"name":"symfony/polyfill","description":"Symfony polyfills backporting features to lower PHP versions","keywords":["compatibility","compat","polyfill","shim"],"homepage":"https://symfony.com","version":"v1.10.0","version_normalized":"1.10.0.0","license":["MIT"],"authors":[{"name":"Nicolas Grekas","email":"p@tchwork.com"},{"name":"Symfony Community","homepage":"https://symfony.com/contributors"}],"source":{"type":"git","url":"https://github.com/symfony/polyfill.git","reference":"cf87da97c2969a3446fa60e01eca99bd44b3b86d"},"dist":{"type":"zip","url":"https://api.github.com/repos/symfony/polyfill/zipball/cf87da97c2969a3446fa60e01eca99bd44b3b86d","reference":"cf87da97c2969a3446fa60e01eca99bd44b3b86d","shasum":""},"type":"library","time":"2018-10-31T13:00:05+00:00","autoload":{"psr-4":{"Symfony\\Polyfill\\":"src/"},"files":["src/Apcu/bootstrap.php","src/Ctype/bootstrap.php","src/Php54/bootstrap.php","src/Php55/bootstrap.php","src/Php56/bootstrap.php","src/Php70/bootstrap.php","src/Php71/bootstrap.php","src/Php72/bootstrap.php","src/Php73/bootstrap.php","src/Iconv/bootstrap.php","src/Intl/Grapheme/bootstrap.php","src/Intl/Idn/bootstrap.php","src/Intl/Icu/bootstrap.php","src/Intl/MessageFormatter/bootstrap.php","src/Intl/Normalizer/bootstrap.php","src/Mbstring/bootstrap.php"],"classmap":["src/Intl/MessageFormatter/Resources/stubs","src/Intl/Normalizer/Resources/stubs","src/Php70/Resources/stubs","src/Php54/Resources/stubs"]},"extra":{"branch-alias":{"dev-master":"1.10-dev"}},"require":{"php":">=5.3.3","ircmaxell/password-compat":"~1.0","paragonie/random_compat":"~1.0|~2.0|~9.99","symfony/intl":"~2.3|~3.0|~4.0"},"require-dev":{"symfony/phpunit-bridge":"~3.2"},"replace":{"symfony/polyfill-apcu":"self.version","symfony/polyfill-ctype":"self.version","symfony/polyfill-php54":"self.version","symfony/polyfill-php55":"self.version","symfony/polyfill-php56":"self.version","symfony/polyfill-php70":"self.version","symfony/polyfill-php71":"self.version","symfony/polyfill-php72":"self.version","symfony/polyfill-php73":"self.version","symfony/polyfill-iconv":"self.version","symfony/polyfill-intl-grapheme":"self.version","symfony/polyfill-intl-icu":"self.version","symfony/polyfill-intl-messageformatter":"self.version","symfony/polyfill-intl-idn":"self.version","symfony/polyfill-intl-normalizer":"self.version","symfony/polyfill-mbstring":"self.version","symfony/polyfill-util":"self.version","symfony/polyfill-xml":"self.version"},"uid":2552386},"v1.11.0":{"name":"symfony/polyfill","description":"Symfony polyfills backporting features to lower PHP versions","keywords":["compatibility","compat","polyfill","shim"],"homepage":"https://symfony.com","version":"v1.11.0","version_normalized":"1.11.0.0","license":["MIT"],"authors":[{"name":"Nicolas Grekas","email":"p@tchwork.com"},{"name":"Symfony Community","homepage":"https://symfony.com/contributors"}],"source":{"type":"git","url":"https://github.com/symfony/polyfill.git","reference":"0d4b1ade474991fb1d629e45f94b4c49cd58c4d7"},"dist":{"type":"zip","url":"https://api.github.com/repos/symfony/polyfill/zipball/0d4b1ade474991fb1d629e45f94b4c49cd58c4d7","reference":"0d4b1ade474991fb1d629e45f94b4c49cd58c4d7","shasum":""},"type":"library","time":"2019-03-22T08:05:47+00:00","autoload":{"psr-4":{"Symfony\\Polyfill\\":"src/"},"files":["src/Apcu/bootstrap.php","src/Ctype/bootstrap.php","src/Php54/bootstrap.php","src/Php55/bootstrap.php","src/Php56/bootstrap.php","src/Php70/bootstrap.php","src/Php71/bootstrap.php","src/Php72/bootstrap.php","src/Php73/bootstrap.php","src/Iconv/bootstrap.php","src/Intl/Grapheme/bootstrap.php","src/Intl/Idn/bootstrap.php","src/Intl/Icu/bootstrap.php","src/Intl/MessageFormatter/bootstrap.php","src/Intl/Normalizer/bootstrap.php","src/Mbstring/bootstrap.php"],"classmap":["src/Intl/MessageFormatter/Resources/stubs","src/Intl/Normalizer/Resources/stubs","src/Php73/Resources/stubs","src/Php70/Resources/stubs","src/Php54/Resources/stubs"]},"extra":{"branch-alias":{"dev-master":"1.11-dev"}},"require":{"php":">=5.3.3","ircmaxell/password-compat":"~1.0","paragonie/random_compat":"~1.0|~2.0|~9.99","symfony/intl":"~2.3|~3.0|~4.0"},"require-dev":{"symfony/phpunit-bridge":"~3.2"},"replace":{"symfony/polyfill-apcu":"self.version","symfony/polyfill-ctype":"self.version","symfony/polyfill-php54":"self.version","symfony/polyfill-php55":"self.version","symfony/polyfill-php56":"self.version","symfony/polyfill-php70":"self.version","symfony/polyfill-php71":"self.version","symfony/polyfill-php72":"self.version","symfony/polyfill-php73":"self.version","symfony/polyfill-iconv":"self.version","symfony/polyfill-intl-grapheme":"self.version","symfony/polyfill-intl-icu":"self.version","symfony/polyfill-intl-messageformatter":"self.version","symfony/polyfill-intl-idn":"self.version","symfony/polyfill-intl-normalizer":"self.version","symfony/polyfill-mbstring":"self.version","symfony/polyfill-util":"self.version","symfony/polyfill-xml":"self.version"},"uid":2850390},"v1.12.0":{"name":"symfony/polyfill","description":"Symfony polyfills backporting features to lower PHP versions","keywords":["compatibility","compat","polyfill","shim"],"homepage":"https://symfony.com","version":"v1.12.0","version_normalized":"1.12.0.0","license":["MIT"],"authors":[{"name":"Nicolas Grekas","email":"p@tchwork.com"},{"name":"Symfony Community","homepage":"https://symfony.com/contributors"}],"source":{"type":"git","url":"https://github.com/symfony/polyfill.git","reference":"e110fdfc055b47447c4f46e76d6eca83055e9a7a"},"dist":{"type":"zip","url":"https://api.github.com/repos/symfony/polyfill/zipball/e110fdfc055b47447c4f46e76d6eca83055e9a7a","reference":"e110fdfc055b47447c4f46e76d6eca83055e9a7a","shasum":""},"type":"library","time":"2019-08-06T08:03:45+00:00","autoload":{"psr-4":{"Symfony\\Polyfill\\":"src/"},"files":["src/Apcu/bootstrap.php","src/Ctype/bootstrap.php","src/Php54/bootstrap.php","src/Php55/bootstrap.php","src/Php56/bootstrap.php","src/Php70/bootstrap.php","src/Php71/bootstrap.php","src/Php72/bootstrap.php","src/Php73/bootstrap.php","src/Php74/bootstrap.php","src/Iconv/bootstrap.php","src/Intl/Grapheme/bootstrap.php","src/Intl/Idn/bootstrap.php","src/Intl/Icu/bootstrap.php","src/Intl/MessageFormatter/bootstrap.php","src/Intl/Normalizer/bootstrap.php","src/Mbstring/bootstrap.php"],"classmap":["src/Intl/MessageFormatter/Resources/stubs","src/Intl/Normalizer/Resources/stubs","src/Php73/Resources/stubs","src/Php70/Resources/stubs","src/Php54/Resources/stubs"]},"extra":{"branch-alias":{"dev-master":"1.12-dev"}},"require":{"php":">=5.3.3","ircmaxell/password-compat":"~1.0","paragonie/random_compat":"~1.0|~2.0|~9.99","symfony/intl":"~2.3|~3.0|~4.0|~5.0"},"require-dev":{"symfony/phpunit-bridge":"~3.2"},"replace":{"symfony/polyfill-apcu":"self.version","symfony/polyfill-ctype":"self.version","symfony/polyfill-php54":"self.version","symfony/polyfill-php55":"self.version","symfony/polyfill-php56":"self.version","symfony/polyfill-php70":"self.version","symfony/polyfill-php71":"self.version","symfony/polyfill-php72":"self.version","symfony/polyfill-php73":"self.version","symfony/polyfill-php74":"self.version","symfony/polyfill-iconv":"self.version","symfony/polyfill-intl-grapheme":"self.version","symfony/polyfill-intl-icu":"self.version","symfony/polyfill-intl-messageformatter":"self.version","symfony/polyfill-intl-idn":"self.version","symfony/polyfill-intl-normalizer":"self.version","symfony/polyfill-mbstring":"self.version","symfony/polyfill-util":"self.version","symfony/polyfill-xml":"self.version"},"uid":3145809},"v1.13.0":{"name":"symfony/polyfill","description":"Symfony polyfills backporting features to lower PHP versions","keywords":["compatibility","compat","polyfill","shim"],"homepage":"https://symfony.com","version":"v1.13.0","version_normalized":"1.13.0.0","license":["MIT"],"authors":[{"name":"Nicolas Grekas","email":"p@tchwork.com"},{"name":"Symfony Community","homepage":"https://symfony.com/contributors"}],"source":{"type":"git","url":"https://github.com/symfony/polyfill.git","reference":"e81b4a674213c933467b61637629bf74adbce8fa"},"dist":{"type":"zip","url":"https://api.github.com/repos/symfony/polyfill/zipball/e81b4a674213c933467b61637629bf74adbce8fa","reference":"e81b4a674213c933467b61637629bf74adbce8fa","shasum":""},"type":"library","time":"2019-11-27T16:56:11+00:00","autoload":{"psr-4":{"Symfony\\Polyfill\\":"src/"},"files":["src/Apcu/bootstrap.php","src/Ctype/bootstrap.php","src/Php54/bootstrap.php","src/Php55/bootstrap.php","src/Php56/bootstrap.php","src/Php70/bootstrap.php","src/Php71/bootstrap.php","src/Php72/bootstrap.php","src/Php73/bootstrap.php","src/Php74/bootstrap.php","src/Iconv/bootstrap.php","src/Intl/Grapheme/bootstrap.php","src/Intl/Idn/bootstrap.php","src/Intl/Icu/bootstrap.php","src/Intl/MessageFormatter/bootstrap.php","src/Intl/Normalizer/bootstrap.php","src/Mbstring/bootstrap.php"],"classmap":["src/Intl/MessageFormatter/Resources/stubs","src/Intl/Normalizer/Resources/stubs","src/Php73/Resources/stubs","src/Php70/Resources/stubs","src/Php54/Resources/stubs"]},"extra":{"branch-alias":{"dev-master":"1.13-dev"}},"require":{"php":">=5.3.3","ircmaxell/password-compat":"~1.0","paragonie/random_compat":"~1.0|~2.0|~9.99","symfony/intl":"~2.3|~3.0|~4.0|~5.0"},"require-dev":{"symfony/phpunit-bridge":"~3.2"},"replace":{"symfony/polyfill-apcu":"self.version","symfony/polyfill-ctype":"self.version","symfony/polyfill-php54":"self.version","symfony/polyfill-php55":"self.version","symfony/polyfill-php56":"self.version","symfony/polyfill-php70":"self.version","symfony/polyfill-php71":"self.version","symfony/polyfill-php72":"self.version","symfony/polyfill-php73":"self.version","symfony/polyfill-php74":"self.version","symfony/polyfill-iconv":"self.version","symfony/polyfill-intl-grapheme":"self.version","symfony/polyfill-intl-icu":"self.version","symfony/polyfill-intl-messageformatter":"self.version","symfony/polyfill-intl-idn":"self.version","symfony/polyfill-intl-normalizer":"self.version","symfony/polyfill-mbstring":"self.version","symfony/polyfill-util":"self.version","symfony/polyfill-uuid":"self.version","symfony/polyfill-xml":"self.version"},"uid":3414506},"v1.13.1":{"name":"symfony/polyfill","description":"Symfony polyfills backporting features to lower PHP versions","keywords":["compatibility","compat","polyfill","shim"],"homepage":"https://symfony.com","version":"v1.13.1","version_normalized":"1.13.1.0","license":["MIT"],"authors":[{"name":"Nicolas Grekas","email":"p@tchwork.com"},{"name":"Symfony Community","homepage":"https://symfony.com/contributors"}],"source":{"type":"git","url":"https://github.com/symfony/polyfill.git","reference":"166bf89d41b02a269701e7a315db335711149d4d"},"dist":{"type":"zip","url":"https://api.github.com/repos/symfony/polyfill/zipball/166bf89d41b02a269701e7a315db335711149d4d","reference":"166bf89d41b02a269701e7a315db335711149d4d","shasum":""},"type":"library","time":"2019-11-30T09:00:48+00:00","autoload":{"psr-4":{"Symfony\\Polyfill\\":"src/"},"files":["src/Apcu/bootstrap.php","src/Ctype/bootstrap.php","src/Php54/bootstrap.php","src/Php55/bootstrap.php","src/Php56/bootstrap.php","src/Php70/bootstrap.php","src/Php71/bootstrap.php","src/Php72/bootstrap.php","src/Php73/bootstrap.php","src/Php74/bootstrap.php","src/Uuid/bootstrap.php","src/Iconv/bootstrap.php","src/Intl/Grapheme/bootstrap.php","src/Intl/Idn/bootstrap.php","src/Intl/Icu/bootstrap.php","src/Intl/MessageFormatter/bootstrap.php","src/Intl/Normalizer/bootstrap.php","src/Mbstring/bootstrap.php"],"classmap":["src/Intl/MessageFormatter/Resources/stubs","src/Intl/Normalizer/Resources/stubs","src/Php73/Resources/stubs","src/Php70/Resources/stubs","src/Php54/Resources/stubs"]},"extra":{"branch-alias":{"dev-master":"1.13-dev"}},"require":{"php":">=5.3.3","ircmaxell/password-compat":"~1.0","paragonie/random_compat":"~1.0|~2.0|~9.99","symfony/intl":"~2.3|~3.0|~4.0|~5.0"},"require-dev":{"symfony/phpunit-bridge":"~3.2"},"replace":{"symfony/polyfill-apcu":"self.version","symfony/polyfill-ctype":"self.version","symfony/polyfill-php54":"self.version","symfony/polyfill-php55":"self.version","symfony/polyfill-php56":"self.version","symfony/polyfill-php70":"self.version","symfony/polyfill-php71":"self.version","symfony/polyfill-php72":"self.version","symfony/polyfill-php73":"self.version","symfony/polyfill-php74":"self.version","symfony/polyfill-iconv":"self.version","symfony/polyfill-intl-grapheme":"self.version","symfony/polyfill-intl-icu":"self.version","symfony/polyfill-intl-messageformatter":"self.version","symfony/polyfill-intl-idn":"self.version","symfony/polyfill-intl-normalizer":"self.version","symfony/polyfill-mbstring":"self.version","symfony/polyfill-util":"self.version","symfony/polyfill-uuid":"self.version","symfony/polyfill-xml":"self.version"},"uid":3420899},"v1.13.2":{"name":"symfony/polyfill","description":"Symfony polyfills backporting features to lower PHP versions","keywords":["compatibility","compat","polyfill","shim"],"homepage":"https://symfony.com","version":"v1.13.2","version_normalized":"1.13.2.0","license":["MIT"],"authors":[{"name":"Nicolas Grekas","email":"p@tchwork.com"},{"name":"Symfony Community","homepage":"https://symfony.com/contributors"}],"source":{"type":"git","url":"https://github.com/symfony/polyfill.git","reference":"296eb984f27c6537c98d49045ee55f58601bf450"},"dist":{"type":"zip","url":"https://api.github.com/repos/symfony/polyfill/zipball/296eb984f27c6537c98d49045ee55f58601bf450","reference":"296eb984f27c6537c98d49045ee55f58601bf450","shasum":""},"type":"library","time":"2020-01-13T11:07:54+00:00","autoload":{"psr-4":{"Symfony\\Polyfill\\":"src/"},"files":["src/Apcu/bootstrap.php","src/Ctype/bootstrap.php","src/Php54/bootstrap.php","src/Php55/bootstrap.php","src/Php56/bootstrap.php","src/Php70/bootstrap.php","src/Php71/bootstrap.php","src/Php72/bootstrap.php","src/Php73/bootstrap.php","src/Php74/bootstrap.php","src/Uuid/bootstrap.php","src/Iconv/bootstrap.php","src/Intl/Grapheme/bootstrap.php","src/Intl/Idn/bootstrap.php","src/Intl/Icu/bootstrap.php","src/Intl/MessageFormatter/bootstrap.php","src/Intl/Normalizer/bootstrap.php","src/Mbstring/bootstrap.php"],"classmap":["src/Intl/MessageFormatter/Resources/stubs","src/Intl/Normalizer/Resources/stubs","src/Php73/Resources/stubs","src/Php70/Resources/stubs","src/Php54/Resources/stubs"]},"extra":{"branch-alias":{"dev-master":"1.13-dev"}},"require":{"php":">=5.3.3","ircmaxell/password-compat":"~1.0","paragonie/random_compat":"~1.0|~2.0|~9.99","symfony/intl":"~2.3|~3.0|~4.0|~5.0"},"require-dev":{"symfony/phpunit-bridge":"~3.2"},"replace":{"symfony/polyfill-apcu":"self.version","symfony/polyfill-ctype":"self.version","symfony/polyfill-php54":"self.version","symfony/polyfill-php55":"self.version","symfony/polyfill-php56":"self.version","symfony/polyfill-php70":"self.version","symfony/polyfill-php71":"self.version","symfony/polyfill-php72":"self.version","symfony/polyfill-php73":"self.version","symfony/polyfill-php74":"self.version","symfony/polyfill-iconv":"self.version","symfony/polyfill-intl-grapheme":"self.version","symfony/polyfill-intl-icu":"self.version","symfony/polyfill-intl-messageformatter":"self.version","symfony/polyfill-intl-idn":"self.version","symfony/polyfill-intl-normalizer":"self.version","symfony/polyfill-mbstring":"self.version","symfony/polyfill-util":"self.version","symfony/polyfill-uuid":"self.version","symfony/polyfill-xml":"self.version"},"uid":3533642}},"symfony/polyfill-intl-idn":{"dev-master":{"name":"symfony/polyfill-intl-idn","description":"Symfony polyfill for intl's idn_to_ascii and idn_to_utf8 functions","keywords":["intl","compatibility","portable","idn","polyfill","shim"],"homepage":"https://symfony.com","version":"dev-master","version_normalized":"9999999-dev","license":["MIT"],"authors":[{"name":"Laurent Bassin","email":"laurent@bassin.info"},{"name":"Symfony Community","homepage":"https://symfony.com/contributors"}],"source":{"type":"git","url":"https://github.com/symfony/polyfill-intl-idn.git","reference":"6842f1a39cf7d580655688069a03dd7cd83d244a"},"dist":{"type":"zip","url":"https://api.github.com/repos/symfony/polyfill-intl-idn/zipball/6842f1a39cf7d580655688069a03dd7cd83d244a","reference":"6842f1a39cf7d580655688069a03dd7cd83d244a","shasum":""},"type":"library","time":"2020-01-17T12:01:36+00:00","autoload":{"psr-4":{"Symfony\\Polyfill\\Intl\\Idn\\":""},"files":["bootstrap.php"]},"extra":{"branch-alias":{"dev-master":"1.14-dev"}},"require":{"php":">=5.3.3","symfony/polyfill-mbstring":"^1.3","symfony/polyfill-php72":"^1.10"},"suggest":{"ext-intl":"For best performance"},"uid":2494859},"v1.10.0":{"name":"symfony/polyfill-intl-idn","description":"Symfony polyfill for intl's idn_to_ascii and idn_to_utf8 functions","keywords":["intl","compatibility","portable","idn","polyfill","shim"],"homepage":"https://symfony.com","version":"v1.10.0","version_normalized":"1.10.0.0","license":["MIT"],"authors":[{"name":"Symfony Community","homepage":"https://symfony.com/contributors"},{"name":"Laurent Bassin","email":"laurent@bassin.info"}],"source":{"type":"git","url":"https://github.com/symfony/polyfill-intl-idn.git","reference":"89de1d44f2c059b266f22c9cc9124ddc4cd0987a"},"dist":{"type":"zip","url":"https://api.github.com/repos/symfony/polyfill-intl-idn/zipball/89de1d44f2c059b266f22c9cc9124ddc4cd0987a","reference":"89de1d44f2c059b266f22c9cc9124ddc4cd0987a","shasum":""},"type":"library","time":"2018-09-30T16:36:12+00:00","autoload":{"psr-4":{"Symfony\\Polyfill\\Intl\\Idn\\":""},"files":["bootstrap.php"]},"extra":{"branch-alias":{"dev-master":"1.9-dev"}},"require":{"php":">=5.3.3","symfony/polyfill-mbstring":"^1.3","symfony/polyfill-php72":"^1.9"},"suggest":{"ext-intl":"For best performance"},"uid":2552397},"v1.11.0":{"name":"symfony/polyfill-intl-idn","description":"Symfony polyfill for intl's idn_to_ascii and idn_to_utf8 functions","keywords":["intl","compatibility","portable","idn","polyfill","shim"],"homepage":"https://symfony.com","version":"v1.11.0","version_normalized":"1.11.0.0","license":["MIT"],"authors":[{"name":"Symfony Community","homepage":"https://symfony.com/contributors"},{"name":"Laurent Bassin","email":"laurent@bassin.info"}],"source":{"type":"git","url":"https://github.com/symfony/polyfill-intl-idn.git","reference":"c766e95bec706cdd89903b1eda8afab7d7a6b7af"},"dist":{"type":"zip","url":"https://api.github.com/repos/symfony/polyfill-intl-idn/zipball/c766e95bec706cdd89903b1eda8afab7d7a6b7af","reference":"c766e95bec706cdd89903b1eda8afab7d7a6b7af","shasum":""},"type":"library","time":"2019-03-04T13:44:35+00:00","autoload":{"psr-4":{"Symfony\\Polyfill\\Intl\\Idn\\":""},"files":["bootstrap.php"]},"extra":{"branch-alias":{"dev-master":"1.9-dev"}},"require":{"php":">=5.3.3","symfony/polyfill-mbstring":"^1.3","symfony/polyfill-php72":"^1.9"},"suggest":{"ext-intl":"For best performance"},"uid":2850399},"v1.12.0":{"name":"symfony/polyfill-intl-idn","description":"Symfony polyfill for intl's idn_to_ascii and idn_to_utf8 functions","keywords":["intl","compatibility","portable","idn","polyfill","shim"],"homepage":"https://symfony.com","version":"v1.12.0","version_normalized":"1.12.0.0","license":["MIT"],"authors":[{"name":"Laurent Bassin","email":"laurent@bassin.info"},{"name":"Symfony Community","homepage":"https://symfony.com/contributors"}],"source":{"type":"git","url":"https://github.com/symfony/polyfill-intl-idn.git","reference":"6af626ae6fa37d396dc90a399c0ff08e5cfc45b2"},"dist":{"type":"zip","url":"https://api.github.com/repos/symfony/polyfill-intl-idn/zipball/6af626ae6fa37d396dc90a399c0ff08e5cfc45b2","reference":"6af626ae6fa37d396dc90a399c0ff08e5cfc45b2","shasum":""},"type":"library","time":"2019-08-06T08:03:45+00:00","autoload":{"psr-4":{"Symfony\\Polyfill\\Intl\\Idn\\":""},"files":["bootstrap.php"]},"extra":{"branch-alias":{"dev-master":"1.12-dev"}},"require":{"php":">=5.3.3","symfony/polyfill-mbstring":"^1.3","symfony/polyfill-php72":"^1.9"},"suggest":{"ext-intl":"For best performance"},"uid":3145827},"v1.13.0":{"name":"symfony/polyfill-intl-idn","description":"Symfony polyfill for intl's idn_to_ascii and idn_to_utf8 functions","keywords":["intl","compatibility","portable","idn","polyfill","shim"],"homepage":"https://symfony.com","version":"v1.13.0","version_normalized":"1.13.0.0","license":["MIT"],"authors":[{"name":"Laurent Bassin","email":"laurent@bassin.info"},{"name":"Symfony Community","homepage":"https://symfony.com/contributors"}],"source":{"type":"git","url":"https://github.com/symfony/polyfill-intl-idn.git","reference":"6f9c239e61e1b0c9229a28ff89a812dc449c3d46"},"dist":{"type":"zip","url":"https://api.github.com/repos/symfony/polyfill-intl-idn/zipball/6f9c239e61e1b0c9229a28ff89a812dc449c3d46","reference":"6f9c239e61e1b0c9229a28ff89a812dc449c3d46","shasum":""},"type":"library","time":"2019-11-27T13:56:44+00:00","autoload":{"psr-4":{"Symfony\\Polyfill\\Intl\\Idn\\":""},"files":["bootstrap.php"]},"extra":{"branch-alias":{"dev-master":"1.13-dev"}},"require":{"php":">=5.3.3","symfony/polyfill-mbstring":"^1.3","symfony/polyfill-php72":"^1.9"},"suggest":{"ext-intl":"For best performance"},"uid":3414535},"v1.13.1":{"name":"symfony/polyfill-intl-idn","description":"Symfony polyfill for intl's idn_to_ascii and idn_to_utf8 functions","keywords":["intl","compatibility","portable","idn","polyfill","shim"],"homepage":"https://symfony.com","version":"v1.13.1","version_normalized":"1.13.1.0","license":["MIT"],"authors":[{"name":"Laurent Bassin","email":"laurent@bassin.info"},{"name":"Symfony Community","homepage":"https://symfony.com/contributors"}],"source":{"type":"git","url":"https://github.com/symfony/polyfill-intl-idn.git","reference":"6f9c239e61e1b0c9229a28ff89a812dc449c3d46"},"dist":{"type":"zip","url":"https://api.github.com/repos/symfony/polyfill-intl-idn/zipball/6f9c239e61e1b0c9229a28ff89a812dc449c3d46","reference":"6f9c239e61e1b0c9229a28ff89a812dc449c3d46","shasum":""},"type":"library","time":"2019-11-27T13:56:44+00:00","autoload":{"psr-4":{"Symfony\\Polyfill\\Intl\\Idn\\":""},"files":["bootstrap.php"]},"extra":{"branch-alias":{"dev-master":"1.13-dev"}},"require":{"php":">=5.3.3","symfony/polyfill-mbstring":"^1.3","symfony/polyfill-php72":"^1.9"},"suggest":{"ext-intl":"For best performance"},"uid":3420907}}}}