{"packages":{"phpspec/prophecy":{"1.1.2":{"name":"phpspec/prophecy","description":"Highly opinionated mocking framework for PHP 5.3+","keywords":["mock","stub","fake","spy","Dummy","Double"],"homepage":"http://phpspec.org","version":"1.1.2","version_normalized":"1.1.2.0","license":["MIT"],"authors":[{"name":"Konstantin Kudryashov","email":"ever.zet@gmail.com","homepage":"http://everzet.com"},{"name":"Marcello Duarte","email":"marcello.duarte@gmail.com"}],"source":{"type":"git","url":"https://github.com/phpspec/prophecy.git","reference":"976a65af02a2a0e17ce6c949f7b43437205628bb"},"dist":{"type":"zip","url":"https://api.github.com/repos/phpspec/prophecy/zipball/976a65af02a2a0e17ce6c949f7b43437205628bb","reference":"976a65af02a2a0e17ce6c949f7b43437205628bb","shasum":""},"type":"library","time":"2014-01-24T11:03:43+00:00","autoload":{"psr-0":{"Prophecy\\":"src/"}},"extra":{"branch-alias":{"dev-master":"1.1.x-dev"}},"require-dev":{"phpspec/phpspec":"2.0.*"},"uid":124498},"1.10.0":{"name":"phpspec/prophecy","description":"Highly opinionated mocking framework for PHP 5.3+","keywords":["mock","stub","fake","spy","Dummy","Double"],"homepage":"https://github.com/phpspec/prophecy","version":"1.10.0","version_normalized":"1.10.0.0","license":["MIT"],"authors":[{"name":"Konstantin Kudryashov","email":"ever.zet@gmail.com","homepage":"http://everzet.com"},{"name":"Marcello Duarte","email":"marcello.duarte@gmail.com"}],"source":{"type":"git","url":"https://github.com/phpspec/prophecy.git","reference":"d638ebbb58daba25a6a0dc7969e1358a0e3c6682"},"dist":{"type":"zip","url":"https://api.github.com/repos/phpspec/prophecy/zipball/d638ebbb58daba25a6a0dc7969e1358a0e3c6682","reference":"d638ebbb58daba25a6a0dc7969e1358a0e3c6682","shasum":""},"type":"library","time":"2019-12-17T16:54:23+00:00","autoload":{"psr-4":{"Prophecy\\":"src/Prophecy"}},"extra":{"branch-alias":{"dev-master":"1.10.x-dev"}},"require":{"php":"^5.3|^7.0","phpdocumentor/reflection-docblock":"^2.0|^3.0.2|^4.0|^5.0","sebastian/comparator":"^1.2.3|^2.0|^3.0","doctrine/instantiator":"^1.0.2","sebastian/recursion-context":"^1.0|^2.0|^3.0"},"require-dev":{"phpspec/phpspec":"^2.5 || ^3.2","phpunit/phpunit":"^4.8.35 || ^5.7 || ^6.5 || ^7.1"},"uid":3465033},"1.10.1":{"name":"phpspec/prophecy","description":"Highly opinionated mocking framework for PHP 5.3+","keywords":["mock","stub","fake","spy","Dummy","Double"],"homepage":"https://github.com/phpspec/prophecy","version":"1.10.1","version_normalized":"1.10.1.0","license":["MIT"],"authors":[{"name":"Konstantin Kudryashov","email":"ever.zet@gmail.com","homepage":"http://everzet.com"},{"name":"Marcello Duarte","email":"marcello.duarte@gmail.com"}],"source":{"type":"git","url":"https://github.com/phpspec/prophecy.git","reference":"cbe1df668b3fe136bcc909126a0f529a78d4cbbc"},"dist":{"type":"zip","url":"https://api.github.com/repos/phpspec/prophecy/zipball/cbe1df668b3fe136bcc909126a0f529a78d4cbbc","reference":"cbe1df668b3fe136bcc909126a0f529a78d4cbbc","shasum":""},"type":"library","time":"2019-12-22T21:05:45+00:00","autoload":{"psr-4":{"Prophecy\\":"src/Prophecy"}},"extra":{"branch-alias":{"dev-master":"1.10.x-dev"}},"require":{"php":"^5.3|^7.0","phpdocumentor/reflection-docblock":"^2.0|^3.0.2|^4.0|^5.0","sebastian/comparator":"^1.2.3|^2.0|^3.0","doctrine/instantiator":"^1.0.2","sebastian/recursion-context":"^1.0|^2.0|^3.0"},"require-dev":{"phpspec/phpspec":"^2.5 || ^3.2","phpunit/phpunit":"^4.8.35 || ^5.7 || ^6.5 || ^7.1"},"uid":3477926},"1.4.0":{"name":"phpspec/prophecy","description":"Highly opinionated mocking framework for PHP 5.3+","keywords":["mock","stub","fake","spy","Dummy","Double"],"homepage":"https://github.com/phpspec/prophecy","version":"1.4.0","version_normalized":"1.4.0.0","license":["MIT"],"authors":[{"name":"Konstantin Kudryashov","email":"ever.zet@gmail.com","homepage":"http://everzet.com"},{"name":"Marcello Duarte","email":"marcello.duarte@gmail.com"}],"source":{"type":"git","url":"https://github.com/phpspec/prophecy.git","reference":"8724cd239f8ef4c046f55a3b18b4d91cc7f3e4c5"},"dist":{"type":"zip","url":"https://api.github.com/repos/phpspec/prophecy/zipball/8724cd239f8ef4c046f55a3b18b4d91cc7f3e4c5","reference":"8724cd239f8ef4c046f55a3b18b4d91cc7f3e4c5","shasum":""},"type":"library","time":"2015-03-27T19:31:25+00:00","autoload":{"psr-0":{"Prophecy\\":"src/"}},"extra":{"branch-alias":{"dev-master":"1.4.x-dev"}},"require":{"phpdocumentor/reflection-docblock":"~2.0","sebastian/comparator":"~1.1","doctrine/instantiator":"^1.0.2"},"require-dev":{"phpspec/phpspec":"~2.0"},"uid":368007},"1.7.3":{"name":"phpspec/prophecy","description":"Highly opinionated mocking framework for PHP 5.3+","keywords":["mock","stub","fake","spy","Dummy","Double"],"homepage":"https://github.com/phpspec/prophecy","version":"1.7.3","version_normalized":"1.7.3.0","license":["MIT"],"authors":[{"name":"Konstantin Kudryashov","email":"ever.zet@gmail.com","homepage":"http://everzet.com"},{"name":"Marcello Duarte","email":"marcello.duarte@gmail.com"}],"source":{"type":"git","url":"https://github.com/phpspec/prophecy.git","reference":"e4ed002c67da8eceb0eb8ddb8b3847bb53c5c2bf"},"dist":{"type":"zip","url":"https://api.github.com/repos/phpspec/prophecy/zipball/e4ed002c67da8eceb0eb8ddb8b3847bb53c5c2bf","reference":"e4ed002c67da8eceb0eb8ddb8b3847bb53c5c2bf","shasum":""},"type":"library","time":"2017-11-24T13:59:53+00:00","autoload":{"psr-0":{"Prophecy\\":"src/"}},"extra":{"branch-alias":{"dev-master":"1.7.x-dev"}},"require":{"php":"^5.3|^7.0","phpdocumentor/reflection-docblock":"^2.0|^3.0.2|^4.0","sebastian/comparator":"^1.1|^2.0","doctrine/instantiator":"^1.0.2","sebastian/recursion-context":"^1.0|^2.0|^3.0"},"require-dev":{"phpspec/phpspec":"^2.5|^3.2","phpunit/phpunit":"^4.8.35 || ^5.7"},"uid":1746461},"1.7.4":{"name":"phpspec/prophecy","description":"Highly opinionated mocking framework for PHP 5.3+","keywords":["mock","stub","fake","spy","Dummy","Double"],"homepage":"https://github.com/phpspec/prophecy","version":"1.7.4","version_normalized":"1.7.4.0","license":["MIT"],"authors":[{"name":"Konstantin Kudryashov","email":"ever.zet@gmail.com","homepage":"http://everzet.com"},{"name":"Marcello Duarte","email":"marcello.duarte@gmail.com"}],"source":{"type":"git","url":"https://github.com/phpspec/prophecy.git","reference":"9f901e29c93dae4aa77c0bb161df4276f9c9a1be"},"dist":{"type":"zip","url":"https://api.github.com/repos/phpspec/prophecy/zipball/9f901e29c93dae4aa77c0bb161df4276f9c9a1be","reference":"9f901e29c93dae4aa77c0bb161df4276f9c9a1be","shasum":""},"type":"library","time":"2018-02-11T18:49:29+00:00","autoload":{"psr-0":{"Prophecy\\":"src/"}},"extra":{"branch-alias":{"dev-master":"1.7.x-dev"}},"require":{"php":"^5.3|^7.0","phpdocumentor/reflection-docblock":"^2.0|^3.0.2|^4.0","sebastian/comparator":"^1.1|^2.0","doctrine/instantiator":"^1.0.2","sebastian/recursion-context":"^1.0|^2.0|^3.0"},"require-dev":{"phpspec/phpspec":"^2.5|^3.2","phpunit/phpunit":"^4.8.35 || ^5.7 || ^6.5"},"uid":1908397},"1.7.5":{"name":"phpspec/prophecy","description":"Highly opinionated mocking framework for PHP 5.3+","keywords":["mock","stub","fake","spy","Dummy","Double"],"homepage":"https://github.com/phpspec/prophecy","version":"1.7.5","version_normalized":"1.7.5.0","license":["MIT"],"authors":[{"name":"Konstantin Kudryashov","email":"ever.zet@gmail.com","homepage":"http://everzet.com"},{"name":"Marcello Duarte","email":"marcello.duarte@gmail.com"}],"source":{"type":"git","url":"https://github.com/phpspec/prophecy.git","reference":"dfd6be44111a7c41c2e884a336cc4f461b3b2401"},"dist":{"type":"zip","url":"https://api.github.com/repos/phpspec/prophecy/zipball/dfd6be44111a7c41c2e884a336cc4f461b3b2401","reference":"dfd6be44111a7c41c2e884a336cc4f461b3b2401","shasum":""},"type":"library","time":"2018-02-19T10:16:54+00:00","autoload":{"psr-0":{"Prophecy\\":"src/"}},"extra":{"branch-alias":{"dev-master":"1.7.x-dev"}},"require":{"php":"^5.3|^7.0","phpdocumentor/reflection-docblock":"^2.0|^3.0.2|^4.0","sebastian/comparator":"^1.1|^2.0","doctrine/instantiator":"^1.0.2","sebastian/recursion-context":"^1.0|^2.0|^3.0"},"require-dev":{"phpspec/phpspec":"^2.5|^3.2","phpunit/phpunit":"^4.8.35 || ^5.7 || ^6.5"},"uid":1925591},"1.7.6":{"name":"phpspec/prophecy","description":"Highly opinionated mocking framework for PHP 5.3+","keywords":["mock","stub","fake","spy","Dummy","Double"],"homepage":"https://github.com/phpspec/prophecy","version":"1.7.6","version_normalized":"1.7.6.0","license":["MIT"],"authors":[{"name":"Konstantin Kudryashov","email":"ever.zet@gmail.com","homepage":"http://everzet.com"},{"name":"Marcello Duarte","email":"marcello.duarte@gmail.com"}],"source":{"type":"git","url":"https://github.com/phpspec/prophecy.git","reference":"33a7e3c4fda54e912ff6338c48823bd5c0f0b712"},"dist":{"type":"zip","url":"https://api.github.com/repos/phpspec/prophecy/zipball/33a7e3c4fda54e912ff6338c48823bd5c0f0b712","reference":"33a7e3c4fda54e912ff6338c48823bd5c0f0b712","shasum":""},"type":"library","time":"2018-04-18T13:57:24+00:00","autoload":{"psr-0":{"Prophecy\\":"src/"}},"extra":{"branch-alias":{"dev-master":"1.7.x-dev"}},"require":{"php":"^5.3|^7.0","phpdocumentor/reflection-docblock":"^2.0|^3.0.2|^4.0","sebastian/comparator":"^1.1|^2.0|^3.0","doctrine/instantiator":"^1.0.2","sebastian/recursion-context":"^1.0|^2.0|^3.0"},"require-dev":{"phpspec/phpspec":"^2.5|^3.2","phpunit/phpunit":"^4.8.35 || ^5.7 || ^6.5"},"uid":2109063},"1.8.0":{"name":"phpspec/prophecy","description":"Highly opinionated mocking framework for PHP 5.3+","keywords":["mock","stub","fake","spy","Dummy","Double"],"homepage":"https://github.com/phpspec/prophecy","version":"1.8.0","version_normalized":"1.8.0.0","license":["MIT"],"authors":[{"name":"Konstantin Kudryashov","email":"ever.zet@gmail.com","homepage":"http://everzet.com"},{"name":"Marcello Duarte","email":"marcello.duarte@gmail.com"}],"source":{"type":"git","url":"https://github.com/phpspec/prophecy.git","reference":"4ba436b55987b4bf311cb7c6ba82aa528aac0a06"},"dist":{"type":"zip","url":"https://api.github.com/repos/phpspec/prophecy/zipball/4ba436b55987b4bf311cb7c6ba82aa528aac0a06","reference":"4ba436b55987b4bf311cb7c6ba82aa528aac0a06","shasum":""},"type":"library","time":"2018-08-05T17:53:17+00:00","autoload":{"psr-0":{"Prophecy\\":"src/"}},"extra":{"branch-alias":{"dev-master":"1.8.x-dev"}},"require":{"php":"^5.3|^7.0","phpdocumentor/reflection-docblock":"^2.0|^3.0.2|^4.0","sebastian/comparator":"^1.1|^2.0|^3.0","doctrine/instantiator":"^1.0.2","sebastian/recursion-context":"^1.0|^2.0|^3.0"},"require-dev":{"phpspec/phpspec":"^2.5|^3.2","phpunit/phpunit":"^4.8.35 || ^5.7 || ^6.5 || ^7.1"},"uid":2383351},"1.8.1":{"name":"phpspec/prophecy","description":"Highly opinionated mocking framework for PHP 5.3+","keywords":["mock","stub","fake","spy","Dummy","Double"],"homepage":"https://github.com/phpspec/prophecy","version":"1.8.1","version_normalized":"1.8.1.0","license":["MIT"],"authors":[{"name":"Konstantin Kudryashov","email":"ever.zet@gmail.com","homepage":"http://everzet.com"},{"name":"Marcello Duarte","email":"marcello.duarte@gmail.com"}],"source":{"type":"git","url":"https://github.com/phpspec/prophecy.git","reference":"1927e75f4ed19131ec9bcc3b002e07fb1173ee76"},"dist":{"type":"zip","url":"https://api.github.com/repos/phpspec/prophecy/zipball/1927e75f4ed19131ec9bcc3b002e07fb1173ee76","reference":"1927e75f4ed19131ec9bcc3b002e07fb1173ee76","shasum":""},"type":"library","time":"2019-06-13T12:50:23+00:00","autoload":{"psr-4":{"Prophecy\\":"src/Prophecy"}},"extra":{"branch-alias":{"dev-master":"1.8.x-dev"}},"require":{"php":"^5.3|^7.0","phpdocumentor/reflection-docblock":"^2.0|^3.0.2|^4.0","sebastian/comparator":"^1.1|^2.0|^3.0","doctrine/instantiator":"^1.0.2","sebastian/recursion-context":"^1.0|^2.0|^3.0"},"require-dev":{"phpspec/phpspec":"^2.5|^3.2","phpunit/phpunit":"^4.8.35 || ^5.7 || ^6.5 || ^7.1"},"uid":3033617},"1.9.0":{"name":"phpspec/prophecy","description":"Highly opinionated mocking framework for PHP 5.3+","keywords":["mock","stub","fake","spy","Dummy","Double"],"homepage":"https://github.com/phpspec/prophecy","version":"1.9.0","version_normalized":"1.9.0.0","license":["MIT"],"authors":[{"name":"Konstantin Kudryashov","email":"ever.zet@gmail.com","homepage":"http://everzet.com"},{"name":"Marcello Duarte","email":"marcello.duarte@gmail.com"}],"source":{"type":"git","url":"https://github.com/phpspec/prophecy.git","reference":"f6811d96d97bdf400077a0cc100ae56aa32b9203"},"dist":{"type":"zip","url":"https://api.github.com/repos/phpspec/prophecy/zipball/f6811d96d97bdf400077a0cc100ae56aa32b9203","reference":"f6811d96d97bdf400077a0cc100ae56aa32b9203","shasum":""},"type":"library","time":"2019-10-03T11:07:50+00:00","autoload":{"psr-4":{"Prophecy\\":"src/Prophecy"}},"extra":{"branch-alias":{"dev-master":"1.8.x-dev"}},"require":{"php":"^5.3|^7.0","phpdocumentor/reflection-docblock":"^2.0|^3.0.2|^4.0|^5.0","sebastian/comparator":"^1.1|^2.0|^3.0","doctrine/instantiator":"^1.0.2","sebastian/recursion-context":"^1.0|^2.0|^3.0"},"require-dev":{"phpspec/phpspec":"^2.5|^3.2","phpunit/phpunit":"^4.8.35 || ^5.7 || ^6.5 || ^7.1"},"uid":3275513},"dev-master":{"name":"phpspec/prophecy","description":"Highly opinionated mocking framework for PHP 5.3+","keywords":["mock","stub","fake","spy","Dummy","Double"],"homepage":"https://github.com/phpspec/prophecy","version":"dev-master","version_normalized":"9999999-dev","license":["MIT"],"authors":[{"name":"Konstantin Kudryashov","email":"ever.zet@gmail.com","homepage":"http://everzet.com"},{"name":"Marcello Duarte","email":"marcello.duarte@gmail.com"}],"source":{"type":"git","url":"https://github.com/phpspec/prophecy.git","reference":"b4400efc9d206e83138e2bb97ed7f5b14b831cd9"},"dist":{"type":"zip","url":"https://api.github.com/repos/phpspec/prophecy/zipball/b4400efc9d206e83138e2bb97ed7f5b14b831cd9","reference":"b4400efc9d206e83138e2bb97ed7f5b14b831cd9","shasum":""},"type":"library","time":"2020-01-20T15:57:02+00:00","autoload":{"psr-4":{"Prophecy\\":"src/Prophecy"}},"extra":{"branch-alias":{"dev-master":"1.10.x-dev"}},"require":{"doctrine/instantiator":"^1.0.2","php":"^5.3|^7.0","phpdocumentor/reflection-docblock":"^2.0|^3.0.2|^4.0|^5.0","sebastian/comparator":"^1.2.3|^2.0|^3.0|^4.0","sebastian/recursion-context":"^1.0|^2.0|^3.0|^4.0"},"require-dev":{"phpunit/phpunit":"^4.8.35 || ^5.7 || ^6.5 || ^7.1","phpspec/phpspec":"^2.5 || ^3.2"},"uid":44840},"v1.0.0":{"name":"phpspec/prophecy","description":"Highly opinionated mocking framework for PHP 5.3+","keywords":["mock","stub","fake","spy","Dummy","Double"],"homepage":"http://phpspec.org","version":"v1.0.0","version_normalized":"1.0.0.0","license":["MIT"],"authors":[{"name":"Konstantin Kudryashov","email":"ever.zet@gmail.com","homepage":"http://everzet.com"},{"name":"Marcello Duarte","email":"marcello.duarte@gmail.com"}],"source":{"type":"git","url":"https://github.com/phpspec/prophecy.git","reference":"a92cfa21cfddb392473ecc8f981b7529fb30d02c"},"dist":{"type":"zip","url":"https://api.github.com/repos/phpspec/prophecy/zipball/a92cfa21cfddb392473ecc8f981b7529fb30d02c","reference":"a92cfa21cfddb392473ecc8f981b7529fb30d02c","shasum":""},"type":"library","time":"2013-04-29T15:35:46+00:00","autoload":{"psr-0":{"Prophecy\\":"src/"}},"extra":{"branch-alias":{"dev-master":"1.0.x-dev"}},"require-dev":{"phpspec/phpspec2":"dev-develop"},"uid":51649},"v1.0.0-BETA1":{"name":"phpspec/prophecy","description":"Highly opinionated mocking framework for PHP 5.3+","keywords":["mock","stub","fake","spy","Dummy","Double"],"homepage":"http://phpspec.org","version":"v1.0.0-BETA1","version_normalized":"1.0.0.0-beta1","license":["MIT"],"authors":[{"name":"Konstantin Kudryashov","email":"ever.zet@gmail.com","homepage":"http://everzet.com"},{"name":"Marcello Duarte","email":"marcello.duarte@gmail.com"}],"source":{"type":"git","url":"https://github.com/phpspec/prophecy.git","reference":"c9d2101d94b71d00f394d6b088026836abc1d2ce"},"dist":{"type":"zip","url":"https://api.github.com/repos/phpspec/prophecy/zipball/c9d2101d94b71d00f394d6b088026836abc1d2ce","reference":"c9d2101d94b71d00f394d6b088026836abc1d2ce","shasum":""},"type":"library","time":"2013-03-25T11:41:31+00:00","autoload":{"psr-0":{"Prophecy":"src/"}},"require-dev":{"phpspec/phpspec2":"dev-develop"},"uid":44839},"v1.0.0-BETA2":{"name":"phpspec/prophecy","description":"Highly opinionated mocking framework for PHP 5.3+","keywords":["mock","stub","fake","spy","Dummy","Double"],"homepage":"http://phpspec.org","version":"v1.0.0-BETA2","version_normalized":"1.0.0.0-beta2","license":["MIT"],"authors":[{"name":"Konstantin Kudryashov","email":"ever.zet@gmail.com","homepage":"http://everzet.com"},{"name":"Marcello Duarte","email":"marcello.duarte@gmail.com"}],"source":{"type":"git","url":"https://github.com/phpspec/prophecy.git","reference":"c423d8122bba960f3a976b2aabf66268656c3700"},"dist":{"type":"zip","url":"https://api.github.com/repos/phpspec/prophecy/zipball/c423d8122bba960f3a976b2aabf66268656c3700","reference":"c423d8122bba960f3a976b2aabf66268656c3700","shasum":""},"type":"library","time":"2013-04-03T09:25:21+00:00","autoload":{"psr-0":{"Prophecy\\":"src/"}},"extra":{"branch-alias":{"dev-master":"1.0.x-dev"}},"require-dev":{"phpspec/phpspec2":"dev-develop"},"uid":46653},"v1.0.1":{"name":"phpspec/prophecy","description":"Highly opinionated mocking framework for PHP 5.3+","keywords":["mock","stub","fake","spy","Dummy","Double"],"homepage":"http://phpspec.org","version":"v1.0.1","version_normalized":"1.0.1.0","license":["MIT"],"authors":[{"name":"Konstantin Kudryashov","email":"ever.zet@gmail.com","homepage":"http://everzet.com"},{"name":"Marcello Duarte","email":"marcello.duarte@gmail.com"}],"source":{"type":"git","url":"https://github.com/phpspec/prophecy.git","reference":"de83666fe7f9cb3b8b256e1a627527ec7dca1e4e"},"dist":{"type":"zip","url":"https://api.github.com/repos/phpspec/prophecy/zipball/de83666fe7f9cb3b8b256e1a627527ec7dca1e4e","reference":"de83666fe7f9cb3b8b256e1a627527ec7dca1e4e","shasum":""},"type":"library","time":"2013-04-30T08:47:47+00:00","autoload":{"psr-0":{"Prophecy\\":"src/"}},"extra":{"branch-alias":{"dev-master":"1.0.x-dev"}},"require-dev":{"phpspec/phpspec2":"dev-develop"},"uid":51791},"v1.0.2":{"name":"phpspec/prophecy","description":"Highly opinionated mocking framework for PHP 5.3+","keywords":["mock","stub","fake","spy","Dummy","Double"],"homepage":"http://phpspec.org","version":"v1.0.2","version_normalized":"1.0.2.0","license":["MIT"],"authors":[{"name":"Konstantin Kudryashov","email":"ever.zet@gmail.com","homepage":"http://everzet.com"},{"name":"Marcello Duarte","email":"marcello.duarte@gmail.com"}],"source":{"type":"git","url":"https://github.com/phpspec/prophecy.git","reference":"3403012d07a0b55eeaddedef334a22f422cc3fd4"},"dist":{"type":"zip","url":"https://api.github.com/repos/phpspec/prophecy/zipball/3403012d07a0b55eeaddedef334a22f422cc3fd4","reference":"3403012d07a0b55eeaddedef334a22f422cc3fd4","shasum":""},"type":"library","time":"2013-05-19T10:12:33+00:00","autoload":{"psr-0":{"Prophecy\\":"src/"}},"extra":{"branch-alias":{"dev-master":"1.0.x-dev"}},"require-dev":{"phpspec/phpspec":"2.0.*"},"uid":56274},"v1.0.3":{"name":"phpspec/prophecy","description":"Highly opinionated mocking framework for PHP 5.3+","keywords":["mock","stub","fake","spy","Dummy","Double"],"homepage":"http://phpspec.org","version":"v1.0.3","version_normalized":"1.0.3.0","license":["MIT"],"authors":[{"name":"Konstantin Kudryashov","email":"ever.zet@gmail.com","homepage":"http://everzet.com"},{"name":"Marcello Duarte","email":"marcello.duarte@gmail.com"}],"source":{"type":"git","url":"https://github.com/phpspec/prophecy.git","reference":"83ba2c1ca1d8a62bdf8b2cf92a9cc44aa19fb3a8"},"dist":{"type":"zip","url":"https://api.github.com/repos/phpspec/prophecy/zipball/83ba2c1ca1d8a62bdf8b2cf92a9cc44aa19fb3a8","reference":"83ba2c1ca1d8a62bdf8b2cf92a9cc44aa19fb3a8","shasum":""},"type":"library","time":"2013-07-04T20:06:04+00:00","autoload":{"psr-0":{"Prophecy\\":"src/"}},"extra":{"branch-alias":{"dev-master":"1.0.x-dev"}},"require-dev":{"phpspec/phpspec":"2.0.*"},"uid":66884},"v1.0.4":{"name":"phpspec/prophecy","description":"Highly opinionated mocking framework for PHP 5.3+","keywords":["mock","stub","fake","spy","Dummy","Double"],"homepage":"http://phpspec.org","version":"v1.0.4","version_normalized":"1.0.4.0","license":["MIT"],"authors":[{"name":"Konstantin Kudryashov","email":"ever.zet@gmail.com","homepage":"http://everzet.com"},{"name":"Marcello Duarte","email":"marcello.duarte@gmail.com"}],"source":{"type":"git","url":"https://github.com/phpspec/prophecy.git","reference":"79d9c8bd94801bffbf9b56964f6438762da6d8cd"},"dist":{"type":"zip","url":"https://api.github.com/repos/phpspec/prophecy/zipball/79d9c8bd94801bffbf9b56964f6438762da6d8cd","reference":"79d9c8bd94801bffbf9b56964f6438762da6d8cd","shasum":""},"type":"library","time":"2013-08-10T11:11:45+00:00","autoload":{"psr-0":{"Prophecy\\":"src/"}},"extra":{"branch-alias":{"dev-master":"1.0.x-dev"}},"require-dev":{"phpspec/phpspec":"2.0.*"},"uid":75678},"v1.1.0":{"name":"phpspec/prophecy","description":"Highly opinionated mocking framework for PHP 5.3+","keywords":["mock","stub","fake","spy","Dummy","Double"],"homepage":"http://phpspec.org","version":"v1.1.0","version_normalized":"1.1.0.0","license":["MIT"],"authors":[{"name":"Konstantin Kudryashov","email":"ever.zet@gmail.com","homepage":"http://everzet.com"},{"name":"Marcello Duarte","email":"marcello.duarte@gmail.com"}],"source":{"type":"git","url":"https://github.com/phpspec/prophecy.git","reference":"119b07de9c592a0286cd584d6e961903ba096d8a"},"dist":{"type":"zip","url":"https://api.github.com/repos/phpspec/prophecy/zipball/119b07de9c592a0286cd584d6e961903ba096d8a","reference":"119b07de9c592a0286cd584d6e961903ba096d8a","shasum":""},"type":"library","time":"2014-01-01T21:15:36+00:00","autoload":{"psr-0":{"Prophecy\\":"src/"}},"extra":{"branch-alias":{"dev-master":"1.1.x-dev"}},"require-dev":{"phpspec/phpspec":"2.0.*"},"uid":115609},"v1.1.1":{"name":"phpspec/prophecy","description":"Highly opinionated mocking framework for PHP 5.3+","keywords":["mock","stub","fake","spy","Dummy","Double"],"homepage":"http://phpspec.org","version":"v1.1.1","version_normalized":"1.1.1.0","license":["MIT"],"authors":[{"name":"Konstantin Kudryashov","email":"ever.zet@gmail.com","homepage":"http://everzet.com"},{"name":"Marcello Duarte","email":"marcello.duarte@gmail.com"}],"source":{"type":"git","url":"https://github.com/phpspec/prophecy.git","reference":"fc5ddee4879dfcee788d9cb4b92af9028bc3d7e8"},"dist":{"type":"zip","url":"https://api.github.com/repos/phpspec/prophecy/zipball/fc5ddee4879dfcee788d9cb4b92af9028bc3d7e8","reference":"fc5ddee4879dfcee788d9cb4b92af9028bc3d7e8","shasum":""},"type":"library","time":"2014-01-15T15:06:06+00:00","autoload":{"psr-0":{"Prophecy\\":"src/"}},"extra":{"branch-alias":{"dev-master":"1.1.x-dev"}},"require-dev":{"phpspec/phpspec":"2.0.*"},"uid":120917},"v1.10.2":{"name":"phpspec/prophecy","description":"Highly opinionated mocking framework for PHP 5.3+","keywords":["mock","stub","fake","spy","Dummy","Double"],"homepage":"https://github.com/phpspec/prophecy","version":"v1.10.2","version_normalized":"1.10.2.0","license":["MIT"],"authors":[{"name":"Konstantin Kudryashov","email":"ever.zet@gmail.com","homepage":"http://everzet.com"},{"name":"Marcello Duarte","email":"marcello.duarte@gmail.com"}],"source":{"type":"git","url":"https://github.com/phpspec/prophecy.git","reference":"b4400efc9d206e83138e2bb97ed7f5b14b831cd9"},"dist":{"type":"zip","url":"https://api.github.com/repos/phpspec/prophecy/zipball/b4400efc9d206e83138e2bb97ed7f5b14b831cd9","reference":"b4400efc9d206e83138e2bb97ed7f5b14b831cd9","shasum":""},"type":"library","time":"2020-01-20T15:57:02+00:00","autoload":{"psr-4":{"Prophecy\\":"src/Prophecy"}},"extra":{"branch-alias":{"dev-master":"1.10.x-dev"}},"require":{"php":"^5.3|^7.0","phpdocumentor/reflection-docblock":"^2.0|^3.0.2|^4.0|^5.0","sebastian/comparator":"^1.2.3|^2.0|^3.0|^4.0","doctrine/instantiator":"^1.0.2","sebastian/recursion-context":"^1.0|^2.0|^3.0|^4.0"},"require-dev":{"phpspec/phpspec":"^2.5 || ^3.2","phpunit/phpunit":"^4.8.35 || ^5.7 || ^6.5 || ^7.1"},"uid":3551752},"v1.2.0":{"name":"phpspec/prophecy","description":"Highly opinionated mocking framework for PHP 5.3+","keywords":["mock","stub","fake","spy","Dummy","Double"],"homepage":"http://phpspec.org","version":"v1.2.0","version_normalized":"1.2.0.0","license":["MIT"],"authors":[{"name":"Konstantin Kudryashov","email":"ever.zet@gmail.com","homepage":"http://everzet.com"},{"name":"Marcello Duarte","email":"marcello.duarte@gmail.com"}],"source":{"type":"git","url":"https://github.com/phpspec/prophecy.git","reference":"328484c88ed3cd7d1980b624bb98fa635f212ec9"},"dist":{"type":"zip","url":"https://api.github.com/repos/phpspec/prophecy/zipball/328484c88ed3cd7d1980b624bb98fa635f212ec9","reference":"328484c88ed3cd7d1980b624bb98fa635f212ec9","shasum":""},"type":"library","time":"2014-07-18T21:26:55+00:00","autoload":{"psr-0":{"Prophecy\\":"src/"}},"extra":{"branch-alias":{"dev-master":"1.2.x-dev"}},"require":{"phpdocumentor/reflection-docblock":"~2.0"},"require-dev":{"phpspec/phpspec":"~2.0"},"uid":203907},"v1.2.1":{"name":"phpspec/prophecy","description":"Highly opinionated mocking framework for PHP 5.3+","keywords":["mock","stub","fake","spy","Dummy","Double"],"homepage":"http://phpspec.org","version":"v1.2.1","version_normalized":"1.2.1.0","license":["MIT"],"authors":[{"name":"Konstantin Kudryashov","email":"ever.zet@gmail.com","homepage":"http://everzet.com"},{"name":"Marcello Duarte","email":"marcello.duarte@gmail.com"}],"source":{"type":"git","url":"https://github.com/phpspec/prophecy.git","reference":"ed9c0bcffe4639a5b0ff83e399eeb28e7fcc68f0"},"dist":{"type":"zip","url":"https://api.github.com/repos/phpspec/prophecy/zipball/ed9c0bcffe4639a5b0ff83e399eeb28e7fcc68f0","reference":"ed9c0bcffe4639a5b0ff83e399eeb28e7fcc68f0","shasum":""},"type":"library","time":"2014-09-23T10:52:18+00:00","autoload":{"psr-0":{"Prophecy\\":"src/"}},"extra":{"branch-alias":{"dev-master":"1.2.x-dev"}},"require":{"phpdocumentor/reflection-docblock":"~2.0","doctrine/instantiator":"~1.0,>=1.0.2"},"require-dev":{"phpspec/phpspec":"~2.0"},"uid":239487},"v1.3.0":{"name":"phpspec/prophecy","description":"Highly opinionated mocking framework for PHP 5.3+","keywords":["mock","stub","fake","spy","Dummy","Double"],"homepage":"http://phpspec.org","version":"v1.3.0","version_normalized":"1.3.0.0","license":["MIT"],"authors":[{"name":"Konstantin Kudryashov","email":"ever.zet@gmail.com","homepage":"http://everzet.com"},{"name":"Marcello Duarte","email":"marcello.duarte@gmail.com"}],"source":{"type":"git","url":"https://github.com/phpspec/prophecy.git","reference":"91c2e9b44e5899738e1949dc248370cabdd5a9ae"},"dist":{"type":"zip","url":"https://api.github.com/repos/phpspec/prophecy/zipball/91c2e9b44e5899738e1949dc248370cabdd5a9ae","reference":"91c2e9b44e5899738e1949dc248370cabdd5a9ae","shasum":""},"type":"library","time":"2014-11-14T15:31:18+00:00","autoload":{"psr-0":{"Prophecy\\":"src/"}},"extra":{"branch-alias":{"dev-master":"1.2.x-dev"}},"require":{"phpdocumentor/reflection-docblock":"~2.0","doctrine/instantiator":"~1.0,>=1.0.2"},"require-dev":{"phpspec/phpspec":"~2.0"},"uid":270522},"v1.3.1":{"name":"phpspec/prophecy","description":"Highly opinionated mocking framework for PHP 5.3+","keywords":["mock","stub","fake","spy","Dummy","Double"],"homepage":"http://phpspec.org","version":"v1.3.1","version_normalized":"1.3.1.0","license":["MIT"],"authors":[{"name":"Konstantin Kudryashov","email":"ever.zet@gmail.com","homepage":"http://everzet.com"},{"name":"Marcello Duarte","email":"marcello.duarte@gmail.com"}],"source":{"type":"git","url":"https://github.com/phpspec/prophecy.git","reference":"9ca52329bcdd1500de24427542577ebf3fc2f1c9"},"dist":{"type":"zip","url":"https://api.github.com/repos/phpspec/prophecy/zipball/9ca52329bcdd1500de24427542577ebf3fc2f1c9","reference":"9ca52329bcdd1500de24427542577ebf3fc2f1c9","shasum":""},"type":"library","time":"2014-11-17T16:23:49+00:00","autoload":{"psr-0":{"Prophecy\\":"src/"}},"extra":{"branch-alias":{"dev-master":"1.2.x-dev"}},"require":{"phpdocumentor/reflection-docblock":"~2.0","doctrine/instantiator":"~1.0,>=1.0.2"},"require-dev":{"phpspec/phpspec":"~2.0"},"uid":271982},"v1.4.1":{"name":"phpspec/prophecy","description":"Highly opinionated mocking framework for PHP 5.3+","keywords":["mock","stub","fake","spy","Dummy","Double"],"homepage":"https://github.com/phpspec/prophecy","version":"v1.4.1","version_normalized":"1.4.1.0","license":["MIT"],"authors":[{"name":"Konstantin Kudryashov","email":"ever.zet@gmail.com","homepage":"http://everzet.com"},{"name":"Marcello Duarte","email":"marcello.duarte@gmail.com"}],"source":{"type":"git","url":"https://github.com/phpspec/prophecy.git","reference":"3132b1f44c7bf2ec4c7eb2d3cb78fdeca760d373"},"dist":{"type":"zip","url":"https://api.github.com/repos/phpspec/prophecy/zipball/3132b1f44c7bf2ec4c7eb2d3cb78fdeca760d373","reference":"3132b1f44c7bf2ec4c7eb2d3cb78fdeca760d373","shasum":""},"type":"library","time":"2015-04-27T22:15:08+00:00","autoload":{"psr-0":{"Prophecy\\":"src/"}},"extra":{"branch-alias":{"dev-master":"1.4.x-dev"}},"require":{"phpdocumentor/reflection-docblock":"~2.0","sebastian/comparator":"~1.1","doctrine/instantiator":"^1.0.2"},"require-dev":{"phpspec/phpspec":"~2.0"},"uid":392328},"v1.5.0":{"name":"phpspec/prophecy","description":"Highly opinionated mocking framework for PHP 5.3+","keywords":["mock","stub","fake","spy","Dummy","Double"],"homepage":"https://github.com/phpspec/prophecy","version":"v1.5.0","version_normalized":"1.5.0.0","license":["MIT"],"authors":[{"name":"Konstantin Kudryashov","email":"ever.zet@gmail.com","homepage":"http://everzet.com"},{"name":"Marcello Duarte","email":"marcello.duarte@gmail.com"}],"source":{"type":"git","url":"https://github.com/phpspec/prophecy.git","reference":"4745ded9307786b730d7a60df5cb5a6c43cf95f7"},"dist":{"type":"zip","url":"https://api.github.com/repos/phpspec/prophecy/zipball/4745ded9307786b730d7a60df5cb5a6c43cf95f7","reference":"4745ded9307786b730d7a60df5cb5a6c43cf95f7","shasum":""},"type":"library","time":"2015-08-13T10:07:40+00:00","autoload":{"psr-0":{"Prophecy\\":"src/"}},"extra":{"branch-alias":{"dev-master":"1.4.x-dev"}},"require":{"phpdocumentor/reflection-docblock":"~2.0","sebastian/comparator":"~1.1","doctrine/instantiator":"^1.0.2"},"require-dev":{"phpspec/phpspec":"~2.0"},"uid":489926},"v1.6.0":{"name":"phpspec/prophecy","description":"Highly opinionated mocking framework for PHP 5.3+","keywords":["mock","stub","fake","spy","Dummy","Double"],"homepage":"https://github.com/phpspec/prophecy","version":"v1.6.0","version_normalized":"1.6.0.0","license":["MIT"],"authors":[{"name":"Konstantin Kudryashov","email":"ever.zet@gmail.com","homepage":"http://everzet.com"},{"name":"Marcello Duarte","email":"marcello.duarte@gmail.com"}],"source":{"type":"git","url":"https://github.com/phpspec/prophecy.git","reference":"3c91bdf81797d725b14cb62906f9a4ce44235972"},"dist":{"type":"zip","url":"https://api.github.com/repos/phpspec/prophecy/zipball/3c91bdf81797d725b14cb62906f9a4ce44235972","reference":"3c91bdf81797d725b14cb62906f9a4ce44235972","shasum":""},"type":"library","time":"2016-02-15T07:46:21+00:00","autoload":{"psr-0":{"Prophecy\\":"src/"}},"extra":{"branch-alias":{"dev-master":"1.5.x-dev"}},"require":{"php":"^5.3|^7.0","phpdocumentor/reflection-docblock":"~2.0","sebastian/comparator":"~1.1","doctrine/instantiator":"^1.0.2","sebastian/recursion-context":"~1.0"},"require-dev":{"phpspec/phpspec":"~2.0"},"uid":697386},"v1.6.1":{"name":"phpspec/prophecy","description":"Highly opinionated mocking framework for PHP 5.3+","keywords":["mock","stub","fake","spy","Dummy","Double"],"homepage":"https://github.com/phpspec/prophecy","version":"v1.6.1","version_normalized":"1.6.1.0","license":["MIT"],"authors":[{"name":"Konstantin Kudryashov","email":"ever.zet@gmail.com","homepage":"http://everzet.com"},{"name":"Marcello Duarte","email":"marcello.duarte@gmail.com"}],"source":{"type":"git","url":"https://github.com/phpspec/prophecy.git","reference":"58a8137754bc24b25740d4281399a4a3596058e0"},"dist":{"type":"zip","url":"https://api.github.com/repos/phpspec/prophecy/zipball/58a8137754bc24b25740d4281399a4a3596058e0","reference":"58a8137754bc24b25740d4281399a4a3596058e0","shasum":""},"type":"library","time":"2016-06-07T08:13:47+00:00","autoload":{"psr-0":{"Prophecy\\":"src/"}},"extra":{"branch-alias":{"dev-master":"1.6.x-dev"}},"require":{"php":"^5.3|^7.0","phpdocumentor/reflection-docblock":"^2.0|^3.0.2","sebastian/comparator":"^1.1","doctrine/instantiator":"^1.0.2","sebastian/recursion-context":"^1.0"},"require-dev":{"phpspec/phpspec":"^2.0"},"uid":853093},"v1.6.2":{"name":"phpspec/prophecy","description":"Highly opinionated mocking framework for PHP 5.3+","keywords":["mock","stub","fake","spy","Dummy","Double"],"homepage":"https://github.com/phpspec/prophecy","version":"v1.6.2","version_normalized":"1.6.2.0","license":["MIT"],"authors":[{"name":"Konstantin Kudryashov","email":"ever.zet@gmail.com","homepage":"http://everzet.com"},{"name":"Marcello Duarte","email":"marcello.duarte@gmail.com"}],"source":{"type":"git","url":"https://github.com/phpspec/prophecy.git","reference":"6c52c2722f8460122f96f86346600e1077ce22cb"},"dist":{"type":"zip","url":"https://api.github.com/repos/phpspec/prophecy/zipball/6c52c2722f8460122f96f86346600e1077ce22cb","reference":"6c52c2722f8460122f96f86346600e1077ce22cb","shasum":""},"type":"library","time":"2016-11-21T14:58:47+00:00","autoload":{"psr-0":{"Prophecy\\":"src/"}},"extra":{"branch-alias":{"dev-master":"1.6.x-dev"}},"require":{"php":"^5.3|^7.0","phpdocumentor/reflection-docblock":"^2.0|^3.0.2","sebastian/comparator":"^1.1","doctrine/instantiator":"^1.0.2","sebastian/recursion-context":"^1.0|^2.0"},"require-dev":{"phpspec/phpspec":"^2.0","phpunit/phpunit":"^4.8 || ^5.6.5"},"uid":1091247},"v1.7.0":{"name":"phpspec/prophecy","description":"Highly opinionated mocking framework for PHP 5.3+","keywords":["mock","stub","fake","spy","Dummy","Double"],"homepage":"https://github.com/phpspec/prophecy","version":"v1.7.0","version_normalized":"1.7.0.0","license":["MIT"],"authors":[{"name":"Konstantin Kudryashov","email":"ever.zet@gmail.com","homepage":"http://everzet.com"},{"name":"Marcello Duarte","email":"marcello.duarte@gmail.com"}],"source":{"type":"git","url":"https://github.com/phpspec/prophecy.git","reference":"93d39f1f7f9326d746203c7c056f300f7f126073"},"dist":{"type":"zip","url":"https://api.github.com/repos/phpspec/prophecy/zipball/93d39f1f7f9326d746203c7c056f300f7f126073","reference":"93d39f1f7f9326d746203c7c056f300f7f126073","shasum":""},"type":"library","time":"2017-03-02T20:05:34+00:00","autoload":{"psr-0":{"Prophecy\\":"src/"}},"extra":{"branch-alias":{"dev-master":"1.6.x-dev"}},"require":{"php":"^5.3|^7.0","phpdocumentor/reflection-docblock":"^2.0|^3.0.2","sebastian/comparator":"^1.1|^2.0","doctrine/instantiator":"^1.0.2","sebastian/recursion-context":"^1.0|^2.0|^3.0"},"require-dev":{"phpspec/phpspec":"^2.5|^3.2","phpunit/phpunit":"^4.8 || ^5.6.5"},"uid":1261903},"v1.7.1":{"name":"phpspec/prophecy","description":"Highly opinionated mocking framework for PHP 5.3+","keywords":["mock","stub","fake","spy","Dummy","Double"],"homepage":"https://github.com/phpspec/prophecy","version":"v1.7.1","version_normalized":"1.7.1.0","license":["MIT"],"authors":[{"name":"Konstantin Kudryashov","email":"ever.zet@gmail.com","homepage":"http://everzet.com"},{"name":"Marcello Duarte","email":"marcello.duarte@gmail.com"}],"source":{"type":"git","url":"https://github.com/phpspec/prophecy.git","reference":"15ea9ac619e37009edcda64089e3fa4cc88aa659"},"dist":{"type":"zip","url":"https://api.github.com/repos/phpspec/prophecy/zipball/15ea9ac619e37009edcda64089e3fa4cc88aa659","reference":"15ea9ac619e37009edcda64089e3fa4cc88aa659","shasum":""},"type":"library","time":"2017-09-03T09:38:53+00:00","autoload":{"psr-0":{"Prophecy\\":"src/"}},"extra":{"branch-alias":{"dev-master":"1.7.x-dev"}},"require":{"php":"^5.3|^7.0","phpdocumentor/reflection-docblock":"^2.0|^3.0.2|^4.0","sebastian/comparator":"^1.1|^2.0","doctrine/instantiator":"^1.0.2","sebastian/recursion-context":"^1.0|^2.0|^3.0"},"require-dev":{"phpspec/phpspec":"^2.5|^3.2","phpunit/phpunit":"^4.8 || ^5.6.5"},"uid":1589782},"v1.7.2":{"name":"phpspec/prophecy","description":"Highly opinionated mocking framework for PHP 5.3+","keywords":["mock","stub","fake","spy","Dummy","Double"],"homepage":"https://github.com/phpspec/prophecy","version":"v1.7.2","version_normalized":"1.7.2.0","license":["MIT"],"authors":[{"name":"Konstantin Kudryashov","email":"ever.zet@gmail.com","homepage":"http://everzet.com"},{"name":"Marcello Duarte","email":"marcello.duarte@gmail.com"}],"source":{"type":"git","url":"https://github.com/phpspec/prophecy.git","reference":"c9b8c6088acd19d769d4cc0ffa60a9fe34344bd6"},"dist":{"type":"zip","url":"https://api.github.com/repos/phpspec/prophecy/zipball/c9b8c6088acd19d769d4cc0ffa60a9fe34344bd6","reference":"c9b8c6088acd19d769d4cc0ffa60a9fe34344bd6","shasum":""},"type":"library","time":"2017-09-04T11:05:03+00:00","autoload":{"psr-0":{"Prophecy\\":"src/"}},"extra":{"branch-alias":{"dev-master":"1.7.x-dev"}},"require":{"php":"^5.3|^7.0","phpdocumentor/reflection-docblock":"^2.0|^3.0.2|^4.0","sebastian/comparator":"^1.1|^2.0","doctrine/instantiator":"^1.0.2","sebastian/recursion-context":"^1.0|^2.0|^3.0"},"require-dev":{"phpspec/phpspec":"^2.5|^3.2","phpunit/phpunit":"^4.8 || ^5.6.5"},"uid":1591396}}}}