{"packages":{"symfony/contracts":{"dev-master":{"name":"symfony/contracts","description":"A set of abstractions extracted out of the Symfony components","keywords":["interfaces","standards","interoperability","contracts","abstractions","decoupling"],"homepage":"https://symfony.com","version":"dev-master","version_normalized":"9999999-dev","license":["MIT"],"authors":[{"name":"Nicolas Grekas","email":"p@tchwork.com"},{"name":"Symfony Community","homepage":"https://symfony.com/contributors"}],"source":{"type":"git","url":"https://github.com/symfony/contracts.git","reference":"6069b666392dbd2e6494409958618a7d033c24ba"},"dist":{"type":"zip","url":"https://api.github.com/repos/symfony/contracts/zipball/6069b666392dbd2e6494409958618a7d033c24ba","reference":"6069b666392dbd2e6494409958618a7d033c24ba","shasum":""},"type":"library","time":"2020-01-04T14:08:26+00:00","autoload":{"psr-4":{"Symfony\\Contracts\\":""},"exclude-from-classmap":["**/Tests/"]},"extra":{"branch-alias":{"dev-master":"2.0-dev"}},"require":{"psr/cache":"^1.0","psr/container":"^1.0","psr/event-dispatcher":"^1.0","php":"^7.2.5"},"require-dev":{"symfony/polyfill-intl-idn":"^1.10"},"suggest":{"symfony/event-dispatcher-implementation":"","symfony/cache-implementation":"","symfony/http-client-implementation":"","symfony/service-implementation":"","symfony/translation-implementation":""},"replace":{"symfony/cache-contracts":"self.version","symfony/event-dispatcher-contracts":"self.version","symfony/http-client-contracts":"self.version","symfony/service-contracts":"self.version","symfony/translation-contracts":"self.version"},"uid":2329982},"v1.0.0":{"name":"symfony/contracts","description":"A set of abstractions extracted out of the Symfony components","keywords":["interfaces","standards","interoperability","contracts","abstractions","decoupling"],"homepage":"https://symfony.com","version":"v1.0.0","version_normalized":"1.0.0.0","license":["MIT"],"authors":[{"name":"Nicolas Grekas","email":"p@tchwork.com"},{"name":"Symfony Community","homepage":"https://symfony.com/contributors"}],"source":{"type":"git","url":"https://github.com/symfony/contracts.git","reference":"4a33574d5771f4b04334cd4f7d43de96a92efb62"},"dist":{"type":"zip","url":"https://api.github.com/repos/symfony/contracts/zipball/4a33574d5771f4b04334cd4f7d43de96a92efb62","reference":"4a33574d5771f4b04334cd4f7d43de96a92efb62","shasum":""},"type":"library","time":"2018-10-31T08:00:32+00:00","autoload":{"psr-4":{"Symfony\\Contracts\\":""},"exclude-from-classmap":["**/Tests/"]},"extra":{"branch-alias":{"dev-master":"1.0-dev"}},"require":{"php":"^7.1.3"},"require-dev":{"psr/cache":"^1.0","psr/container":"^1.0"},"suggest":{"psr/cache":"When using the Cache contracts","psr/container":"When using the Service contracts","symfony/cache-contracts-implementation":"","symfony/service-contracts-implementation":"","symfony/translation-contracts-implementation":""},"uid":2610951},"v1.0.0-BETA1":{"name":"symfony/contracts","description":"A set of abstractions extracted out of the Symfony components","keywords":["interfaces","standards","interoperability","contracts","abstractions","decoupling"],"homepage":"https://symfony.com","version":"v1.0.0-BETA1","version_normalized":"1.0.0.0-beta1","license":["MIT"],"authors":[{"name":"Nicolas Grekas","email":"p@tchwork.com"},{"name":"Symfony Community","homepage":"https://symfony.com/contributors"}],"source":{"type":"git","url":"https://github.com/symfony/contracts.git","reference":"4a33574d5771f4b04334cd4f7d43de96a92efb62"},"dist":{"type":"zip","url":"https://api.github.com/repos/symfony/contracts/zipball/4a33574d5771f4b04334cd4f7d43de96a92efb62","reference":"4a33574d5771f4b04334cd4f7d43de96a92efb62","shasum":""},"type":"library","time":"2018-10-31T08:00:32+00:00","autoload":{"psr-4":{"Symfony\\Contracts\\":""},"exclude-from-classmap":["**/Tests/"]},"extra":{"branch-alias":{"dev-master":"1.0-dev"}},"require":{"php":"^7.1.3"},"require-dev":{"psr/cache":"^1.0","psr/container":"^1.0"},"suggest":{"psr/cache":"When using the Cache contracts","psr/container":"When using the Service contracts","symfony/cache-contracts-implementation":"","symfony/service-contracts-implementation":"","symfony/translation-contracts-implementation":""},"uid":2562196},"v1.0.0-RC1":{"name":"symfony/contracts","description":"A set of abstractions extracted out of the Symfony components","keywords":["interfaces","standards","interoperability","contracts","abstractions","decoupling"],"homepage":"https://symfony.com","version":"v1.0.0-RC1","version_normalized":"1.0.0.0-RC1","license":["MIT"],"authors":[{"name":"Nicolas Grekas","email":"p@tchwork.com"},{"name":"Symfony Community","homepage":"https://symfony.com/contributors"}],"source":{"type":"git","url":"https://github.com/symfony/contracts.git","reference":"4a33574d5771f4b04334cd4f7d43de96a92efb62"},"dist":{"type":"zip","url":"https://api.github.com/repos/symfony/contracts/zipball/4a33574d5771f4b04334cd4f7d43de96a92efb62","reference":"4a33574d5771f4b04334cd4f7d43de96a92efb62","shasum":""},"type":"library","time":"2018-10-31T08:00:32+00:00","autoload":{"psr-4":{"Symfony\\Contracts\\":""},"exclude-from-classmap":["**/Tests/"]},"extra":{"branch-alias":{"dev-master":"1.0-dev"}},"require":{"php":"^7.1.3"},"require-dev":{"psr/cache":"^1.0","psr/container":"^1.0"},"suggest":{"psr/cache":"When using the Cache contracts","psr/container":"When using the Service contracts","symfony/cache-contracts-implementation":"","symfony/service-contracts-implementation":"","symfony/translation-contracts-implementation":""},"uid":2603558},"v1.0.1":{"name":"symfony/contracts","description":"A set of abstractions extracted out of the Symfony components","keywords":["interfaces","standards","interoperability","contracts","abstractions","decoupling"],"homepage":"https://symfony.com","version":"v1.0.1","version_normalized":"1.0.1.0","license":["MIT"],"authors":[{"name":"Nicolas Grekas","email":"p@tchwork.com"},{"name":"Symfony Community","homepage":"https://symfony.com/contributors"}],"source":{"type":"git","url":"https://github.com/symfony/contracts.git","reference":"3edf0ab943d1985a356721952cba36ff31bd6e5f"},"dist":{"type":"zip","url":"https://api.github.com/repos/symfony/contracts/zipball/3edf0ab943d1985a356721952cba36ff31bd6e5f","reference":"3edf0ab943d1985a356721952cba36ff31bd6e5f","shasum":""},"type":"library","time":"2018-11-24T09:35:08+00:00","autoload":{"psr-4":{"Symfony\\Contracts\\":""},"exclude-from-classmap":["**/Tests/"]},"extra":{"branch-alias":{"dev-master":"1.0-dev"}},"require":{"php":"^7.1.3"},"require-dev":{"psr/cache":"^1.0","psr/container":"^1.0"},"suggest":{"psr/cache":"When using the Cache contracts","psr/container":"When using the Service contracts","symfony/cache-contracts-implementation":"","symfony/service-contracts-implementation":"","symfony/translation-contracts-implementation":""},"uid":2613570},"v1.0.2":{"name":"symfony/contracts","description":"A set of abstractions extracted out of the Symfony components","keywords":["interfaces","standards","interoperability","contracts","abstractions","decoupling"],"homepage":"https://symfony.com","version":"v1.0.2","version_normalized":"1.0.2.0","license":["MIT"],"authors":[{"name":"Nicolas Grekas","email":"p@tchwork.com"},{"name":"Symfony Community","homepage":"https://symfony.com/contributors"}],"source":{"type":"git","url":"https://github.com/symfony/contracts.git","reference":"1aa7ab2429c3d594dd70689604b5cf7421254cdf"},"dist":{"type":"zip","url":"https://api.github.com/repos/symfony/contracts/zipball/1aa7ab2429c3d594dd70689604b5cf7421254cdf","reference":"1aa7ab2429c3d594dd70689604b5cf7421254cdf","shasum":""},"type":"library","time":"2018-12-05T08:06:11+00:00","autoload":{"psr-4":{"Symfony\\Contracts\\":""},"exclude-from-classmap":["**/Tests/"]},"extra":{"branch-alias":{"dev-master":"1.0-dev"}},"require":{"php":"^7.1.3"},"require-dev":{"psr/cache":"^1.0","psr/container":"^1.0"},"suggest":{"psr/cache":"When using the Cache contracts","psr/container":"When using the Service contracts","symfony/cache-contracts-implementation":"","symfony/service-contracts-implementation":"","symfony/translation-contracts-implementation":""},"uid":2622089},"v1.1.0":{"name":"symfony/contracts","description":"A set of abstractions extracted out of the Symfony components","keywords":["interfaces","standards","interoperability","contracts","abstractions","decoupling"],"homepage":"https://symfony.com","version":"v1.1.0","version_normalized":"1.1.0.0","license":["MIT"],"authors":[{"name":"Nicolas Grekas","email":"p@tchwork.com"},{"name":"Symfony Community","homepage":"https://symfony.com/contributors"}],"source":{"type":"git","url":"https://github.com/symfony/contracts.git","reference":"d3636025e8253c6144358ec0a62773cae588395b"},"dist":{"type":"zip","url":"https://api.github.com/repos/symfony/contracts/zipball/d3636025e8253c6144358ec0a62773cae588395b","reference":"d3636025e8253c6144358ec0a62773cae588395b","shasum":""},"type":"library","time":"2019-04-27T14:29:50+00:00","autoload":{"psr-4":{"Symfony\\Contracts\\":""},"exclude-from-classmap":["**/Tests/"]},"extra":{"branch-alias":{"dev-master":"1.1-dev"}},"require":{"php":"^7.1.3"},"require-dev":{"psr/cache":"^1.0","psr/container":"^1.0","symfony/polyfill-intl-idn":"^1.10"},"suggest":{"psr/cache":"When using the Cache contracts","psr/container":"When using the Service contracts","symfony/cache-contracts-implementation":"","symfony/event-dispatcher-implementation":"","symfony/http-client-contracts-implementation":"","symfony/service-contracts-implementation":"","symfony/translation-contracts-implementation":""},"uid":2949837},"v1.1.1":{"name":"symfony/contracts","description":"A set of abstractions extracted out of the Symfony components","keywords":["interfaces","standards","interoperability","contracts","abstractions","decoupling"],"homepage":"https://symfony.com","version":"v1.1.1","version_normalized":"1.1.1.0","license":["MIT"],"authors":[{"name":"Nicolas Grekas","email":"p@tchwork.com"},{"name":"Symfony Community","homepage":"https://symfony.com/contributors"}],"source":{"type":"git","url":"https://github.com/symfony/contracts.git","reference":"b6e291a08e6b002fb56aa6f3e2a2beb6674d2b2f"},"dist":{"type":"zip","url":"https://api.github.com/repos/symfony/contracts/zipball/b6e291a08e6b002fb56aa6f3e2a2beb6674d2b2f","reference":"b6e291a08e6b002fb56aa6f3e2a2beb6674d2b2f","shasum":""},"type":"library","time":"2019-05-28T07:50:59+00:00","autoload":{"psr-4":{"Symfony\\Contracts\\":""},"exclude-from-classmap":["**/Tests/"]},"extra":{"branch-alias":{"dev-master":"1.1-dev"}},"require":{"php":"^7.1.3"},"require-dev":{"psr/cache":"^1.0","psr/container":"^1.0","symfony/polyfill-intl-idn":"^1.10"},"suggest":{"psr/cache":"When using the Cache contracts","psr/container":"When using the Service contracts","psr/event-dispatcher":"When using the EventDispatcher contracts","symfony/cache-implementation":"","symfony/event-dispatcher-implementation":"","symfony/http-client-implementation":"","symfony/service-implementation":"","symfony/translation-implementation":""},"replace":{"symfony/cache-contracts":"self.version","symfony/event-dispatcher-contracts":"self.version","symfony/http-client-contracts":"self.version","symfony/service-contracts":"self.version","symfony/translation-contracts":"self.version"},"uid":2992695},"v1.1.2":{"name":"symfony/contracts","description":"A set of abstractions extracted out of the Symfony components","keywords":["interfaces","standards","interoperability","contracts","abstractions","decoupling"],"homepage":"https://symfony.com","version":"v1.1.2","version_normalized":"1.1.2.0","license":["MIT"],"authors":[{"name":"Nicolas Grekas","email":"p@tchwork.com"},{"name":"Symfony Community","homepage":"https://symfony.com/contributors"}],"source":{"type":"git","url":"https://github.com/symfony/contracts.git","reference":"b6e291a08e6b002fb56aa6f3e2a2beb6674d2b2f"},"dist":{"type":"zip","url":"https://api.github.com/repos/symfony/contracts/zipball/b6e291a08e6b002fb56aa6f3e2a2beb6674d2b2f","reference":"b6e291a08e6b002fb56aa6f3e2a2beb6674d2b2f","shasum":""},"type":"library","time":"2019-05-28T07:50:59+00:00","autoload":{"psr-4":{"Symfony\\Contracts\\":""},"exclude-from-classmap":["**/Tests/"]},"extra":{"branch-alias":{"dev-master":"1.1-dev"}},"require":{"php":"^7.1.3"},"require-dev":{"psr/cache":"^1.0","psr/container":"^1.0","symfony/polyfill-intl-idn":"^1.10"},"suggest":{"psr/cache":"When using the Cache contracts","psr/container":"When using the Service contracts","psr/event-dispatcher":"When using the EventDispatcher contracts","symfony/cache-implementation":"","symfony/event-dispatcher-implementation":"","symfony/http-client-implementation":"","symfony/service-implementation":"","symfony/translation-implementation":""},"replace":{"symfony/cache-contracts":"self.version","symfony/event-dispatcher-contracts":"self.version","symfony/http-client-contracts":"self.version","symfony/service-contracts":"self.version","symfony/translation-contracts":"self.version"},"uid":3006820},"v1.1.3":{"name":"symfony/contracts","description":"A set of abstractions extracted out of the Symfony components","keywords":["interfaces","standards","interoperability","contracts","abstractions","decoupling"],"homepage":"https://symfony.com","version":"v1.1.3","version_normalized":"1.1.3.0","license":["MIT"],"authors":[{"name":"Nicolas Grekas","email":"p@tchwork.com"},{"name":"Symfony Community","homepage":"https://symfony.com/contributors"}],"source":{"type":"git","url":"https://github.com/symfony/contracts.git","reference":"2d19b12caccbd80cf0c85624dc87b7021a0df1d5"},"dist":{"type":"zip","url":"https://api.github.com/repos/symfony/contracts/zipball/2d19b12caccbd80cf0c85624dc87b7021a0df1d5","reference":"2d19b12caccbd80cf0c85624dc87b7021a0df1d5","shasum":""},"type":"library","time":"2019-06-05T13:28:50+00:00","autoload":{"psr-4":{"Symfony\\Contracts\\":""},"exclude-from-classmap":["**/Tests/"]},"extra":{"branch-alias":{"dev-master":"1.1-dev"}},"require":{"php":"^7.1.3"},"require-dev":{"psr/cache":"^1.0","psr/container":"^1.0","symfony/polyfill-intl-idn":"^1.10"},"suggest":{"psr/cache":"When using the Cache contracts","psr/container":"When using the Service contracts","psr/event-dispatcher":"When using the EventDispatcher contracts","symfony/cache-implementation":"","symfony/event-dispatcher-implementation":"","symfony/http-client-implementation":"","symfony/service-implementation":"","symfony/translation-implementation":""},"replace":{"symfony/cache-contracts":"self.version","symfony/event-dispatcher-contracts":"self.version","symfony/http-client-contracts":"self.version","symfony/service-contracts":"self.version","symfony/translation-contracts":"self.version"},"uid":3016276},"v1.1.4":{"name":"symfony/contracts","description":"A set of abstractions extracted out of the Symfony components","keywords":["interfaces","standards","interoperability","contracts","abstractions","decoupling"],"homepage":"https://symfony.com","version":"v1.1.4","version_normalized":"1.1.4.0","license":["MIT"],"authors":[{"name":"Nicolas Grekas","email":"p@tchwork.com"},{"name":"Symfony Community","homepage":"https://symfony.com/contributors"}],"source":{"type":"git","url":"https://github.com/symfony/contracts.git","reference":"b0e5e4d0fc6a75ff01edc5e6bbca0d28fee165b7"},"dist":{"type":"zip","url":"https://api.github.com/repos/symfony/contracts/zipball/b0e5e4d0fc6a75ff01edc5e6bbca0d28fee165b7","reference":"b0e5e4d0fc6a75ff01edc5e6bbca0d28fee165b7","shasum":""},"type":"library","time":"2019-06-17T17:43:54+00:00","autoload":{"psr-4":{"Symfony\\Contracts\\":""},"exclude-from-classmap":["**/Tests/"]},"extra":{"branch-alias":{"dev-master":"1.1-dev"}},"require":{"php":"^7.1.3","psr/cache":"^1.0","psr/container":"^1.0"},"require-dev":{"symfony/polyfill-intl-idn":"^1.10"},"suggest":{"psr/event-dispatcher":"When using the EventDispatcher contracts","symfony/cache-implementation":"","symfony/event-dispatcher-implementation":"","symfony/http-client-implementation":"","symfony/service-implementation":"","symfony/translation-implementation":""},"replace":{"symfony/cache-contracts":"self.version","symfony/event-dispatcher-contracts":"self.version","symfony/http-client-contracts":"self.version","symfony/service-contracts":"self.version","symfony/translation-contracts":"self.version"},"uid":3047536},"v1.1.5":{"name":"symfony/contracts","description":"A set of abstractions extracted out of the Symfony components","keywords":["interfaces","standards","interoperability","contracts","abstractions","decoupling"],"homepage":"https://symfony.com","version":"v1.1.5","version_normalized":"1.1.5.0","license":["MIT"],"authors":[{"name":"Nicolas Grekas","email":"p@tchwork.com"},{"name":"Symfony Community","homepage":"https://symfony.com/contributors"}],"source":{"type":"git","url":"https://github.com/symfony/contracts.git","reference":"3f3f796d5f24a098a9da62828b8daa1b11494c1b"},"dist":{"type":"zip","url":"https://api.github.com/repos/symfony/contracts/zipball/3f3f796d5f24a098a9da62828b8daa1b11494c1b","reference":"3f3f796d5f24a098a9da62828b8daa1b11494c1b","shasum":""},"type":"library","time":"2019-06-20T06:46:26+00:00","autoload":{"psr-4":{"Symfony\\Contracts\\":""},"exclude-from-classmap":["**/Tests/"]},"extra":{"branch-alias":{"dev-master":"1.1-dev"}},"require":{"php":"^7.1.3","psr/cache":"^1.0","psr/container":"^1.0"},"require-dev":{"symfony/polyfill-intl-idn":"^1.10"},"suggest":{"psr/event-dispatcher":"When using the EventDispatcher contracts","symfony/cache-implementation":"","symfony/event-dispatcher-implementation":"","symfony/http-client-implementation":"","symfony/service-implementation":"","symfony/translation-implementation":""},"replace":{"symfony/cache-contracts":"self.version","symfony/event-dispatcher-contracts":"self.version","symfony/http-client-contracts":"self.version","symfony/service-contracts":"self.version","symfony/translation-contracts":"self.version"},"uid":3047581},"v1.1.6":{"name":"symfony/contracts","description":"A set of abstractions extracted out of the Symfony components","keywords":["interfaces","standards","interoperability","contracts","abstractions","decoupling"],"homepage":"https://symfony.com","version":"v1.1.6","version_normalized":"1.1.6.0","license":["MIT"],"authors":[{"name":"Nicolas Grekas","email":"p@tchwork.com"},{"name":"Symfony Community","homepage":"https://symfony.com/contributors"}],"source":{"type":"git","url":"https://github.com/symfony/contracts.git","reference":"3692662d26cd9d204a69748792ae021c35313610"},"dist":{"type":"zip","url":"https://api.github.com/repos/symfony/contracts/zipball/3692662d26cd9d204a69748792ae021c35313610","reference":"3692662d26cd9d204a69748792ae021c35313610","shasum":""},"type":"library","time":"2019-08-21T15:14:41+00:00","autoload":{"psr-4":{"Symfony\\Contracts\\":""},"exclude-from-classmap":["**/Tests/"]},"extra":{"branch-alias":{"dev-master":"1.1-dev"}},"require":{"php":"^7.1.3","psr/cache":"^1.0","psr/container":"^1.0"},"require-dev":{"symfony/polyfill-intl-idn":"^1.10"},"suggest":{"psr/event-dispatcher":"When using the EventDispatcher contracts","symfony/cache-implementation":"","symfony/event-dispatcher-implementation":"","symfony/http-client-implementation":"","symfony/service-implementation":"","symfony/translation-implementation":""},"replace":{"symfony/cache-contracts":"self.version","symfony/event-dispatcher-contracts":"self.version","symfony/http-client-contracts":"self.version","symfony/service-contracts":"self.version","symfony/translation-contracts":"self.version"},"uid":3187185},"v1.1.7":{"name":"symfony/contracts","description":"A set of abstractions extracted out of the Symfony components","keywords":["interfaces","standards","interoperability","contracts","abstractions","decoupling"],"homepage":"https://symfony.com","version":"v1.1.7","version_normalized":"1.1.7.0","license":["MIT"],"authors":[{"name":"Nicolas Grekas","email":"p@tchwork.com"},{"name":"Symfony Community","homepage":"https://symfony.com/contributors"}],"source":{"type":"git","url":"https://github.com/symfony/contracts.git","reference":"9cb52490dd60e0f50dbcdbdb3a6dbcb31f3a363e"},"dist":{"type":"zip","url":"https://api.github.com/repos/symfony/contracts/zipball/9cb52490dd60e0f50dbcdbdb3a6dbcb31f3a363e","reference":"9cb52490dd60e0f50dbcdbdb3a6dbcb31f3a363e","shasum":""},"type":"library","time":"2019-10-04T21:43:27+00:00","autoload":{"psr-4":{"Symfony\\Contracts\\":""},"exclude-from-classmap":["**/Tests/"]},"extra":{"branch-alias":{"dev-master":"1.1-dev"}},"require":{"php":"^7.1.3","psr/cache":"^1.0","psr/container":"^1.0"},"require-dev":{"symfony/polyfill-intl-idn":"^1.10"},"suggest":{"psr/event-dispatcher":"When using the EventDispatcher contracts","symfony/cache-implementation":"","symfony/event-dispatcher-implementation":"","symfony/http-client-implementation":"","symfony/service-implementation":"","symfony/translation-implementation":""},"replace":{"symfony/cache-contracts":"self.version","symfony/event-dispatcher-contracts":"self.version","symfony/http-client-contracts":"self.version","symfony/service-contracts":"self.version","symfony/translation-contracts":"self.version"},"uid":3283217},"v1.1.8":{"name":"symfony/contracts","description":"A set of abstractions extracted out of the Symfony components","keywords":["interfaces","standards","interoperability","contracts","abstractions","decoupling"],"homepage":"https://symfony.com","version":"v1.1.8","version_normalized":"1.1.8.0","license":["MIT"],"authors":[{"name":"Nicolas Grekas","email":"p@tchwork.com"},{"name":"Symfony Community","homepage":"https://symfony.com/contributors"}],"source":{"type":"git","url":"https://github.com/symfony/contracts.git","reference":"f51bca9de06b7a25b19a4155da7bebad099a5def"},"dist":{"type":"zip","url":"https://api.github.com/repos/symfony/contracts/zipball/f51bca9de06b7a25b19a4155da7bebad099a5def","reference":"f51bca9de06b7a25b19a4155da7bebad099a5def","shasum":""},"type":"library","time":"2019-11-07T12:44:51+00:00","autoload":{"psr-4":{"Symfony\\Contracts\\":""},"exclude-from-classmap":["**/Tests/"]},"extra":{"branch-alias":{"dev-master":"1.1-dev"}},"require":{"php":"^7.1.3","psr/cache":"^1.0","psr/container":"^1.0"},"require-dev":{"symfony/polyfill-intl-idn":"^1.10"},"suggest":{"psr/event-dispatcher":"When using the EventDispatcher contracts","symfony/cache-implementation":"","symfony/event-dispatcher-implementation":"","symfony/http-client-implementation":"","symfony/service-implementation":"","symfony/translation-implementation":""},"replace":{"symfony/cache-contracts":"self.version","symfony/event-dispatcher-contracts":"self.version","symfony/http-client-contracts":"self.version","symfony/service-contracts":"self.version","symfony/translation-contracts":"self.version"},"uid":3364609},"v2.0.0":{"name":"symfony/contracts","description":"A set of abstractions extracted out of the Symfony components","keywords":["interfaces","standards","interoperability","contracts","abstractions","decoupling"],"homepage":"https://symfony.com","version":"v2.0.0","version_normalized":"2.0.0.0","license":["MIT"],"authors":[{"name":"Nicolas Grekas","email":"p@tchwork.com"},{"name":"Symfony Community","homepage":"https://symfony.com/contributors"}],"source":{"type":"git","url":"https://github.com/symfony/contracts.git","reference":"120a869f132d9f7f10a7cb79918ae45b1f1d1588"},"dist":{"type":"zip","url":"https://api.github.com/repos/symfony/contracts/zipball/120a869f132d9f7f10a7cb79918ae45b1f1d1588","reference":"120a869f132d9f7f10a7cb79918ae45b1f1d1588","shasum":""},"type":"library","time":"2019-11-09T09:18:34+00:00","autoload":{"psr-4":{"Symfony\\Contracts\\":""},"exclude-from-classmap":["**/Tests/"]},"extra":{"branch-alias":{"dev-master":"2.0-dev"}},"require":{"php":"^7.2.9","psr/cache":"^1.0","psr/container":"^1.0","psr/event-dispatcher":"^1.0"},"require-dev":{"symfony/polyfill-intl-idn":"^1.10"},"suggest":{"symfony/cache-implementation":"","symfony/event-dispatcher-implementation":"","symfony/http-client-implementation":"","symfony/service-implementation":"","symfony/translation-implementation":""},"replace":{"symfony/cache-contracts":"self.version","symfony/event-dispatcher-contracts":"self.version","symfony/http-client-contracts":"self.version","symfony/service-contracts":"self.version","symfony/translation-contracts":"self.version"},"uid":3365453},"v2.0.1":{"name":"symfony/contracts","description":"A set of abstractions extracted out of the Symfony components","keywords":["interfaces","standards","interoperability","contracts","abstractions","decoupling"],"homepage":"https://symfony.com","version":"v2.0.1","version_normalized":"2.0.1.0","license":["MIT"],"authors":[{"name":"Nicolas Grekas","email":"p@tchwork.com"},{"name":"Symfony Community","homepage":"https://symfony.com/contributors"}],"source":{"type":"git","url":"https://github.com/symfony/contracts.git","reference":"b3b9b70bfacfd204d352e7e7350e02c02c0fff78"},"dist":{"type":"zip","url":"https://api.github.com/repos/symfony/contracts/zipball/b3b9b70bfacfd204d352e7e7350e02c02c0fff78","reference":"b3b9b70bfacfd204d352e7e7350e02c02c0fff78","shasum":""},"type":"library","time":"2019-11-26T23:25:11+00:00","autoload":{"psr-4":{"Symfony\\Contracts\\":""},"exclude-from-classmap":["**/Tests/"]},"extra":{"branch-alias":{"dev-master":"2.0-dev"}},"require":{"php":"^7.2.5","psr/cache":"^1.0","psr/container":"^1.0","psr/event-dispatcher":"^1.0"},"require-dev":{"symfony/polyfill-intl-idn":"^1.10"},"suggest":{"symfony/cache-implementation":"","symfony/event-dispatcher-implementation":"","symfony/http-client-implementation":"","symfony/service-implementation":"","symfony/translation-implementation":""},"replace":{"symfony/cache-contracts":"self.version","symfony/event-dispatcher-contracts":"self.version","symfony/http-client-contracts":"self.version","symfony/service-contracts":"self.version","symfony/translation-contracts":"self.version"},"uid":3420881}}}}