{"packages":{"phenx/php-svg-lib":{"0.1":{"name":"phenx/php-svg-lib","description":"A library to read, parse and export to PDF SVG files.","keywords":[],"homepage":"https://github.com/PhenX/php-svg-lib","version":"0.1","version_normalized":"0.1.0.0","license":["LGPL-3.0"],"authors":[{"name":"Fabien Ménager","email":"fabien.menager@gmail.com"}],"source":{"type":"git","url":"https://github.com/PhenX/php-svg-lib.git","reference":"b419766515b3426c6da74b0e29e93d71c4f17099"},"dist":{"type":"zip","url":"https://api.github.com/repos/PhenX/php-svg-lib/zipball/b419766515b3426c6da74b0e29e93d71c4f17099","reference":"b419766515b3426c6da74b0e29e93d71c4f17099","shasum":""},"type":"library","time":"2015-05-06T18:49:49+00:00","autoload":{"psr-0":{"Svg\\":"src/"}},"uid":399614},"dev-master":{"name":"phenx/php-svg-lib","description":"A library to read, parse and export to PDF SVG files.","keywords":[],"homepage":"https://github.com/PhenX/php-svg-lib","version":"dev-master","version_normalized":"9999999-dev","license":["LGPL-3.0"],"authors":[{"name":"Fabien Ménager","email":"fabien.menager@gmail.com"}],"source":{"type":"git","url":"https://github.com/PhenX/php-svg-lib.git","reference":"5c875a123ecd3865a0d086f31277e53611f2012e"},"dist":{"type":"zip","url":"https://api.github.com/repos/PhenX/php-svg-lib/zipball/5c875a123ecd3865a0d086f31277e53611f2012e","reference":"5c875a123ecd3865a0d086f31277e53611f2012e","shasum":""},"type":"library","time":"2019-10-23T09:43:28+00:00","autoload":{"psr-4":{"Svg\\":"src/Svg"}},"require":{"sabberworm/php-css-parser":"^8.3"},"require-dev":{"phpunit/phpunit":"^5.5|^6.5"},"uid":397105},"dev-pr/26":{"name":"phenx/php-svg-lib","description":"A library to read, parse and export to PDF SVG files.","keywords":[],"homepage":"https://github.com/PhenX/php-svg-lib","version":"dev-pr/26","version_normalized":"dev-pr/26","license":["LGPL-3.0"],"authors":[{"name":"Fabien Ménager","email":"fabien.menager@gmail.com"}],"source":{"type":"git","url":"https://github.com/PhenX/php-svg-lib.git","reference":"b24f70170feb232d56d8f35d61b46e157b9541bd"},"dist":{"type":"zip","url":"https://api.github.com/repos/PhenX/php-svg-lib/zipball/b24f70170feb232d56d8f35d61b46e157b9541bd","reference":"b24f70170feb232d56d8f35d61b46e157b9541bd","shasum":""},"type":"library","time":"2018-04-14T13:36:08+00:00","autoload":{"psr-0":{"Svg\\":"src/"}},"require":{"sabberworm/php-css-parser":"8.1.*"},"require-dev":{"phpunit/phpunit":"~5.0"},"uid":2096710},"v0.2":{"name":"phenx/php-svg-lib","description":"A library to read, parse and export to PDF SVG files.","keywords":[],"homepage":"https://github.com/PhenX/php-svg-lib","version":"v0.2","version_normalized":"0.2.0.0","license":["LGPL-3.0"],"authors":[{"name":"Fabien Ménager","email":"fabien.menager@gmail.com"}],"source":{"type":"git","url":"https://github.com/PhenX/php-svg-lib.git","reference":"de291bec8449b89acfe85691b5c71434797959dc"},"dist":{"type":"zip","url":"https://api.github.com/repos/PhenX/php-svg-lib/zipball/de291bec8449b89acfe85691b5c71434797959dc","reference":"de291bec8449b89acfe85691b5c71434797959dc","shasum":""},"type":"library","time":"2016-12-13T20:25:45+00:00","autoload":{"psr-0":{"Svg\\":"src/"}},"require":{"sabberworm/php-css-parser":"6.0.*"},"uid":1126679},"v0.3.0":{"name":"phenx/php-svg-lib","description":"A library to read, parse and export to PDF SVG files.","keywords":[],"homepage":"https://github.com/PhenX/php-svg-lib","version":"v0.3.0","version_normalized":"0.3.0.0","license":["LGPL-3.0"],"authors":[{"name":"Fabien Ménager","email":"fabien.menager@gmail.com"}],"source":{"type":"git","url":"https://github.com/PhenX/php-svg-lib.git","reference":"8f543ede60386faec9b0012833536de4b6083bb9"},"dist":{"type":"zip","url":"https://api.github.com/repos/PhenX/php-svg-lib/zipball/8f543ede60386faec9b0012833536de4b6083bb9","reference":"8f543ede60386faec9b0012833536de4b6083bb9","shasum":""},"type":"library","time":"2018-04-14T14:36:18+00:00","autoload":{"psr-0":{"Svg\\":"src/"}},"require":{"sabberworm/php-css-parser":"8.1.*"},"require-dev":{"phpunit/phpunit":"~5.0"},"uid":1584439},"v0.3.1":{"name":"phenx/php-svg-lib","description":"A library to read, parse and export to PDF SVG files.","keywords":[],"homepage":"https://github.com/PhenX/php-svg-lib","version":"v0.3.1","version_normalized":"0.3.1.0","license":["LGPL-3.0"],"authors":[{"name":"Fabien Ménager","email":"fabien.menager@gmail.com"}],"source":{"type":"git","url":"https://github.com/PhenX/php-svg-lib.git","reference":"8f543ede60386faec9b0012833536de4b6083bb9"},"dist":{"type":"zip","url":"https://api.github.com/repos/PhenX/php-svg-lib/zipball/8f543ede60386faec9b0012833536de4b6083bb9","reference":"8f543ede60386faec9b0012833536de4b6083bb9","shasum":""},"type":"library","time":"2018-04-14T14:36:18+00:00","autoload":{"psr-0":{"Svg\\":"src/"}},"require":{"sabberworm/php-css-parser":"8.1.*"},"require-dev":{"phpunit/phpunit":"~5.0"},"uid":2237131},"v0.3.2":{"name":"phenx/php-svg-lib","description":"A library to read, parse and export to PDF SVG files.","keywords":[],"homepage":"https://github.com/PhenX/php-svg-lib","version":"v0.3.2","version_normalized":"0.3.2.0","license":["LGPL-3.0"],"authors":[{"name":"Fabien Ménager","email":"fabien.menager@gmail.com"}],"source":{"type":"git","url":"https://github.com/PhenX/php-svg-lib.git","reference":"ccc46ef6340d4b8a4a68047e68d8501ea961442c"},"dist":{"type":"zip","url":"https://api.github.com/repos/PhenX/php-svg-lib/zipball/ccc46ef6340d4b8a4a68047e68d8501ea961442c","reference":"ccc46ef6340d4b8a4a68047e68d8501ea961442c","shasum":""},"type":"library","time":"2018-06-03T10:10:03+00:00","autoload":{"psr-0":{"Svg\\":"src/"}},"require":{"sabberworm/php-css-parser":"8.1.*"},"require-dev":{"phpunit/phpunit":"~5.0"},"uid":2237915},"v0.3.3":{"name":"phenx/php-svg-lib","description":"A library to read, parse and export to PDF SVG files.","keywords":[],"homepage":"https://github.com/PhenX/php-svg-lib","version":"v0.3.3","version_normalized":"0.3.3.0","license":["LGPL-3.0"],"authors":[{"name":"Fabien Ménager","email":"fabien.menager@gmail.com"}],"source":{"type":"git","url":"https://github.com/PhenX/php-svg-lib.git","reference":"5fa61b65e612ce1ae15f69b3d223cb14ecc60e32"},"dist":{"type":"zip","url":"https://api.github.com/repos/PhenX/php-svg-lib/zipball/5fa61b65e612ce1ae15f69b3d223cb14ecc60e32","reference":"5fa61b65e612ce1ae15f69b3d223cb14ecc60e32","shasum":""},"type":"library","time":"2019-09-11T20:02:13+00:00","autoload":{"psr-4":{"Svg\\":"src/Svg"}},"require":{"sabberworm/php-css-parser":"^8.3"},"require-dev":{"phpunit/phpunit":"^5.5|^6.5"},"uid":3228664}}}}