{"packages":{"fzaninotto/faker":{"dev-master":{"name":"fzaninotto/faker","description":"Faker is a PHP library that generates fake data for you.","keywords":["faker","fixtures","data"],"homepage":"","version":"dev-master","version_normalized":"9999999-dev","license":["MIT"],"authors":[{"name":"François Zaninotto"}],"source":{"type":"git","url":"https://github.com/fzaninotto/Faker.git","reference":"04c47e38dbc68d7261c88446598bbf509d37c77a"},"dist":{"type":"zip","url":"https://api.github.com/repos/fzaninotto/Faker/zipball/04c47e38dbc68d7261c88446598bbf509d37c77a","reference":"04c47e38dbc68d7261c88446598bbf509d37c77a","shasum":""},"type":"library","time":"2019-12-31T10:44:52+00:00","autoload":{"psr-4":{"Faker\\":"src/Faker/"}},"extra":{"branch-alias":{"dev-master":"1.9-dev"}},"require":{"php":"^5.3.3 || ^7.0"},"require-dev":{"ext-intl":"*","phpunit/phpunit":"^4.8.35 || ^5.7","squizlabs/php_codesniffer":"^2.9.2"},"uid":24499},"v1.0.0":{"name":"fzaninotto/faker","description":"Faker is a PHP library that generates fake data for you.","keywords":["faker","fixtures","data"],"homepage":"","version":"v1.0.0","version_normalized":"1.0.0.0","license":["MIT"],"authors":[{"name":"François Zaninotto"}],"source":{"type":"git","url":"https://github.com/fzaninotto/Faker.git","reference":"f3d296e385dd4a46a5ddf507539a6c150c32983e"},"dist":{"type":"zip","url":"https://api.github.com/repos/fzaninotto/Faker/zipball/f3d296e385dd4a46a5ddf507539a6c150c32983e","reference":"f3d296e385dd4a46a5ddf507539a6c150c32983e","shasum":""},"type":"library","time":"2012-07-10T14:43:46+00:00","autoload":{"psr-0":{"Faker":"src/"}},"require":{"php":">=5.3.3"},"uid":14844},"v1.1.0":{"name":"fzaninotto/faker","description":"Faker is a PHP library that generates fake data for you.","keywords":["faker","fixtures","data"],"homepage":"","version":"v1.1.0","version_normalized":"1.1.0.0","license":["MIT"],"authors":[{"name":"François Zaninotto"}],"source":{"type":"git","url":"https://github.com/fzaninotto/Faker.git","reference":"3bf14b6cb8b98be3a3a3f9fed66ecb2517bf87ac"},"dist":{"type":"zip","url":"https://api.github.com/repos/fzaninotto/Faker/zipball/3bf14b6cb8b98be3a3a3f9fed66ecb2517bf87ac","reference":"3bf14b6cb8b98be3a3a3f9fed66ecb2517bf87ac","shasum":""},"type":"library","time":"2012-10-29T09:32:06+00:00","autoload":{"psr-0":{"Faker":"src/"}},"extra":{"branch-alias":{"dev-master":"1.1.x-dev"}},"require":{"php":">=5.3.3"},"uid":23569},"v1.2.0":{"name":"fzaninotto/faker","description":"Faker is a PHP library that generates fake data for you.","keywords":["faker","fixtures","data"],"homepage":"","version":"v1.2.0","version_normalized":"1.2.0.0","license":["MIT"],"authors":[{"name":"François Zaninotto"}],"source":{"type":"git","url":"https://github.com/fzaninotto/Faker.git","reference":"4ad4bc4b5c8d3c0f3cf55d2fedc2f65b313ec62f"},"dist":{"type":"zip","url":"https://api.github.com/repos/fzaninotto/Faker/zipball/4ad4bc4b5c8d3c0f3cf55d2fedc2f65b313ec62f","reference":"4ad4bc4b5c8d3c0f3cf55d2fedc2f65b313ec62f","shasum":""},"type":"library","time":"2013-06-09T18:05:57+00:00","autoload":{"psr-0":{"Faker":"src/","Faker\\PHPUnit":"test/"}},"extra":{"branch-alias":{"dev-master":"1.2.x-dev"}},"require":{"php":">=5.3.3"},"uid":60975},"v1.3.0":{"name":"fzaninotto/faker","description":"Faker is a PHP library that generates fake data for you.","keywords":["faker","fixtures","data"],"homepage":"","version":"v1.3.0","version_normalized":"1.3.0.0","license":["MIT"],"authors":[{"name":"François Zaninotto"}],"source":{"type":"git","url":"https://github.com/fzaninotto/Faker.git","reference":"1d143fd8caf4d264602450bc01d7484af788706b"},"dist":{"type":"zip","url":"https://api.github.com/repos/fzaninotto/Faker/zipball/1d143fd8caf4d264602450bc01d7484af788706b","reference":"1d143fd8caf4d264602450bc01d7484af788706b","shasum":""},"type":"library","time":"2013-12-16T21:56:48+00:00","autoload":{"psr-0":{"Faker":"src/","Faker\\PHPUnit":"test/"}},"extra":{"branch-alias":{"dev-master":"1.3.0-dev"}},"require":{"php":">=5.3.3"},"uid":111529},"v1.4.0":{"name":"fzaninotto/faker","description":"Faker is a PHP library that generates fake data for you.","keywords":["faker","fixtures","data"],"homepage":"","version":"v1.4.0","version_normalized":"1.4.0.0","license":["MIT"],"authors":[{"name":"François Zaninotto"}],"source":{"type":"git","url":"https://github.com/fzaninotto/Faker.git","reference":"010c7efedd88bf31141a02719f51fb44c732d5a0"},"dist":{"type":"zip","url":"https://api.github.com/repos/fzaninotto/Faker/zipball/010c7efedd88bf31141a02719f51fb44c732d5a0","reference":"010c7efedd88bf31141a02719f51fb44c732d5a0","shasum":""},"type":"library","time":"2014-06-04T14:43:02+00:00","autoload":{"psr-0":{"Faker":"src/","Faker\\PHPUnit":"test/"}},"extra":{"branch-alias":[]},"require":{"php":">=5.3.3"},"require-dev":{"phpunit/phpunit":"~4.0","squizlabs/php_codesniffer":"~1.5"},"uid":183231},"v1.5.0":{"name":"fzaninotto/faker","description":"Faker is a PHP library that generates fake data for you.","keywords":["faker","fixtures","data"],"homepage":"","version":"v1.5.0","version_normalized":"1.5.0.0","license":["MIT"],"authors":[{"name":"François Zaninotto"}],"source":{"type":"git","url":"https://github.com/fzaninotto/Faker.git","reference":"d0190b156bcca848d401fb80f31f504f37141c8d"},"dist":{"type":"zip","url":"https://api.github.com/repos/fzaninotto/Faker/zipball/d0190b156bcca848d401fb80f31f504f37141c8d","reference":"d0190b156bcca848d401fb80f31f504f37141c8d","shasum":""},"type":"library","time":"2015-05-29T06:29:14+00:00","autoload":{"psr-4":{"Faker\\":"src/Faker/"}},"extra":{"branch-alias":{"dev-master":"1.5.x-dev"}},"require":{"php":">=5.3.3"},"require-dev":{"phpunit/phpunit":"~4.0","squizlabs/php_codesniffer":"~1.5"},"suggest":{"ext-intl":"*"},"uid":419280},"v1.6.0":{"name":"fzaninotto/faker","description":"Faker is a PHP library that generates fake data for you.","keywords":["faker","fixtures","data"],"homepage":"","version":"v1.6.0","version_normalized":"1.6.0.0","license":["MIT"],"authors":[{"name":"François Zaninotto"}],"source":{"type":"git","url":"https://github.com/fzaninotto/Faker.git","reference":"44f9a286a04b80c76a4e5fb7aad8bb539b920123"},"dist":{"type":"zip","url":"https://api.github.com/repos/fzaninotto/Faker/zipball/44f9a286a04b80c76a4e5fb7aad8bb539b920123","reference":"44f9a286a04b80c76a4e5fb7aad8bb539b920123","shasum":""},"type":"library","time":"2016-04-29T12:21:54+00:00","autoload":{"psr-4":{"Faker\\":"src/Faker/"}},"extra":{"branch-alias":[]},"require":{"php":"^5.3.3|^7.0"},"require-dev":{"phpunit/phpunit":"~4.0","squizlabs/php_codesniffer":"~1.5","ext-intl":"*"},"uid":800239},"v1.7.0":{"name":"fzaninotto/faker","description":"Faker is a PHP library that generates fake data for you.","keywords":["faker","fixtures","data"],"homepage":"","version":"v1.7.0","version_normalized":"1.7.0.0","license":["MIT"],"authors":[{"name":"François Zaninotto"}],"source":{"type":"git","url":"https://github.com/fzaninotto/Faker.git","reference":"dd4564efb00c557559af29c2964fba764d0dfacc"},"dist":{"type":"zip","url":"https://api.github.com/repos/fzaninotto/Faker/zipball/dd4564efb00c557559af29c2964fba764d0dfacc","reference":"dd4564efb00c557559af29c2964fba764d0dfacc","shasum":""},"type":"library","time":"2017-08-15T16:34:15+00:00","autoload":{"psr-4":{"Faker\\":"src/Faker/"}},"extra":{"branch-alias":[]},"require":{"php":"^5.3.3 || ^7.0"},"require-dev":{"phpunit/phpunit":"^4.0 || ^5.0","squizlabs/php_codesniffer":"^1.5","ext-intl":"*"},"uid":1555962},"v1.7.1":{"name":"fzaninotto/faker","description":"Faker is a PHP library that generates fake data for you.","keywords":["faker","fixtures","data"],"homepage":"","version":"v1.7.1","version_normalized":"1.7.1.0","license":["MIT"],"authors":[{"name":"François Zaninotto"}],"source":{"type":"git","url":"https://github.com/fzaninotto/Faker.git","reference":"d3ed4cc37051c1ca52d22d76b437d14809fc7e0d"},"dist":{"type":"zip","url":"https://api.github.com/repos/fzaninotto/Faker/zipball/d3ed4cc37051c1ca52d22d76b437d14809fc7e0d","reference":"d3ed4cc37051c1ca52d22d76b437d14809fc7e0d","shasum":""},"type":"library","time":"2017-08-15T16:48:10+00:00","autoload":{"psr-4":{"Faker\\":"src/Faker/"}},"extra":{"branch-alias":{"dev-master":"1.8-dev"}},"require":{"php":"^5.3.3 || ^7.0"},"require-dev":{"phpunit/phpunit":"^4.0 || ^5.0","squizlabs/php_codesniffer":"^1.5","ext-intl":"*"},"uid":1555963},"v1.8.0":{"name":"fzaninotto/faker","description":"Faker is a PHP library that generates fake data for you.","keywords":["faker","fixtures","data"],"homepage":"","version":"v1.8.0","version_normalized":"1.8.0.0","license":["MIT"],"authors":[{"name":"François Zaninotto"}],"source":{"type":"git","url":"https://github.com/fzaninotto/Faker.git","reference":"f72816b43e74063c8b10357394b6bba8cb1c10de"},"dist":{"type":"zip","url":"https://api.github.com/repos/fzaninotto/Faker/zipball/f72816b43e74063c8b10357394b6bba8cb1c10de","reference":"f72816b43e74063c8b10357394b6bba8cb1c10de","shasum":""},"type":"library","time":"2018-07-12T10:23:15+00:00","autoload":{"psr-4":{"Faker\\":"src/Faker/"}},"extra":{"branch-alias":{"dev-master":"1.8-dev"}},"require":{"php":"^5.3.3 || ^7.0"},"require-dev":{"phpunit/phpunit":"^4.8.35 || ^5.7","squizlabs/php_codesniffer":"^1.5","ext-intl":"*"},"uid":2327154},"v1.9.0":{"name":"fzaninotto/faker","description":"Faker is a PHP library that generates fake data for you.","keywords":["faker","fixtures","data"],"homepage":"","version":"v1.9.0","version_normalized":"1.9.0.0","license":["MIT"],"authors":[{"name":"François Zaninotto"}],"source":{"type":"git","url":"https://github.com/fzaninotto/Faker.git","reference":"27a216cbe72327b2d6369fab721a5843be71e57d"},"dist":{"type":"zip","url":"https://api.github.com/repos/fzaninotto/Faker/zipball/27a216cbe72327b2d6369fab721a5843be71e57d","reference":"27a216cbe72327b2d6369fab721a5843be71e57d","shasum":""},"type":"library","time":"2019-11-14T13:13:06+00:00","autoload":{"psr-4":{"Faker\\":"src/Faker/"}},"extra":{"branch-alias":[]},"require":{"php":"^5.3.3 || ^7.0"},"require-dev":{"ext-intl":"*","phpunit/phpunit":"^4.8.35 || ^5.7","squizlabs/php_codesniffer":"^2.9.2"},"uid":3378065},"v1.9.1":{"name":"fzaninotto/faker","description":"Faker is a PHP library that generates fake data for you.","keywords":["faker","fixtures","data"],"homepage":"","version":"v1.9.1","version_normalized":"1.9.1.0","license":["MIT"],"authors":[{"name":"François Zaninotto"}],"source":{"type":"git","url":"https://github.com/fzaninotto/Faker.git","reference":"fc10d778e4b84d5bd315dad194661e091d307c6f"},"dist":{"type":"zip","url":"https://api.github.com/repos/fzaninotto/Faker/zipball/fc10d778e4b84d5bd315dad194661e091d307c6f","reference":"fc10d778e4b84d5bd315dad194661e091d307c6f","shasum":""},"type":"library","time":"2019-12-12T13:22:17+00:00","autoload":{"psr-4":{"Faker\\":"src/Faker/"}},"extra":{"branch-alias":{"dev-master":"1.9-dev"}},"require":{"php":"^5.3.3 || ^7.0"},"require-dev":{"ext-intl":"*","phpunit/phpunit":"^4.8.35 || ^5.7","squizlabs/php_codesniffer":"^2.9.2"},"uid":3452248}},"mwangithegreat/faker":{"dev-master":{"name":"mwangithegreat/faker","description":"Faker is a PHP library that generates fake data for you. It is a Fork of fzaninotto/faker with en_KE provider added pending release of Faker 2.0","keywords":["faker","fixtures","data"],"homepage":"","version":"dev-master","version_normalized":"9999999-dev","license":["MIT"],"authors":[{"name":"François Zaninotto"}],"source":{"type":"git","url":"https://github.com/SamuelMwangiW/Faker.git","reference":"514ec4f84068633cfd6bff74c2367d98b9d8f537"},"dist":{"type":"zip","url":"https://api.github.com/repos/SamuelMwangiW/Faker/zipball/514ec4f84068633cfd6bff74c2367d98b9d8f537","reference":"514ec4f84068633cfd6bff74c2367d98b9d8f537","shasum":""},"type":"library","time":"2020-01-22T06:54:11+00:00","autoload":{"psr-4":{"Faker\\":"src/Faker/"}},"extra":{"branch-alias":{"dev-master":"1.9-dev"}},"require":{"php":"^5.3.3 || ^7.0"},"require-dev":{"ext-intl":"*","phpunit/phpunit":"^4.8.35 || ^5.7","squizlabs/php_codesniffer":"^2.9.2"},"conflict":{"fzaninotto/faker":"*"},"replace":{"fzaninotto/faker":"*"},"uid":3536870},"v1.9.1.2":{"name":"mwangithegreat/faker","description":"Faker is a PHP library that generates fake data for you. It is a Fork of fzaninotto/faker with en_KE provider added pending release of Faker 2.0","keywords":["faker","fixtures","data"],"homepage":"","version":"v1.9.1.2","version_normalized":"1.9.1.2","license":["MIT"],"authors":[{"name":"François Zaninotto"}],"source":{"type":"git","url":"https://github.com/SamuelMwangiW/Faker.git","reference":"fa2a19d3e4dacc01d848ab7301be64a2d53088bd"},"dist":{"type":"zip","url":"https://api.github.com/repos/SamuelMwangiW/Faker/zipball/fa2a19d3e4dacc01d848ab7301be64a2d53088bd","reference":"fa2a19d3e4dacc01d848ab7301be64a2d53088bd","shasum":""},"type":"library","time":"2020-01-15T07:48:52+00:00","autoload":{"psr-4":{"Faker\\":"src/Faker/"}},"extra":{"branch-alias":{"dev-master":"1.9-dev"}},"require":{"php":"^5.3.3 || ^7.0"},"require-dev":{"ext-intl":"*","phpunit/phpunit":"^4.8.35 || ^5.7","squizlabs/php_codesniffer":"^2.9.2"},"conflict":{"fzaninotto/faker":"*"},"replace":{"fzaninotto/faker":"v1.9.*"},"uid":3539499},"v1.9.1.3":{"name":"mwangithegreat/faker","description":"Faker is a PHP library that generates fake data for you. It is a Fork of fzaninotto/faker with en_KE provider added pending release of Faker 2.0","keywords":["faker","fixtures","data"],"homepage":"","version":"v1.9.1.3","version_normalized":"1.9.1.3","license":["MIT"],"authors":[{"name":"François Zaninotto"}],"source":{"type":"git","url":"https://github.com/SamuelMwangiW/Faker.git","reference":"b19234eb07f2bfdf4368a67f952f8d9fa7372528"},"dist":{"type":"zip","url":"https://api.github.com/repos/SamuelMwangiW/Faker/zipball/b19234eb07f2bfdf4368a67f952f8d9fa7372528","reference":"b19234eb07f2bfdf4368a67f952f8d9fa7372528","shasum":""},"type":"library","time":"2020-01-15T08:11:34+00:00","autoload":{"psr-4":{"Faker\\":"src/Faker/"}},"extra":{"branch-alias":{"dev-master":"1.9-dev"}},"require":{"php":"^5.3.3 || ^7.0"},"require-dev":{"ext-intl":"*","phpunit/phpunit":"^4.8.35 || ^5.7","squizlabs/php_codesniffer":"^2.9.2"},"conflict":{"fzaninotto/faker":"*"},"replace":{"fzaninotto/faker":"*"},"uid":3539564},"v1.9.3":{"name":"mwangithegreat/faker","description":"Faker is a PHP library that generates fake data for you. It is a Fork of fzaninotto/faker with en_KE provider added pending release of Faker 2.0","keywords":["faker","fixtures","data"],"homepage":"","version":"v1.9.3","version_normalized":"1.9.3.0","license":["MIT"],"authors":[{"name":"François Zaninotto"}],"source":{"type":"git","url":"https://github.com/SamuelMwangiW/Faker.git","reference":"b19234eb07f2bfdf4368a67f952f8d9fa7372528"},"dist":{"type":"zip","url":"https://api.github.com/repos/SamuelMwangiW/Faker/zipball/b19234eb07f2bfdf4368a67f952f8d9fa7372528","reference":"b19234eb07f2bfdf4368a67f952f8d9fa7372528","shasum":""},"type":"library","time":"2020-01-15T08:11:34+00:00","autoload":{"psr-4":{"Faker\\":"src/Faker/"}},"extra":{"branch-alias":{"dev-master":"1.9-dev"}},"require":{"php":"^5.3.3 || ^7.0"},"require-dev":{"ext-intl":"*","phpunit/phpunit":"^4.8.35 || ^5.7","squizlabs/php_codesniffer":"^2.9.2"},"conflict":{"fzaninotto/faker":"*"},"replace":{"fzaninotto/faker":"*"},"uid":3539854},"v1.9.4":{"name":"mwangithegreat/faker","description":"Faker is a PHP library that generates fake data for you. It is a Fork of fzaninotto/faker with en_KE provider added pending release of Faker 2.0","keywords":["faker","fixtures","data"],"homepage":"","version":"v1.9.4","version_normalized":"1.9.4.0","license":["MIT"],"authors":[{"name":"François Zaninotto"}],"source":{"type":"git","url":"https://github.com/SamuelMwangiW/Faker.git","reference":"8756433da56a86fefa67ca05771b75c24f635bf2"},"dist":{"type":"zip","url":"https://api.github.com/repos/SamuelMwangiW/Faker/zipball/8756433da56a86fefa67ca05771b75c24f635bf2","reference":"8756433da56a86fefa67ca05771b75c24f635bf2","shasum":""},"type":"library","time":"2020-01-21T12:11:15+00:00","autoload":{"psr-4":{"Faker\\":"src/Faker/"}},"extra":{"branch-alias":{"dev-master":"1.9-dev"}},"require":{"php":"^5.3.3 || ^7.0"},"require-dev":{"ext-intl":"*","phpunit/phpunit":"^4.8.35 || ^5.7","squizlabs/php_codesniffer":"^2.9.2"},"conflict":{"fzaninotto/faker":"*"},"replace":{"fzaninotto/faker":"*"},"uid":3553797},"v1.9.4.1":{"name":"mwangithegreat/faker","description":"Faker is a PHP library that generates fake data for you. It is a Fork of fzaninotto/faker with en_KE provider added pending release of Faker 2.0","keywords":["faker","fixtures","data"],"homepage":"","version":"v1.9.4.1","version_normalized":"1.9.4.1","license":["MIT"],"authors":[{"name":"François Zaninotto"}],"source":{"type":"git","url":"https://github.com/SamuelMwangiW/Faker.git","reference":"573ea714b2deccf1b64f4634850ff2f48dd94909"},"dist":{"type":"zip","url":"https://api.github.com/repos/SamuelMwangiW/Faker/zipball/573ea714b2deccf1b64f4634850ff2f48dd94909","reference":"573ea714b2deccf1b64f4634850ff2f48dd94909","shasum":""},"type":"library","time":"2020-01-21T19:57:55+00:00","autoload":{"psr-4":{"Faker\\":"src/Faker/"}},"extra":{"branch-alias":{"dev-master":"1.9-dev"}},"require":{"php":"^5.3.3 || ^7.0"},"require-dev":{"ext-intl":"*","phpunit/phpunit":"^4.8.35 || ^5.7","squizlabs/php_codesniffer":"^2.9.2"},"conflict":{"fzaninotto/faker":"*"},"replace":{"fzaninotto/faker":"*"},"uid":3555167},"v1.9.5":{"name":"mwangithegreat/faker","description":"Faker is a PHP library that generates fake data for you. It is a Fork of fzaninotto/faker with en_KE provider added pending release of Faker 2.0","keywords":["faker","fixtures","data"],"homepage":"","version":"v1.9.5","version_normalized":"1.9.5.0","license":["MIT"],"authors":[{"name":"François Zaninotto"}],"source":{"type":"git","url":"https://github.com/SamuelMwangiW/Faker.git","reference":"573ea714b2deccf1b64f4634850ff2f48dd94909"},"dist":{"type":"zip","url":"https://api.github.com/repos/SamuelMwangiW/Faker/zipball/573ea714b2deccf1b64f4634850ff2f48dd94909","reference":"573ea714b2deccf1b64f4634850ff2f48dd94909","shasum":""},"type":"library","time":"2020-01-21T19:57:55+00:00","autoload":{"psr-4":{"Faker\\":"src/Faker/"}},"extra":{"branch-alias":{"dev-master":"1.9-dev"}},"require":{"php":"^5.3.3 || ^7.0"},"require-dev":{"ext-intl":"*","phpunit/phpunit":"^4.8.35 || ^5.7","squizlabs/php_codesniffer":"^2.9.2"},"conflict":{"fzaninotto/faker":"*"},"replace":{"fzaninotto/faker":"*"},"uid":3555177},"v1.9.6":{"name":"mwangithegreat/faker","description":"Faker is a PHP library that generates fake data for you. It is a Fork of fzaninotto/faker with en_KE provider added pending release of Faker 2.0","keywords":["faker","fixtures","data"],"homepage":"","version":"v1.9.6","version_normalized":"1.9.6.0","license":["MIT"],"authors":[{"name":"François Zaninotto"}],"source":{"type":"git","url":"https://github.com/SamuelMwangiW/Faker.git","reference":"514ec4f84068633cfd6bff74c2367d98b9d8f537"},"dist":{"type":"zip","url":"https://api.github.com/repos/SamuelMwangiW/Faker/zipball/514ec4f84068633cfd6bff74c2367d98b9d8f537","reference":"514ec4f84068633cfd6bff74c2367d98b9d8f537","shasum":""},"type":"library","time":"2020-01-22T06:54:11+00:00","autoload":{"psr-4":{"Faker\\":"src/Faker/"}},"extra":{"branch-alias":{"dev-master":"1.9-dev"}},"require":{"php":"^5.3.3 || ^7.0"},"require-dev":{"ext-intl":"*","phpunit/phpunit":"^4.8.35 || ^5.7","squizlabs/php_codesniffer":"^2.9.2"},"conflict":{"fzaninotto/faker":"*"},"replace":{"fzaninotto/faker":"*"},"uid":3557372}},"srokap/data_generator":{"dev-master":{"name":"srokap/data_generator","description":"Elgg plugin, that allows to fill-up Elgg installation with a lot of fake data.","keywords":["faker","plugin","tests","data generator","elgg"],"homepage":"https://github.com/Srokap/data_generator","version":"dev-master","version_normalized":"9999999-dev","license":["MIT"],"authors":[{"name":"Paweł Sroka","email":"srokap@gmail.com"}],"source":{"type":"git","url":"https://github.com/Srokap/data_generator.git","reference":"2f06de5d4fed38dda3002a8fddb12a5a25dcbd52"},"dist":{"type":"zip","url":"https://api.github.com/repos/Srokap/data_generator/zipball/2f06de5d4fed38dda3002a8fddb12a5a25dcbd52","reference":"2f06de5d4fed38dda3002a8fddb12a5a25dcbd52","shasum":""},"type":"elgg-plugin","time":"2014-04-05T23:17:16+00:00","autoload":{"classmap":["classes/","vendors/fzaninotto/faker/src/"]},"require":{"php":">=5.3.3","composer/installers":">=1.0.8"},"provide":{"fzaninotto/faker":"1.3.0"},"uid":113834}}}}