{"packages":{"opis/closure":{"1.0.0":{"name":"opis/closure","description":"Real serialization of closures is now possible. Serialize any closure in a safe and fast way.","keywords":["serialization","function","closure","opis"],"homepage":"http://opis.io","version":"1.0.0","version_normalized":"1.0.0.0","license":["MIT"],"authors":[{"name":"Marius Sarca","email":"marius.sarca@gmail.com"}],"source":{"type":"git","url":"https://github.com/opis/closure.git","reference":"314da9688b5dca67a698398e50227bda0fa1454b"},"dist":{"type":"zip","url":"https://api.github.com/repos/opis/closure/zipball/314da9688b5dca67a698398e50227bda0fa1454b","reference":"314da9688b5dca67a698398e50227bda0fa1454b","shasum":""},"type":"library","time":"2014-02-12T22:41:50+00:00","autoload":{"psr-4":{"Opis\\Closure\\":"lib/"}},"extra":{"branch-alias":{"dev-master":"1.0-dev"}},"require":{"php":">=5.3.0"},"require-dev":{"phpunit/phpunit":"3.7.*"},"uid":132777},"1.1.0":{"name":"opis/closure","description":"Real serialization of closures is now possible. Serialize any closure in a safe and fast way.","keywords":["serialization","function","closure","opis"],"homepage":"http://opis.io","version":"1.1.0","version_normalized":"1.1.0.0","license":["MIT"],"authors":[{"name":"Marius Sarca","email":"marius.sarca@gmail.com"}],"source":{"type":"git","url":"https://github.com/opis/closure.git","reference":"56550ebd0b77f2c3ec7a33125cb7456b4df8ab0c"},"dist":{"type":"zip","url":"https://api.github.com/repos/opis/closure/zipball/56550ebd0b77f2c3ec7a33125cb7456b4df8ab0c","reference":"56550ebd0b77f2c3ec7a33125cb7456b4df8ab0c","shasum":""},"type":"library","time":"2014-02-14T02:08:50+00:00","autoload":{"psr-4":{"Opis\\Closure\\":"lib/"}},"extra":{"branch-alias":{"dev-master":"1.1-dev"}},"require":{"php":">=5.3.0"},"require-dev":{"phpunit/phpunit":"3.7.*"},"uid":133500},"1.1.1":{"name":"opis/closure","description":"Real serialization of closures is now possible. Serialize any closure in a safe and fast way.","keywords":["serialization","function","closure","opis"],"homepage":"http://opis.io","version":"1.1.1","version_normalized":"1.1.1.0","license":["MIT"],"authors":[{"name":"Marius Sarca","email":"marius.sarca@gmail.com"}],"source":{"type":"git","url":"https://github.com/opis/closure.git","reference":"20abf2077c6d2dd229e540a8929322afd7444ded"},"dist":{"type":"zip","url":"https://api.github.com/repos/opis/closure/zipball/20abf2077c6d2dd229e540a8929322afd7444ded","reference":"20abf2077c6d2dd229e540a8929322afd7444ded","shasum":""},"type":"library","time":"2014-02-15T02:25:34+00:00","autoload":{"psr-4":{"Opis\\Closure\\":"lib/"}},"extra":{"branch-alias":{"dev-master":"1.1-dev"}},"require":{"php":">=5.3.0"},"require-dev":{"phpunit/phpunit":"3.7.*"},"uid":134315},"1.2.0":{"name":"opis/closure","description":"A PHP 5.3+ library for closure serialization. Serialize any closure in a safe and fast way.","keywords":["serialize","serialization","function","closure","serializable"],"homepage":"http://opis.io","version":"1.2.0","version_normalized":"1.2.0.0","license":["MIT"],"authors":[{"name":"Marius Sarca","email":"marius.sarca@gmail.com"}],"source":{"type":"git","url":"https://github.com/opis/closure.git","reference":"9456f7483e67cf1d14d0c331efad79a3ad44305c"},"dist":{"type":"zip","url":"https://api.github.com/repos/opis/closure/zipball/9456f7483e67cf1d14d0c331efad79a3ad44305c","reference":"9456f7483e67cf1d14d0c331efad79a3ad44305c","shasum":""},"type":"library","time":"2014-02-16T16:15:22+00:00","autoload":{"psr-4":{"Opis\\Closure\\":"lib/"}},"extra":{"branch-alias":{"dev-master":"1.2-dev"}},"require":{"php":">=5.3.0"},"require-dev":{"phpunit/phpunit":"3.7.*"},"uid":134354},"1.2.1":{"name":"opis/closure","description":"A PHP 5.3+ library for closure serialization. Serialize any closure in a safe and fast way.","keywords":["serialize","serialization","function","closure","serializable"],"homepage":"http://opis.io","version":"1.2.1","version_normalized":"1.2.1.0","license":["MIT"],"authors":[{"name":"Marius Sarca","email":"marius.sarca@gmail.com"}],"source":{"type":"git","url":"https://github.com/opis/closure.git","reference":"bc05358748e9a445c878468b53e11de45f7ee0d0"},"dist":{"type":"zip","url":"https://api.github.com/repos/opis/closure/zipball/bc05358748e9a445c878468b53e11de45f7ee0d0","reference":"bc05358748e9a445c878468b53e11de45f7ee0d0","shasum":""},"type":"library","time":"2014-02-16T22:16:12+00:00","autoload":{"psr-4":{"Opis\\Closure\\":"lib/"}},"extra":{"branch-alias":{"dev-master":"1.2-dev"}},"require":{"php":">=5.3.0"},"require-dev":{"phpunit/phpunit":"3.7.*"},"uid":134482},"1.2.2":{"name":"opis/closure","description":"A library for PHP 5.3+ that can be used to serialize closures (anonymous functions).","keywords":["serialize","serialization","function","closure","serializable","anonymous functions"],"homepage":"http://opis.io","version":"1.2.2","version_normalized":"1.2.2.0","license":["MIT"],"authors":[{"name":"Marius Sarca","email":"marius.sarca@gmail.com"}],"source":{"type":"git","url":"https://github.com/opis/closure.git","reference":"0c8aea80122449af94a14e018fcb65523a3c9152"},"dist":{"type":"zip","url":"https://api.github.com/repos/opis/closure/zipball/0c8aea80122449af94a14e018fcb65523a3c9152","reference":"0c8aea80122449af94a14e018fcb65523a3c9152","shasum":""},"type":"library","time":"2014-08-04T07:50:14+00:00","autoload":{"psr-4":{"Opis\\Closure\\":"lib/"}},"extra":{"branch-alias":{"dev-master":"1.3-dev"}},"require":{"php":">=5.3.0"},"require-dev":{"phpunit/phpunit":"3.7.*"},"uid":251665},"1.3.0":{"name":"opis/closure","description":"A library for PHP 5.3+ that can be used to serialize closures (anonymous functions).","keywords":["serialize","serialization","function","closure","serializable","anonymous functions"],"homepage":"http://www.opis.io/closure","version":"1.3.0","version_normalized":"1.3.0.0","license":["MIT"],"authors":[{"name":"Marius Sarca","email":"marius.sarca@gmail.com"}],"source":{"type":"git","url":"https://github.com/opis/closure.git","reference":"ff4f31073b05197b0d1634b3613cec5526efdd81"},"dist":{"type":"zip","url":"https://api.github.com/repos/opis/closure/zipball/ff4f31073b05197b0d1634b3613cec5526efdd81","reference":"ff4f31073b05197b0d1634b3613cec5526efdd81","shasum":""},"type":"library","time":"2014-10-18T07:53:31+00:00","autoload":{"psr-4":{"Opis\\Closure\\":"lib/"}},"extra":{"branch-alias":{"dev-master":"1.4-dev"}},"require":{"php":">=5.3.0"},"require-dev":{"phpunit/phpunit":"3.7.*"},"uid":252800},"1.3.x-dev":{"name":"opis/closure","description":"A library for PHP 5.3+ that can be used to serialize closures (anonymous functions).","keywords":["serialize","serialization","function","closure","serializable","anonymous functions"],"homepage":"http://www.opis.io/closure","version":"1.3.x-dev","version_normalized":"1.3.9999999.9999999-dev","license":["MIT"],"authors":[{"name":"Marius Sarca","email":"marius.sarca@gmail.com"}],"source":{"type":"git","url":"https://github.com/opis/closure.git","reference":"c0606e6de3fab608a12452d2d68da7241527a78f"},"dist":{"type":"zip","url":"https://api.github.com/repos/opis/closure/zipball/c0606e6de3fab608a12452d2d68da7241527a78f","reference":"c0606e6de3fab608a12452d2d68da7241527a78f","shasum":""},"type":"library","time":"2015-07-30T09:33:01+00:00","autoload":{"psr-4":{"Opis\\Closure\\":"lib/"}},"require":{"php":">=5.3.0"},"require-dev":{"phpunit/phpunit":"3.7.*"},"uid":476650},"2.0.0":{"name":"opis/closure","description":"A library for PHP 5.3+ that can be used to serialize closures (anonymous functions).","keywords":["serialize","serialization","function","closure","serializable","anonymous functions"],"homepage":"http://www.opis.io/closure","version":"2.0.0","version_normalized":"2.0.0.0","license":["MIT"],"authors":[{"name":"Marius Sarca","email":"marius.sarca@gmail.com"}],"source":{"type":"git","url":"https://github.com/opis/closure.git","reference":"55f248cb8d1035aaf2f1bbec610fd34e473d2770"},"dist":{"type":"zip","url":"https://api.github.com/repos/opis/closure/zipball/55f248cb8d1035aaf2f1bbec610fd34e473d2770","reference":"55f248cb8d1035aaf2f1bbec610fd34e473d2770","shasum":""},"type":"library","time":"2015-07-30T22:05:50+00:00","autoload":{"psr-4":{"Opis\\Closure\\":"lib/"}},"extra":{"branch-alias":{"dev-master":"2.0-dev"}},"require":{"php":">=5.3.0"},"require-dev":{"phpunit/phpunit":"3.7.*"},"uid":477800},"2.0.1":{"name":"opis/closure","description":"A library for PHP 5.3+ that can be used to serialize closures (anonymous functions).","keywords":["serialize","serialization","function","closure","serializable","anonymous functions"],"homepage":"http://www.opis.io/closure","version":"2.0.1","version_normalized":"2.0.1.0","license":["MIT"],"authors":[{"name":"Marius Sarca","email":"marius.sarca@gmail.com"}],"source":{"type":"git","url":"https://github.com/opis/closure.git","reference":"b93e78e0de2a6dd753220b8191a5fb3d0946d383"},"dist":{"type":"zip","url":"https://api.github.com/repos/opis/closure/zipball/b93e78e0de2a6dd753220b8191a5fb3d0946d383","reference":"b93e78e0de2a6dd753220b8191a5fb3d0946d383","shasum":""},"type":"library","time":"2015-09-23T05:21:40+00:00","autoload":{"psr-4":{"Opis\\Closure\\":"lib/"}},"require":{"php":">=5.3.0"},"require-dev":{"phpunit/phpunit":"3.7.*"},"uid":529855},"2.1.0":{"name":"opis/closure","description":"A library for PHP 5.3+ that can be used to serialize closures (anonymous functions).","keywords":["serialize","serialization","function","closure","serializable","anonymous functions"],"homepage":"http://www.opis.io/closure","version":"2.1.0","version_normalized":"2.1.0.0","license":["MIT"],"authors":[{"name":"Marius Sarca","email":"marius.sarca@gmail.com"}],"source":{"type":"git","url":"https://github.com/opis/closure.git","reference":"d531fa3e53bd94eae6f0cf14703bdaa4f5737bc0"},"dist":{"type":"zip","url":"https://api.github.com/repos/opis/closure/zipball/d531fa3e53bd94eae6f0cf14703bdaa4f5737bc0","reference":"d531fa3e53bd94eae6f0cf14703bdaa4f5737bc0","shasum":""},"type":"library","time":"2015-09-30T12:11:59+00:00","autoload":{"psr-4":{"Opis\\Closure\\":"lib/"}},"require":{"php":">=5.3.0"},"require-dev":{"phpunit/phpunit":"3.7.*"},"uid":537116},"2.1.x-dev":{"name":"opis/closure","description":"A library for PHP 5.3+ that can be used to serialize closures (anonymous functions).","keywords":["serialize","serialization","function","closure","serializable","anonymous functions"],"homepage":"http://www.opis.io/closure","version":"2.1.x-dev","version_normalized":"2.1.9999999.9999999-dev","license":["MIT"],"authors":[{"name":"Marius Sarca","email":"marius.sarca@gmail.com"}],"source":{"type":"git","url":"https://github.com/opis/closure.git","reference":"d531fa3e53bd94eae6f0cf14703bdaa4f5737bc0"},"dist":{"type":"zip","url":"https://api.github.com/repos/opis/closure/zipball/d531fa3e53bd94eae6f0cf14703bdaa4f5737bc0","reference":"d531fa3e53bd94eae6f0cf14703bdaa4f5737bc0","shasum":""},"type":"library","time":"2015-09-30T12:11:59+00:00","autoload":{"psr-4":{"Opis\\Closure\\":"lib/"}},"require":{"php":">=5.3.0"},"require-dev":{"phpunit/phpunit":"3.7.*"},"uid":919300},"2.2.0":{"name":"opis/closure","description":"A library for PHP 5.3+ that can be used to serialize closures (anonymous functions).","keywords":["serialize","serialization","function","closure","serializable","anonymous functions"],"homepage":"http://www.opis.io/closure","version":"2.2.0","version_normalized":"2.2.0.0","license":["MIT"],"authors":[{"name":"Marius Sarca","email":"marius.sarca@gmail.com"}],"source":{"type":"git","url":"https://github.com/opis/closure.git","reference":"8633065db6b7b22dbdac4431513cbb1ea5b7e2b0"},"dist":{"type":"zip","url":"https://api.github.com/repos/opis/closure/zipball/8633065db6b7b22dbdac4431513cbb1ea5b7e2b0","reference":"8633065db6b7b22dbdac4431513cbb1ea5b7e2b0","shasum":""},"type":"library","time":"2016-07-26T07:24:41+00:00","autoload":{"psr-4":{"Opis\\Closure\\":"lib/"}},"extra":{"branch-alias":{"dev-master":"2.2.x-dev"}},"require":{"php":">=5.3.0"},"require-dev":{"jeremeamia/superclosure":"^2.0","phpunit/phpunit":"3.7.*"},"uid":920050},"2.2.1":{"name":"opis/closure","description":"A library for PHP 5.3+ that can be used to serialize closures (anonymous functions).","keywords":["serialize","serialization","function","closure","serializable","anonymous functions"],"homepage":"http://www.opis.io/closure","version":"2.2.1","version_normalized":"2.2.1.0","license":["MIT"],"authors":[{"name":"Marius Sarca","email":"marius.sarca@gmail.com"}],"source":{"type":"git","url":"https://github.com/opis/closure.git","reference":"3835169b1033c19bd683ceec3745f60bdc5987ec"},"dist":{"type":"zip","url":"https://api.github.com/repos/opis/closure/zipball/3835169b1033c19bd683ceec3745f60bdc5987ec","reference":"3835169b1033c19bd683ceec3745f60bdc5987ec","shasum":""},"type":"library","time":"2016-08-20T19:48:49+00:00","autoload":{"psr-4":{"Opis\\Closure\\":"lib/"}},"extra":{"branch-alias":{"dev-master":"2.2.x-dev"}},"require":{"php":">=5.3.0"},"require-dev":{"jeremeamia/superclosure":"^2.0","phpunit/phpunit":"3.7.*"},"uid":956376},"2.2.x-dev":{"name":"opis/closure","description":"A library for PHP 5.3+ that can be used to serialize closures (anonymous functions).","keywords":["serialize","serialization","function","closure","serializable","anonymous functions"],"homepage":"http://www.opis.io/closure","version":"2.2.x-dev","version_normalized":"2.2.9999999.9999999-dev","license":["MIT"],"authors":[{"name":"Marius Sarca","email":"marius.sarca@gmail.com"}],"source":{"type":"git","url":"https://github.com/opis/closure.git","reference":"3835169b1033c19bd683ceec3745f60bdc5987ec"},"dist":{"type":"zip","url":"https://api.github.com/repos/opis/closure/zipball/3835169b1033c19bd683ceec3745f60bdc5987ec","reference":"3835169b1033c19bd683ceec3745f60bdc5987ec","shasum":""},"type":"library","time":"2016-08-20T19:48:49+00:00","autoload":{"psr-4":{"Opis\\Closure\\":"lib/"}},"extra":{"branch-alias":{"dev-master":"2.2.x-dev"}},"require":{"php":">=5.3.0"},"require-dev":{"jeremeamia/superclosure":"^2.0","phpunit/phpunit":"3.7.*"},"uid":1083055},"2.3.0":{"name":"opis/closure","description":"A library for PHP 5.3+ that can be used to serialize closures (anonymous functions).","keywords":["serialize","serialization","function","closure","serializable","anonymous functions"],"homepage":"http://www.opis.io/closure","version":"2.3.0","version_normalized":"2.3.0.0","license":["MIT"],"authors":[{"name":"Marius Sarca","email":"marius.sarca@gmail.com"}],"source":{"type":"git","url":"https://github.com/opis/closure.git","reference":"477a9335453fde636119eff2d1d56e1173680a9b"},"dist":{"type":"zip","url":"https://api.github.com/repos/opis/closure/zipball/477a9335453fde636119eff2d1d56e1173680a9b","reference":"477a9335453fde636119eff2d1d56e1173680a9b","shasum":""},"type":"library","time":"2016-11-17T12:03:10+00:00","autoload":{"psr-4":{"Opis\\Closure\\":"lib/"}},"extra":{"branch-alias":{"dev-master":"2.3.x-dev"}},"require":{"php":">=5.3.0"},"require-dev":{"jeremeamia/superclosure":"^2.0","phpunit/phpunit":"3.7.*"},"uid":1085175},"2.3.1":{"name":"opis/closure","description":"A library for PHP 5.3+ that can be used to serialize closures (anonymous functions).","keywords":["serialize","serialization","function","closure","serializable","anonymous functions"],"homepage":"http://www.opis.io/closure","version":"2.3.1","version_normalized":"2.3.1.0","license":["MIT"],"authors":[{"name":"Marius Sarca","email":"marius.sarca@gmail.com"}],"source":{"type":"git","url":"https://github.com/opis/closure.git","reference":"d8c4df4941146b34f43f73fdfda4f5cdef428e1b"},"dist":{"type":"zip","url":"https://api.github.com/repos/opis/closure/zipball/d8c4df4941146b34f43f73fdfda4f5cdef428e1b","reference":"d8c4df4941146b34f43f73fdfda4f5cdef428e1b","shasum":""},"type":"library","time":"2016-12-13T07:22:19+00:00","autoload":{"psr-4":{"Opis\\Closure\\":"lib/"}},"extra":{"branch-alias":{"dev-master":"2.3.x-dev"}},"require":{"php":">=5.3.0"},"require-dev":{"jeremeamia/superclosure":"^2.0","phpunit/phpunit":"3.7.*"},"uid":1125229},"2.3.2":{"name":"opis/closure","description":"A library for PHP 5.3+ that can be used to serialize closures (anonymous functions).","keywords":["serialize","serialization","function","closure","serializable","anonymous functions"],"homepage":"http://www.opis.io/closure","version":"2.3.2","version_normalized":"2.3.2.0","license":["MIT"],"authors":[{"name":"Marius Sarca","email":"marius.sarca@gmail.com"}],"source":{"type":"git","url":"https://github.com/opis/closure.git","reference":"bd9055ac7c4f6cdaecddb187d32b814f6d1a3c84"},"dist":{"type":"zip","url":"https://api.github.com/repos/opis/closure/zipball/bd9055ac7c4f6cdaecddb187d32b814f6d1a3c84","reference":"bd9055ac7c4f6cdaecddb187d32b814f6d1a3c84","shasum":""},"type":"library","time":"2016-12-15T12:52:41+00:00","autoload":{"psr-4":{"Opis\\Closure\\":"lib/"}},"extra":{"branch-alias":{"dev-master":"2.3.x-dev"}},"require":{"php":">=5.3.0"},"require-dev":{"jeremeamia/superclosure":"^2.0","phpunit/phpunit":"3.7.*"},"uid":1129089},"2.3.x-dev":{"name":"opis/closure","description":"A library for PHP 5.3+ that can be used to serialize closures (anonymous functions).","keywords":["serialize","serialization","function","closure","serializable","anonymous functions"],"homepage":"http://www.opis.io/closure","version":"2.3.x-dev","version_normalized":"2.3.9999999.9999999-dev","license":["MIT"],"authors":[{"name":"Marius Sarca","email":"marius.sarca@gmail.com"}],"source":{"type":"git","url":"https://github.com/opis/closure.git","reference":"bd9055ac7c4f6cdaecddb187d32b814f6d1a3c84"},"dist":{"type":"zip","url":"https://api.github.com/repos/opis/closure/zipball/bd9055ac7c4f6cdaecddb187d32b814f6d1a3c84","reference":"bd9055ac7c4f6cdaecddb187d32b814f6d1a3c84","shasum":""},"type":"library","time":"2016-12-15T12:52:41+00:00","autoload":{"psr-4":{"Opis\\Closure\\":"lib/"}},"extra":{"branch-alias":{"dev-master":"2.3.x-dev"}},"require":{"php":">=5.3.0"},"require-dev":{"jeremeamia/superclosure":"^2.0","phpunit/phpunit":"3.7.*"},"uid":1130063},"2.4.0":{"name":"opis/closure","description":"A library for PHP 5.3+ that can be used to serialize closures (anonymous functions).","keywords":["serialize","serialization","function","closure","serializable","anonymous functions"],"homepage":"http://www.opis.io/closure","version":"2.4.0","version_normalized":"2.4.0.0","license":["MIT"],"authors":[{"name":"Marius Sarca","email":"marius.sarca@gmail.com"}],"source":{"type":"git","url":"https://github.com/opis/closure.git","reference":"658a294e5de25b966f2d7a3cfd10be8121fae2b2"},"dist":{"type":"zip","url":"https://api.github.com/repos/opis/closure/zipball/658a294e5de25b966f2d7a3cfd10be8121fae2b2","reference":"658a294e5de25b966f2d7a3cfd10be8121fae2b2","shasum":""},"type":"library","time":"2016-12-16T14:29:59+00:00","autoload":{"psr-4":{"Opis\\Closure\\":"lib/"}},"extra":{"branch-alias":{"dev-master":"2.4.x-dev"}},"require":{"php":">=5.3.0"},"require-dev":{"jeremeamia/superclosure":"^2.0","phpunit/phpunit":"3.7.*"},"uid":1130646},"2.4.1":{"name":"opis/closure","description":"A library for PHP 5.3+ that can be used to serialize closures (anonymous functions).","keywords":["serialize","serialization","function","closure","serializable","anonymous functions"],"homepage":"http://www.opis.io/closure","version":"2.4.1","version_normalized":"2.4.1.0","license":["MIT"],"authors":[{"name":"Marius Sarca","email":"marius.sarca@gmail.com"}],"source":{"type":"git","url":"https://github.com/opis/closure.git","reference":"ceee85c76bcd1fcc13e14a7579c481d533dfafbe"},"dist":{"type":"zip","url":"https://api.github.com/repos/opis/closure/zipball/ceee85c76bcd1fcc13e14a7579c481d533dfafbe","reference":"ceee85c76bcd1fcc13e14a7579c481d533dfafbe","shasum":""},"type":"library","time":"2017-04-13T08:14:00+00:00","autoload":{"psr-4":{"Opis\\Closure\\":"lib/"}},"extra":{"branch-alias":{"dev-master":"2.4.x-dev"}},"require":{"php":">=5.3.0"},"require-dev":{"jeremeamia/superclosure":"^2.0","phpunit/phpunit":"3.7.*"},"uid":1341432},"2.4.x-dev":{"name":"opis/closure","description":"A library for PHP 5.3+ that can be used to serialize closures (anonymous functions).","keywords":["serialize","serialization","function","closure","serializable","anonymous functions"],"homepage":"http://www.opis.io/closure","version":"2.4.x-dev","version_normalized":"2.4.9999999.9999999-dev","license":["MIT"],"authors":[{"name":"Marius Sarca","email":"marius.sarca@gmail.com"}],"source":{"type":"git","url":"https://github.com/opis/closure.git","reference":"ceee85c76bcd1fcc13e14a7579c481d533dfafbe"},"dist":{"type":"zip","url":"https://api.github.com/repos/opis/closure/zipball/ceee85c76bcd1fcc13e14a7579c481d533dfafbe","reference":"ceee85c76bcd1fcc13e14a7579c481d533dfafbe","shasum":""},"type":"library","time":"2017-04-13T08:14:00+00:00","autoload":{"psr-4":{"Opis\\Closure\\":"lib/"}},"extra":{"branch-alias":{"dev-master":"2.4.x-dev"}},"require":{"php":">=5.3.0"},"require-dev":{"jeremeamia/superclosure":"^2.0","phpunit/phpunit":"3.7.*"},"uid":1324420},"3.0.0":{"name":"opis/closure","description":"A library that can be used to serialize closures (anonymous functions) and arbitrary objects.","keywords":["serialize","serialization","function","closure","serializable","anonymous functions"],"homepage":"http://www.opis.io/closure","version":"3.0.0","version_normalized":"3.0.0.0","license":["MIT"],"authors":[{"name":"Marius Sarca","email":"marius.sarca@gmail.com"}],"source":{"type":"git","url":"https://github.com/opis/closure.git","reference":"6572a4d2ca617db1224e9f10cd68c7a38f95784a"},"dist":{"type":"zip","url":"https://api.github.com/repos/opis/closure/zipball/6572a4d2ca617db1224e9f10cd68c7a38f95784a","reference":"6572a4d2ca617db1224e9f10cd68c7a38f95784a","shasum":""},"type":"library","time":"2017-04-07T12:04:24+00:00","autoload":{"psr-4":{"Opis\\Closure\\":"src/"},"files":["functions.php"]},"extra":{"branch-alias":{"dev-master":"3.0.x-dev"}},"require":{"php":">=5.4.0"},"require-dev":{"jeremeamia/superclosure":"^2.0","phpunit/phpunit":"3.7.*"},"uid":1331763},"3.0.1":{"name":"opis/closure","description":"A library that can be used to serialize closures (anonymous functions) and arbitrary objects.","keywords":["serialize","serialization","function","closure","serializable","anonymous functions"],"homepage":"http://www.opis.io/closure","version":"3.0.1","version_normalized":"3.0.1.0","license":["MIT"],"authors":[{"name":"Marius Sarca","email":"marius.sarca@gmail.com"}],"source":{"type":"git","url":"https://github.com/opis/closure.git","reference":"d3cbc4ddd061d8bb3961c0a0517f99c00e63906b"},"dist":{"type":"zip","url":"https://api.github.com/repos/opis/closure/zipball/d3cbc4ddd061d8bb3961c0a0517f99c00e63906b","reference":"d3cbc4ddd061d8bb3961c0a0517f99c00e63906b","shasum":""},"type":"library","time":"2017-04-13T08:20:04+00:00","autoload":{"psr-4":{"Opis\\Closure\\":"src/"},"files":["functions.php"]},"extra":{"branch-alias":{"dev-master":"3.0.x-dev"}},"require":{"php":">=5.4.0"},"require-dev":{"jeremeamia/superclosure":"^2.0","phpunit/phpunit":"3.7.*"},"uid":1341438},"3.0.10":{"name":"opis/closure","description":"A library that can be used to serialize closures (anonymous functions) and arbitrary objects.","keywords":["serialize","serialization","function","closure","serializable","anonymous functions"],"homepage":"http://www.opis.io/closure","version":"3.0.10","version_normalized":"3.0.10.0","license":["MIT"],"authors":[{"name":"Marius Sarca","email":"marius.sarca@gmail.com"}],"source":{"type":"git","url":"https://github.com/opis/closure.git","reference":"65a05e615df10687647c3faa2311758edbd38931"},"dist":{"type":"zip","url":"https://api.github.com/repos/opis/closure/zipball/65a05e615df10687647c3faa2311758edbd38931","reference":"65a05e615df10687647c3faa2311758edbd38931","shasum":""},"type":"library","time":"2018-01-04T19:44:58+00:00","autoload":{"psr-4":{"Opis\\Closure\\":"src/"},"files":["functions.php"]},"extra":{"branch-alias":{"dev-master":"3.0.x-dev"}},"require":{"php":">=5.4.0"},"require-dev":{"jeremeamia/superclosure":"^2.0","phpunit/phpunit":"^4.0"},"uid":1825060},"3.0.11":{"name":"opis/closure","description":"A library that can be used to serialize closures (anonymous functions) and arbitrary objects.","keywords":["serialize","serialization","function","closure","serializable","anonymous functions"],"homepage":"http://www.opis.io/closure","version":"3.0.11","version_normalized":"3.0.11.0","license":["MIT"],"authors":[{"name":"Marius Sarca","email":"marius.sarca@gmail.com"}],"source":{"type":"git","url":"https://github.com/opis/closure.git","reference":"62449d1ee06cd34bc7181eab9bfb3d483183b926"},"dist":{"type":"zip","url":"https://api.github.com/repos/opis/closure/zipball/62449d1ee06cd34bc7181eab9bfb3d483183b926","reference":"62449d1ee06cd34bc7181eab9bfb3d483183b926","shasum":""},"type":"library","time":"2018-01-21T23:48:20+00:00","autoload":{"psr-4":{"Opis\\Closure\\":"src/"},"files":["functions.php"]},"extra":{"branch-alias":{"dev-master":"3.0.x-dev"}},"require":{"php":">=5.4.0"},"require-dev":{"jeremeamia/superclosure":"^2.0","phpunit/phpunit":"^4.0"},"uid":1856611},"3.0.12":{"name":"opis/closure","description":"A library that can be used to serialize closures (anonymous functions) and arbitrary objects.","keywords":["serialize","serialization","function","closure","serializable","anonymous functions"],"homepage":"http://www.opis.io/closure","version":"3.0.12","version_normalized":"3.0.12.0","license":["MIT"],"authors":[{"name":"Marius Sarca","email":"marius.sarca@gmail.com"}],"source":{"type":"git","url":"https://github.com/opis/closure.git","reference":"507a28d15e79258d404ba76e73976ba895d0eb11"},"dist":{"type":"zip","url":"https://api.github.com/repos/opis/closure/zipball/507a28d15e79258d404ba76e73976ba895d0eb11","reference":"507a28d15e79258d404ba76e73976ba895d0eb11","shasum":""},"type":"library","time":"2018-02-23T08:08:14+00:00","autoload":{"psr-4":{"Opis\\Closure\\":"src/"},"files":["functions.php"]},"extra":{"branch-alias":{"dev-master":"3.0.x-dev"}},"require":{"php":">=5.4.0"},"require-dev":{"jeremeamia/superclosure":"^2.0","phpunit/phpunit":"^4.0"},"uid":1936234},"3.0.2":{"name":"opis/closure","description":"A library that can be used to serialize closures (anonymous functions) and arbitrary objects.","keywords":["serialize","serialization","function","closure","serializable","anonymous functions"],"homepage":"http://www.opis.io/closure","version":"3.0.2","version_normalized":"3.0.2.0","license":["MIT"],"authors":[{"name":"Marius Sarca","email":"marius.sarca@gmail.com"}],"source":{"type":"git","url":"https://github.com/opis/closure.git","reference":"1c15e98be4ee86b259e1225b3eb4c75a9d96cc37"},"dist":{"type":"zip","url":"https://api.github.com/repos/opis/closure/zipball/1c15e98be4ee86b259e1225b3eb4c75a9d96cc37","reference":"1c15e98be4ee86b259e1225b3eb4c75a9d96cc37","shasum":""},"type":"library","time":"2017-08-28T09:53:15+00:00","autoload":{"psr-4":{"Opis\\Closure\\":"src/"},"files":["functions.php"]},"extra":{"branch-alias":{"dev-master":"3.0.x-dev"}},"require":{"php":">=5.4.0"},"require-dev":{"jeremeamia/superclosure":"^2.0","phpunit/phpunit":"3.7.*"},"uid":1577938},"3.0.3":{"name":"opis/closure","description":"A library that can be used to serialize closures (anonymous functions) and arbitrary objects.","keywords":["serialize","serialization","function","closure","serializable","anonymous functions"],"homepage":"http://www.opis.io/closure","version":"3.0.3","version_normalized":"3.0.3.0","license":["MIT"],"authors":[{"name":"Marius Sarca","email":"marius.sarca@gmail.com"}],"source":{"type":"git","url":"https://github.com/opis/closure.git","reference":"49711764bd6fc0587d6a79058b8d03deb7142c52"},"dist":{"type":"zip","url":"https://api.github.com/repos/opis/closure/zipball/49711764bd6fc0587d6a79058b8d03deb7142c52","reference":"49711764bd6fc0587d6a79058b8d03deb7142c52","shasum":""},"type":"library","time":"2017-09-06T12:35:54+00:00","autoload":{"psr-4":{"Opis\\Closure\\":"src/"},"files":["functions.php"]},"extra":{"branch-alias":{"dev-master":"3.0.x-dev"}},"require":{"php":">=5.4.0"},"require-dev":{"jeremeamia/superclosure":"^2.0","phpunit/phpunit":"3.7.*"},"uid":1596236},"3.0.4":{"name":"opis/closure","description":"A library that can be used to serialize closures (anonymous functions) and arbitrary objects.","keywords":["serialize","serialization","function","closure","serializable","anonymous functions"],"homepage":"http://www.opis.io/closure","version":"3.0.4","version_normalized":"3.0.4.0","license":["MIT"],"authors":[{"name":"Marius Sarca","email":"marius.sarca@gmail.com"}],"source":{"type":"git","url":"https://github.com/opis/closure.git","reference":"7361ea0fccf7e52e8aa885995bab234879d4659d"},"dist":{"type":"zip","url":"https://api.github.com/repos/opis/closure/zipball/7361ea0fccf7e52e8aa885995bab234879d4659d","reference":"7361ea0fccf7e52e8aa885995bab234879d4659d","shasum":""},"type":"library","time":"2017-09-18T12:24:10+00:00","autoload":{"psr-4":{"Opis\\Closure\\":"src/"},"files":["functions.php"]},"extra":{"branch-alias":{"dev-master":"3.0.x-dev"}},"require":{"php":">=5.4.0"},"require-dev":{"jeremeamia/superclosure":"^2.0","phpunit/phpunit":"3.7.*"},"uid":1617571},"3.0.5":{"name":"opis/closure","description":"A library that can be used to serialize closures (anonymous functions) and arbitrary objects.","keywords":["serialize","serialization","function","closure","serializable","anonymous functions"],"homepage":"http://www.opis.io/closure","version":"3.0.5","version_normalized":"3.0.5.0","license":["MIT"],"authors":[{"name":"Marius Sarca","email":"marius.sarca@gmail.com"}],"source":{"type":"git","url":"https://github.com/opis/closure.git","reference":"bc2ca2b6f51a1de1c8d9cf8df2b63d2348f92aa6"},"dist":{"type":"zip","url":"https://api.github.com/repos/opis/closure/zipball/bc2ca2b6f51a1de1c8d9cf8df2b63d2348f92aa6","reference":"bc2ca2b6f51a1de1c8d9cf8df2b63d2348f92aa6","shasum":""},"type":"library","time":"2017-09-18T14:30:50+00:00","autoload":{"psr-4":{"Opis\\Closure\\":"src/"},"files":["functions.php"]},"extra":{"branch-alias":{"dev-master":"3.0.x-dev"}},"require":{"php":">=5.4.0"},"require-dev":{"jeremeamia/superclosure":"^2.0","phpunit/phpunit":"3.7.*"},"uid":1617828},"3.0.6":{"name":"opis/closure","description":"A library that can be used to serialize closures (anonymous functions) and arbitrary objects.","keywords":["serialize","serialization","function","closure","serializable","anonymous functions"],"homepage":"http://www.opis.io/closure","version":"3.0.6","version_normalized":"3.0.6.0","license":["MIT"],"authors":[{"name":"Marius Sarca","email":"marius.sarca@gmail.com"}],"source":{"type":"git","url":"https://github.com/opis/closure.git","reference":"10ed3ad04547dc3c749e64b222b0f8a1f99f74b4"},"dist":{"type":"zip","url":"https://api.github.com/repos/opis/closure/zipball/10ed3ad04547dc3c749e64b222b0f8a1f99f74b4","reference":"10ed3ad04547dc3c749e64b222b0f8a1f99f74b4","shasum":""},"type":"library","time":"2017-10-06T08:03:41+00:00","autoload":{"psr-4":{"Opis\\Closure\\":"src/"},"files":["functions.php"]},"extra":{"branch-alias":{"dev-master":"3.0.x-dev"}},"require":{"php":">=5.4.0"},"require-dev":{"jeremeamia/superclosure":"^2.0","phpunit/phpunit":"3.7.*"},"uid":1650347},"3.0.7":{"name":"opis/closure","description":"A library that can be used to serialize closures (anonymous functions) and arbitrary objects.","keywords":["serialize","serialization","function","closure","serializable","anonymous functions"],"homepage":"http://www.opis.io/closure","version":"3.0.7","version_normalized":"3.0.7.0","license":["MIT"],"authors":[{"name":"Marius Sarca","email":"marius.sarca@gmail.com"}],"source":{"type":"git","url":"https://github.com/opis/closure.git","reference":"cd721f6cb36133f31bf7e4d106c7f774ab6a0f6b"},"dist":{"type":"zip","url":"https://api.github.com/repos/opis/closure/zipball/cd721f6cb36133f31bf7e4d106c7f774ab6a0f6b","reference":"cd721f6cb36133f31bf7e4d106c7f774ab6a0f6b","shasum":""},"type":"library","time":"2017-10-31T20:48:53+00:00","autoload":{"psr-4":{"Opis\\Closure\\":"src/"},"files":["functions.php"]},"extra":{"branch-alias":{"dev-master":"3.0.x-dev"}},"require":{"php":">=5.4.0"},"require-dev":{"jeremeamia/superclosure":"^2.0","phpunit/phpunit":"3.7.*"},"uid":1698036},"3.0.8":{"name":"opis/closure","description":"A library that can be used to serialize closures (anonymous functions) and arbitrary objects.","keywords":["serialize","serialization","function","closure","serializable","anonymous functions"],"homepage":"http://www.opis.io/closure","version":"3.0.8","version_normalized":"3.0.8.0","license":["MIT"],"authors":[{"name":"Marius Sarca","email":"marius.sarca@gmail.com"}],"source":{"type":"git","url":"https://github.com/opis/closure.git","reference":"6391299446c6120bd3e49cb1cc64b1a131616120"},"dist":{"type":"zip","url":"https://api.github.com/repos/opis/closure/zipball/6391299446c6120bd3e49cb1cc64b1a131616120","reference":"6391299446c6120bd3e49cb1cc64b1a131616120","shasum":""},"type":"library","time":"2017-12-17T23:52:03+00:00","autoload":{"psr-4":{"Opis\\Closure\\":"src/"},"files":["functions.php"]},"extra":{"branch-alias":{"dev-master":"3.0.x-dev"}},"require":{"php":">=5.4.0"},"require-dev":{"jeremeamia/superclosure":"^2.0","phpunit/phpunit":"3.7.*"},"uid":1795080},"3.0.9":{"name":"opis/closure","description":"A library that can be used to serialize closures (anonymous functions) and arbitrary objects.","keywords":["serialize","serialization","function","closure","serializable","anonymous functions"],"homepage":"http://www.opis.io/closure","version":"3.0.9","version_normalized":"3.0.9.0","license":["MIT"],"authors":[{"name":"Marius Sarca","email":"marius.sarca@gmail.com"}],"source":{"type":"git","url":"https://github.com/opis/closure.git","reference":"2534f6cfd46478b9580282e4a553759519b959d9"},"dist":{"type":"zip","url":"https://api.github.com/repos/opis/closure/zipball/2534f6cfd46478b9580282e4a553759519b959d9","reference":"2534f6cfd46478b9580282e4a553759519b959d9","shasum":""},"type":"library","time":"2018-01-04T12:58:33+00:00","autoload":{"psr-4":{"Opis\\Closure\\":"src/"},"files":["functions.php"]},"extra":{"branch-alias":{"dev-master":"3.0.x-dev"}},"require":{"php":">=5.4.0"},"require-dev":{"jeremeamia/superclosure":"^2.0","phpunit/phpunit":"3.7.*"},"uid":1824420},"3.1.0":{"name":"opis/closure","description":"A library that can be used to serialize closures (anonymous functions) and arbitrary objects.","keywords":["serialize","serialization","function","closure","serializable","anonymous functions"],"homepage":"https://opis.io/closure","version":"3.1.0","version_normalized":"3.1.0.0","license":["MIT"],"authors":[{"name":"Marius Sarca","email":"marius.sarca@gmail.com"},{"name":"Sorin Sarca","email":"sarca_sorin@hotmail.com"}],"source":{"type":"git","url":"https://github.com/opis/closure.git","reference":"8cf94ab02f53a3988a1c467d81c13f806bb09647"},"dist":{"type":"zip","url":"https://api.github.com/repos/opis/closure/zipball/8cf94ab02f53a3988a1c467d81c13f806bb09647","reference":"8cf94ab02f53a3988a1c467d81c13f806bb09647","shasum":""},"type":"library","time":"2018-09-20T08:06:17+00:00","autoload":{"psr-4":{"Opis\\Closure\\":"src/"},"files":["functions.php"]},"extra":{"branch-alias":{"dev-master":"3.0.x-dev"}},"require":{"php":"^5.4 || ^7.0"},"require-dev":{"jeremeamia/superclosure":"^2.0","phpunit/phpunit":"^4.0"},"uid":2473508},"3.1.1":{"name":"opis/closure","description":"A library that can be used to serialize closures (anonymous functions) and arbitrary objects.","keywords":["serialize","serialization","function","closure","serializable","anonymous functions"],"homepage":"https://opis.io/closure","version":"3.1.1","version_normalized":"3.1.1.0","license":["MIT"],"authors":[{"name":"Marius Sarca","email":"marius.sarca@gmail.com"},{"name":"Sorin Sarca","email":"sarca_sorin@hotmail.com"}],"source":{"type":"git","url":"https://github.com/opis/closure.git","reference":"d3209e46ad6c69a969b705df0738fd0dbe26ef9e"},"dist":{"type":"zip","url":"https://api.github.com/repos/opis/closure/zipball/d3209e46ad6c69a969b705df0738fd0dbe26ef9e","reference":"d3209e46ad6c69a969b705df0738fd0dbe26ef9e","shasum":""},"type":"library","time":"2018-10-02T13:36:53+00:00","autoload":{"psr-4":{"Opis\\Closure\\":"src/"},"files":["functions.php"]},"extra":{"branch-alias":{"dev-master":"3.0.x-dev"}},"require":{"php":"^5.4 || ^7.0"},"require-dev":{"jeremeamia/superclosure":"^2.0","phpunit/phpunit":"^4.0"},"uid":2496844},"3.1.2":{"name":"opis/closure","description":"A library that can be used to serialize closures (anonymous functions) and arbitrary objects.","keywords":["serialize","serialization","function","closure","serializable","anonymous functions"],"homepage":"https://opis.io/closure","version":"3.1.2","version_normalized":"3.1.2.0","license":["MIT"],"authors":[{"name":"Marius Sarca","email":"marius.sarca@gmail.com"},{"name":"Sorin Sarca","email":"sarca_sorin@hotmail.com"}],"source":{"type":"git","url":"https://github.com/opis/closure.git","reference":"de00c69a2328d3ee5baa71fc584dc643222a574c"},"dist":{"type":"zip","url":"https://api.github.com/repos/opis/closure/zipball/de00c69a2328d3ee5baa71fc584dc643222a574c","reference":"de00c69a2328d3ee5baa71fc584dc643222a574c","shasum":""},"type":"library","time":"2018-12-16T21:48:23+00:00","autoload":{"psr-4":{"Opis\\Closure\\":"src/"},"files":["functions.php"]},"extra":{"branch-alias":{"dev-master":"3.0.x-dev"}},"require":{"php":"^5.4 || ^7.0"},"require-dev":{"jeremeamia/superclosure":"^2.0","phpunit/phpunit":"^4.0|^5.0|^6.0|^7.0"},"uid":2642375},"3.1.3":{"name":"opis/closure","description":"A library that can be used to serialize closures (anonymous functions) and arbitrary objects.","keywords":["serialize","serialization","function","closure","serializable","anonymous functions"],"homepage":"https://opis.io/closure","version":"3.1.3","version_normalized":"3.1.3.0","license":["MIT"],"authors":[{"name":"Marius Sarca","email":"marius.sarca@gmail.com"},{"name":"Sorin Sarca","email":"sarca_sorin@hotmail.com"}],"source":{"type":"git","url":"https://github.com/opis/closure.git","reference":"5e9095ce871a425ab87a854b285b7766de38a7d9"},"dist":{"type":"zip","url":"https://api.github.com/repos/opis/closure/zipball/5e9095ce871a425ab87a854b285b7766de38a7d9","reference":"5e9095ce871a425ab87a854b285b7766de38a7d9","shasum":""},"type":"library","time":"2019-01-06T22:07:38+00:00","autoload":{"psr-4":{"Opis\\Closure\\":"src/"},"files":["functions.php"]},"extra":{"branch-alias":{"dev-master":"3.1.x-dev"}},"require":{"php":"^5.4 || ^7.0"},"require-dev":{"jeremeamia/superclosure":"^2.0","phpunit/phpunit":"^4.0|^5.0|^6.0|^7.0"},"uid":2672459},"3.1.4":{"name":"opis/closure","description":"A library that can be used to serialize closures (anonymous functions) and arbitrary objects.","keywords":["serialize","serialization","function","closure","serializable","anonymous functions"],"homepage":"https://opis.io/closure","version":"3.1.4","version_normalized":"3.1.4.0","license":["MIT"],"authors":[{"name":"Marius Sarca","email":"marius.sarca@gmail.com"},{"name":"Sorin Sarca","email":"sarca_sorin@hotmail.com"}],"source":{"type":"git","url":"https://github.com/opis/closure.git","reference":"3f28ad09e82ce254d12ca01b0fb8592d0c861eb5"},"dist":{"type":"zip","url":"https://api.github.com/repos/opis/closure/zipball/3f28ad09e82ce254d12ca01b0fb8592d0c861eb5","reference":"3f28ad09e82ce254d12ca01b0fb8592d0c861eb5","shasum":""},"type":"library","time":"2019-01-14T09:58:52+00:00","autoload":{"psr-4":{"Opis\\Closure\\":"src/"},"files":["functions.php"]},"extra":{"branch-alias":{"dev-master":"3.1.x-dev"}},"require":{"php":"^5.4 || ^7.0"},"require-dev":{"jeremeamia/superclosure":"^2.0","phpunit/phpunit":"^4.0|^5.0|^6.0|^7.0"},"uid":2689535},"3.1.5":{"name":"opis/closure","description":"A library that can be used to serialize closures (anonymous functions) and arbitrary objects.","keywords":["serialize","serialization","function","closure","serializable","anonymous functions"],"homepage":"https://opis.io/closure","version":"3.1.5","version_normalized":"3.1.5.0","license":["MIT"],"authors":[{"name":"Marius Sarca","email":"marius.sarca@gmail.com"},{"name":"Sorin Sarca","email":"sarca_sorin@hotmail.com"}],"source":{"type":"git","url":"https://github.com/opis/closure.git","reference":"41f5da65d75cf473e5ee582df8fc7f2c733ce9d6"},"dist":{"type":"zip","url":"https://api.github.com/repos/opis/closure/zipball/41f5da65d75cf473e5ee582df8fc7f2c733ce9d6","reference":"41f5da65d75cf473e5ee582df8fc7f2c733ce9d6","shasum":""},"type":"library","time":"2019-01-14T14:45:33+00:00","autoload":{"psr-4":{"Opis\\Closure\\":"src/"},"files":["functions.php"]},"extra":{"branch-alias":{"dev-master":"3.1.x-dev"}},"require":{"php":"^5.4 || ^7.0"},"require-dev":{"jeremeamia/superclosure":"^2.0","phpunit/phpunit":"^4.0|^5.0|^6.0|^7.0"},"uid":2690133},"3.1.6":{"name":"opis/closure","description":"A library that can be used to serialize closures (anonymous functions) and arbitrary objects.","keywords":["serialize","serialization","function","closure","serializable","anonymous functions"],"homepage":"https://opis.io/closure","version":"3.1.6","version_normalized":"3.1.6.0","license":["MIT"],"authors":[{"name":"Marius Sarca","email":"marius.sarca@gmail.com"},{"name":"Sorin Sarca","email":"sarca_sorin@hotmail.com"}],"source":{"type":"git","url":"https://github.com/opis/closure.git","reference":"ccb8e3928c5c8181c76cdd0ed9366c5bcaafd91b"},"dist":{"type":"zip","url":"https://api.github.com/repos/opis/closure/zipball/ccb8e3928c5c8181c76cdd0ed9366c5bcaafd91b","reference":"ccb8e3928c5c8181c76cdd0ed9366c5bcaafd91b","shasum":""},"type":"library","time":"2019-02-22T10:30:00+00:00","autoload":{"psr-4":{"Opis\\Closure\\":"src/"},"files":["functions.php"]},"extra":{"branch-alias":{"dev-master":"3.1.x-dev"}},"require":{"php":"^5.4 || ^7.0"},"require-dev":{"jeremeamia/superclosure":"^2.0","phpunit/phpunit":"^4.0|^5.0|^6.0|^7.0"},"uid":2789440},"3.2.0":{"name":"opis/closure","description":"A library that can be used to serialize closures (anonymous functions) and arbitrary objects.","keywords":["serialize","serialization","function","closure","serializable","anonymous functions"],"homepage":"https://opis.io/closure","version":"3.2.0","version_normalized":"3.2.0.0","license":["MIT"],"authors":[{"name":"Marius Sarca","email":"marius.sarca@gmail.com"},{"name":"Sorin Sarca","email":"sarca_sorin@hotmail.com"}],"source":{"type":"git","url":"https://github.com/opis/closure.git","reference":"09b4389715a7eec100176ea58286649181753508"},"dist":{"type":"zip","url":"https://api.github.com/repos/opis/closure/zipball/09b4389715a7eec100176ea58286649181753508","reference":"09b4389715a7eec100176ea58286649181753508","shasum":""},"type":"library","time":"2019-05-05T12:50:25+00:00","autoload":{"psr-4":{"Opis\\Closure\\":"src/"},"files":["functions.php"]},"extra":{"branch-alias":{"dev-master":"3.2.x-dev"}},"require":{"php":"^5.4 || ^7.0"},"require-dev":{"jeremeamia/superclosure":"^2.0","phpunit/phpunit":"^4.0|^5.0|^6.0|^7.0"},"uid":2941060},"3.3.0":{"name":"opis/closure","description":"A library that can be used to serialize closures (anonymous functions) and arbitrary objects.","keywords":["serialize","serialization","function","closure","serializable","anonymous functions"],"homepage":"https://opis.io/closure","version":"3.3.0","version_normalized":"3.3.0.0","license":["MIT"],"authors":[{"name":"Marius Sarca","email":"marius.sarca@gmail.com"},{"name":"Sorin Sarca","email":"sarca_sorin@hotmail.com"}],"source":{"type":"git","url":"https://github.com/opis/closure.git","reference":"f846725591203098246276b2e7b9e8b7814c4965"},"dist":{"type":"zip","url":"https://api.github.com/repos/opis/closure/zipball/f846725591203098246276b2e7b9e8b7814c4965","reference":"f846725591203098246276b2e7b9e8b7814c4965","shasum":""},"type":"library","time":"2019-05-31T20:04:32+00:00","autoload":{"psr-4":{"Opis\\Closure\\":"src/"},"files":["functions.php"]},"extra":{"branch-alias":{"dev-master":"3.3.x-dev"}},"require":{"php":"^5.4 || ^7.0"},"require-dev":{"jeremeamia/superclosure":"^2.0","phpunit/phpunit":"^4.0 || ^5.0 || ^6.0 || ^7.0"},"uid":3003794},"3.3.1":{"name":"opis/closure","description":"A library that can be used to serialize closures (anonymous functions) and arbitrary objects.","keywords":["serialize","serialization","function","closure","serializable","anonymous functions"],"homepage":"https://opis.io/closure","version":"3.3.1","version_normalized":"3.3.1.0","license":["MIT"],"authors":[{"name":"Marius Sarca","email":"marius.sarca@gmail.com"},{"name":"Sorin Sarca","email":"sarca_sorin@hotmail.com"}],"source":{"type":"git","url":"https://github.com/opis/closure.git","reference":"92927e26d7fc3f271efe1f55bdbb073fbb2f0722"},"dist":{"type":"zip","url":"https://api.github.com/repos/opis/closure/zipball/92927e26d7fc3f271efe1f55bdbb073fbb2f0722","reference":"92927e26d7fc3f271efe1f55bdbb073fbb2f0722","shasum":""},"type":"library","time":"2019-07-09T21:58:11+00:00","autoload":{"psr-4":{"Opis\\Closure\\":"src/"},"files":["functions.php"]},"extra":{"branch-alias":{"dev-master":"3.3.x-dev"}},"require":{"php":"^5.4 || ^7.0"},"require-dev":{"jeremeamia/superclosure":"^2.0","phpunit/phpunit":"^4.0 || ^5.0 || ^6.0 || ^7.0"},"uid":3090710},"3.4.0":{"name":"opis/closure","description":"A library that can be used to serialize closures (anonymous functions) and arbitrary objects.","keywords":["serialize","serialization","function","closure","serializable","anonymous functions"],"homepage":"https://opis.io/closure","version":"3.4.0","version_normalized":"3.4.0.0","license":["MIT"],"authors":[{"name":"Marius Sarca","email":"marius.sarca@gmail.com"},{"name":"Sorin Sarca","email":"sarca_sorin@hotmail.com"}],"source":{"type":"git","url":"https://github.com/opis/closure.git","reference":"60a97fff133b1669a5b1776aa8ab06db3f3962b7"},"dist":{"type":"zip","url":"https://api.github.com/repos/opis/closure/zipball/60a97fff133b1669a5b1776aa8ab06db3f3962b7","reference":"60a97fff133b1669a5b1776aa8ab06db3f3962b7","shasum":""},"type":"library","time":"2019-09-02T21:07:33+00:00","autoload":{"psr-4":{"Opis\\Closure\\":"src/"},"files":["functions.php"]},"extra":{"branch-alias":{"dev-master":"3.3.x-dev"}},"require":{"php":"^5.4 || ^7.0"},"require-dev":{"jeremeamia/superclosure":"^2.0","phpunit/phpunit":"^4.0 || ^5.0 || ^6.0 || ^7.0"},"uid":3203794},"3.4.1":{"name":"opis/closure","description":"A library that can be used to serialize closures (anonymous functions) and arbitrary objects.","keywords":["serialize","serialization","function","closure","serializable","anonymous functions"],"homepage":"https://opis.io/closure","version":"3.4.1","version_normalized":"3.4.1.0","license":["MIT"],"authors":[{"name":"Marius Sarca","email":"marius.sarca@gmail.com"},{"name":"Sorin Sarca","email":"sarca_sorin@hotmail.com"}],"source":{"type":"git","url":"https://github.com/opis/closure.git","reference":"e79f851749c3caa836d7ccc01ede5828feb762c7"},"dist":{"type":"zip","url":"https://api.github.com/repos/opis/closure/zipball/e79f851749c3caa836d7ccc01ede5828feb762c7","reference":"e79f851749c3caa836d7ccc01ede5828feb762c7","shasum":""},"type":"library","time":"2019-10-19T18:38:51+00:00","autoload":{"psr-4":{"Opis\\Closure\\":"src/"},"files":["functions.php"]},"extra":{"branch-alias":{"dev-master":"3.3.x-dev"}},"require":{"php":"^5.4 || ^7.0"},"require-dev":{"jeremeamia/superclosure":"^2.0","phpunit/phpunit":"^4.0 || ^5.0 || ^6.0 || ^7.0"},"uid":3312591},"3.4.2":{"name":"opis/closure","description":"A library that can be used to serialize closures (anonymous functions) and arbitrary objects.","keywords":["serialize","serialization","function","closure","serializable","anonymous functions"],"homepage":"https://opis.io/closure","version":"3.4.2","version_normalized":"3.4.2.0","license":["MIT"],"authors":[{"name":"Marius Sarca","email":"marius.sarca@gmail.com"},{"name":"Sorin Sarca","email":"sarca_sorin@hotmail.com"}],"source":{"type":"git","url":"https://github.com/opis/closure.git","reference":"27fdc275b7963492d0bf0852525da57ff2be67a0"},"dist":{"type":"zip","url":"https://api.github.com/repos/opis/closure/zipball/27fdc275b7963492d0bf0852525da57ff2be67a0","reference":"27fdc275b7963492d0bf0852525da57ff2be67a0","shasum":""},"type":"library","time":"2019-11-29T11:33:32+00:00","autoload":{"psr-4":{"Opis\\Closure\\":"src/"},"files":["functions.php"]},"extra":{"branch-alias":{"dev-master":"3.4.x-dev"}},"require":{"php":"^5.4 || ^7.0"},"require-dev":{"jeremeamia/superclosure":"^2.0","phpunit/phpunit":"^4.0 || ^5.0 || ^6.0 || ^7.0"},"uid":3419345},"3.5.0":{"name":"opis/closure","description":"A library that can be used to serialize closures (anonymous functions) and arbitrary objects.","keywords":["serialize","serialization","function","closure","serializable","anonymous functions"],"homepage":"https://opis.io/closure","version":"3.5.0","version_normalized":"3.5.0.0","license":["MIT"],"authors":[{"name":"Marius Sarca","email":"marius.sarca@gmail.com"},{"name":"Sorin Sarca","email":"sarca_sorin@hotmail.com"}],"source":{"type":"git","url":"https://github.com/opis/closure.git","reference":"1c858950caeaaadd934cfc7a0adde596280f3cd1"},"dist":{"type":"zip","url":"https://api.github.com/repos/opis/closure/zipball/1c858950caeaaadd934cfc7a0adde596280f3cd1","reference":"1c858950caeaaadd934cfc7a0adde596280f3cd1","shasum":""},"type":"library","time":"2019-11-29T21:26:05+00:00","autoload":{"psr-4":{"Opis\\Closure\\":"src/"},"files":["functions.php"]},"extra":{"branch-alias":{"dev-master":"3.5.x-dev"}},"require":{"php":"^5.4 || ^7.0"},"require-dev":{"jeremeamia/superclosure":"^2.0","phpunit/phpunit":"^4.0 || ^5.0 || ^6.0 || ^7.0"},"uid":3420239},"3.5.1":{"name":"opis/closure","description":"A library that can be used to serialize closures (anonymous functions) and arbitrary objects.","keywords":["serialize","serialization","function","closure","serializable","anonymous functions"],"homepage":"https://opis.io/closure","version":"3.5.1","version_normalized":"3.5.1.0","license":["MIT"],"authors":[{"name":"Marius Sarca","email":"marius.sarca@gmail.com"},{"name":"Sorin Sarca","email":"sarca_sorin@hotmail.com"}],"source":{"type":"git","url":"https://github.com/opis/closure.git","reference":"93ebc5712cdad8d5f489b500c59d122df2e53969"},"dist":{"type":"zip","url":"https://api.github.com/repos/opis/closure/zipball/93ebc5712cdad8d5f489b500c59d122df2e53969","reference":"93ebc5712cdad8d5f489b500c59d122df2e53969","shasum":""},"type":"library","time":"2019-11-29T22:36:02+00:00","autoload":{"psr-4":{"Opis\\Closure\\":"src/"},"files":["functions.php"]},"extra":{"branch-alias":{"dev-master":"3.5.x-dev"}},"require":{"php":"^5.4 || ^7.0"},"require-dev":{"jeremeamia/superclosure":"^2.0","phpunit/phpunit":"^4.0 || ^5.0 || ^6.0 || ^7.0"},"uid":3420287},"dev-master":{"name":"opis/closure","description":"A library that can be used to serialize closures (anonymous functions) and arbitrary objects.","keywords":["serialize","serialization","function","closure","serializable","anonymous functions"],"homepage":"https://opis.io/closure","version":"dev-master","version_normalized":"9999999-dev","license":["MIT"],"authors":[{"name":"Marius Sarca","email":"marius.sarca@gmail.com"},{"name":"Sorin Sarca","email":"sarca_sorin@hotmail.com"}],"source":{"type":"git","url":"https://github.com/opis/closure.git","reference":"c37b40d59d9afffc2e5e958e2e5ccdb08634f81d"},"dist":{"type":"zip","url":"https://api.github.com/repos/opis/closure/zipball/c37b40d59d9afffc2e5e958e2e5ccdb08634f81d","reference":"c37b40d59d9afffc2e5e958e2e5ccdb08634f81d","shasum":""},"type":"library","time":"2019-12-21T12:58:57+00:00","autoload":{"psr-4":{"Opis\\Closure\\":"src/"},"files":["functions.php"]},"extra":{"branch-alias":{"dev-master":"3.5.x-dev"}},"require":{"php":"^5.4 || ^7.0"},"require-dev":{"jeremeamia/superclosure":"^2.0","phpunit/phpunit":"^4.0 || ^5.0 || ^6.0 || ^7.0"},"uid":132726}}}}