{"packages":{"dragonmantank/cron-expression":{"dev-issue/35-fix-and-or-problem":{"name":"dragonmantank/cron-expression","description":"CRON for PHP: Calculate the next or previous run date and determine if a CRON expression is due","keywords":["cron","schedule"],"homepage":"","version":"dev-issue/35-fix-and-or-problem","version_normalized":"dev-issue/35-fix-and-or-problem","license":["MIT"],"authors":[{"name":"Chris Tankersley","email":"chris@ctankersley.com","homepage":"https://github.com/dragonmantank"}],"source":{"type":"git","url":"https://github.com/dragonmantank/cron-expression.git","reference":"832f1bd42e593a0c59a1c3665b6e367e0d5fe4e9"},"dist":{"type":"zip","url":"https://api.github.com/repos/dragonmantank/cron-expression/zipball/832f1bd42e593a0c59a1c3665b6e367e0d5fe4e9","reference":"832f1bd42e593a0c59a1c3665b6e367e0d5fe4e9","shasum":""},"type":"library","time":"2019-10-11T04:42:46+00:00","autoload":{"psr-4":{"Cron\\":"src/Cron/"}},"extra":{"branch-alias":{"dev-master":"2.3-dev"}},"require":{"php":"^7.1"},"require-dev":{"phpstan/phpstan":"^0.11","phpunit/phpunit":"^6.4|^7.0"},"uid":3292714},"dev-master":{"name":"dragonmantank/cron-expression","description":"CRON for PHP: Calculate the next or previous run date and determine if a CRON expression is due","keywords":["cron","schedule"],"homepage":"","version":"dev-master","version_normalized":"9999999-dev","license":["MIT"],"authors":[{"name":"Chris Tankersley","email":"chris@ctankersley.com","homepage":"https://github.com/dragonmantank"}],"source":{"type":"git","url":"https://github.com/dragonmantank/cron-expression.git","reference":"de10060b999f5e13efd1e65324123976598d3547"},"dist":{"type":"zip","url":"https://api.github.com/repos/dragonmantank/cron-expression/zipball/de10060b999f5e13efd1e65324123976598d3547","reference":"de10060b999f5e13efd1e65324123976598d3547","shasum":""},"type":"library","time":"2019-12-20T05:04:22+00:00","autoload":{"psr-4":{"Cron\\":"src/Cron/"}},"require":{"php":"^7.1"},"require-dev":{"phpunit/phpunit":"^6.4|^7.0","phpstan/phpstan":"^0.11"},"uid":1662174},"v1.0.0":{"name":"dragonmantank/cron-expression","description":"CRON for PHP: Calculate the next or previous run date and determine if a CRON expression is due","keywords":["cron","schedule"],"homepage":"","version":"v1.0.0","version_normalized":"1.0.0.0","license":["MIT"],"authors":[{"name":"Michael Dowling","email":"mtdowling@gmail.com","homepage":"https://github.com/mtdowling"}],"source":{"type":"git","url":"https://github.com/dragonmantank/cron-expression.git","reference":"5a027522ef35bdc6996144fb9123472a5746bc02"},"dist":{"type":"zip","url":"https://api.github.com/repos/dragonmantank/cron-expression/zipball/5a027522ef35bdc6996144fb9123472a5746bc02","reference":"5a027522ef35bdc6996144fb9123472a5746bc02","shasum":""},"type":"library","time":"2012-07-15T21:19:48+00:00","autoload":{"psr-0":{"Cron":"src/"}},"require":{"php":">=5.3.2"},"uid":1662166},"v1.0.1":{"name":"dragonmantank/cron-expression","description":"CRON for PHP: Calculate the next or previous run date and determine if a CRON expression is due","keywords":["cron","schedule"],"homepage":"","version":"v1.0.1","version_normalized":"1.0.1.0","license":["MIT"],"authors":[{"name":"Michael Dowling","email":"mtdowling@gmail.com","homepage":"https://github.com/mtdowling"}],"source":{"type":"git","url":"https://github.com/dragonmantank/cron-expression.git","reference":"a490be18aff4695446ee5091c4847540c64ca9ef"},"dist":{"type":"zip","url":"https://api.github.com/repos/dragonmantank/cron-expression/zipball/a490be18aff4695446ee5091c4847540c64ca9ef","reference":"a490be18aff4695446ee5091c4847540c64ca9ef","shasum":""},"type":"library","time":"2013-03-06T02:49:08+00:00","autoload":{"psr-0":{"Cron":"src/"}},"require":{"php":">=5.3.2"},"uid":1662167},"v1.0.2":{"name":"dragonmantank/cron-expression","description":"CRON for PHP: Calculate the next or previous run date and determine if a CRON expression is due","keywords":["cron","schedule"],"homepage":"","version":"v1.0.2","version_normalized":"1.0.2.0","license":["MIT"],"authors":[{"name":"Michael Dowling","email":"mtdowling@gmail.com","homepage":"https://github.com/mtdowling"}],"source":{"type":"git","url":"https://github.com/dragonmantank/cron-expression.git","reference":"5718f64bf7e30d1d3f52531cef8f4ec7d76abbdd"},"dist":{"type":"zip","url":"https://api.github.com/repos/dragonmantank/cron-expression/zipball/5718f64bf7e30d1d3f52531cef8f4ec7d76abbdd","reference":"5718f64bf7e30d1d3f52531cef8f4ec7d76abbdd","shasum":""},"type":"library","time":"2013-04-05T18:55:56+00:00","autoload":{"psr-0":{"Cron":"src/"}},"require":{"php":">=5.3.2"},"uid":1662168},"v1.0.3":{"name":"dragonmantank/cron-expression","description":"CRON for PHP: Calculate the next or previous run date and determine if a CRON expression is due","keywords":["cron","schedule"],"homepage":"","version":"v1.0.3","version_normalized":"1.0.3.0","license":["MIT"],"authors":[{"name":"Michael Dowling","email":"mtdowling@gmail.com","homepage":"https://github.com/mtdowling"}],"source":{"type":"git","url":"https://github.com/dragonmantank/cron-expression.git","reference":"a47ac8d5ec15049013792401af5a4d13e3dbe7f6"},"dist":{"type":"zip","url":"https://api.github.com/repos/dragonmantank/cron-expression/zipball/a47ac8d5ec15049013792401af5a4d13e3dbe7f6","reference":"a47ac8d5ec15049013792401af5a4d13e3dbe7f6","shasum":""},"type":"library","time":"2013-11-23T19:48:39+00:00","autoload":{"psr-0":{"Cron":"src/"}},"require":{"php":">=5.3.2"},"uid":1662169},"v1.0.4":{"name":"dragonmantank/cron-expression","description":"CRON for PHP: Calculate the next or previous run date and determine if a CRON expression is due","keywords":["cron","schedule"],"homepage":"","version":"v1.0.4","version_normalized":"1.0.4.0","license":["MIT"],"authors":[{"name":"Michael Dowling","email":"mtdowling@gmail.com","homepage":"https://github.com/mtdowling"}],"source":{"type":"git","url":"https://github.com/dragonmantank/cron-expression.git","reference":"fd92e883195e5dfa77720b1868cf084b08be4412"},"dist":{"type":"zip","url":"https://api.github.com/repos/dragonmantank/cron-expression/zipball/fd92e883195e5dfa77720b1868cf084b08be4412","reference":"fd92e883195e5dfa77720b1868cf084b08be4412","shasum":""},"type":"library","time":"2015-01-11T23:07:46+00:00","autoload":{"psr-0":{"Cron":"src/"}},"require":{"php":">=5.3.2"},"require-dev":{"phpunit/phpunit":"4.*"},"uid":1662170},"v1.1.0":{"name":"dragonmantank/cron-expression","description":"CRON for PHP: Calculate the next or previous run date and determine if a CRON expression is due","keywords":["cron","schedule"],"homepage":"","version":"v1.1.0","version_normalized":"1.1.0.0","license":["MIT"],"authors":[{"name":"Michael Dowling","email":"mtdowling@gmail.com","homepage":"https://github.com/mtdowling"}],"source":{"type":"git","url":"https://github.com/dragonmantank/cron-expression.git","reference":"c9ee7886f5a12902b225a1a12f36bb45f9ab89e5"},"dist":{"type":"zip","url":"https://api.github.com/repos/dragonmantank/cron-expression/zipball/c9ee7886f5a12902b225a1a12f36bb45f9ab89e5","reference":"c9ee7886f5a12902b225a1a12f36bb45f9ab89e5","shasum":""},"type":"library","time":"2016-01-26T21:23:30+00:00","autoload":{"psr-0":{"Cron":"src/"}},"require":{"php":">=5.3.2"},"require-dev":{"phpunit/phpunit":"~4.0|~5.0"},"uid":1662171},"v1.2.0":{"name":"dragonmantank/cron-expression","description":"CRON for PHP: Calculate the next or previous run date and determine if a CRON expression is due","keywords":["cron","schedule"],"homepage":"","version":"v1.2.0","version_normalized":"1.2.0.0","license":["MIT"],"authors":[{"name":"Michael Dowling","email":"mtdowling@gmail.com","homepage":"https://github.com/mtdowling"}],"source":{"type":"git","url":"https://github.com/dragonmantank/cron-expression.git","reference":"9504fa9ea681b586028adaaa0877db4aecf32bad"},"dist":{"type":"zip","url":"https://api.github.com/repos/dragonmantank/cron-expression/zipball/9504fa9ea681b586028adaaa0877db4aecf32bad","reference":"9504fa9ea681b586028adaaa0877db4aecf32bad","shasum":""},"type":"library","time":"2017-01-23T04:29:33+00:00","autoload":{"psr-4":{"Cron\\":"src/Cron/"}},"require":{"php":">=5.3.2"},"require-dev":{"phpunit/phpunit":"~4.0|~5.0"},"uid":1662172},"v1.2.1":{"name":"dragonmantank/cron-expression","description":"CRON for PHP: Calculate the next or previous run date and determine if a CRON expression is due","keywords":["cron","schedule"],"homepage":"","version":"v1.2.1","version_normalized":"1.2.1.0","license":["MIT"],"authors":[{"name":"Michael Dowling","email":"mtdowling@gmail.com","homepage":"https://github.com/mtdowling"}],"source":{"type":"git","url":"https://github.com/dragonmantank/cron-expression.git","reference":"9504fa9ea681b586028adaaa0877db4aecf32bad"},"dist":{"type":"zip","url":"https://api.github.com/repos/dragonmantank/cron-expression/zipball/9504fa9ea681b586028adaaa0877db4aecf32bad","reference":"9504fa9ea681b586028adaaa0877db4aecf32bad","shasum":""},"type":"library","time":"2017-01-23T04:29:33+00:00","autoload":{"psr-4":{"Cron\\":"src/Cron/"}},"require":{"php":">=5.3.2"},"require-dev":{"phpunit/phpunit":"~4.0|~5.0"},"uid":1698538},"v2.0.0":{"name":"dragonmantank/cron-expression","description":"CRON for PHP: Calculate the next or previous run date and determine if a CRON expression is due","keywords":["cron","schedule"],"homepage":"","version":"v2.0.0","version_normalized":"2.0.0.0","license":["MIT"],"authors":[{"name":"Michael Dowling","email":"mtdowling@gmail.com","homepage":"https://github.com/mtdowling"},{"name":"Chris Tankersley","email":"chris@ctankersley.com","homepage":"https://github.com/dragonmantank"}],"source":{"type":"git","url":"https://github.com/dragonmantank/cron-expression.git","reference":"8a84aee649c3a3ba03a721c1fb080e08dfbcd68b"},"dist":{"type":"zip","url":"https://api.github.com/repos/dragonmantank/cron-expression/zipball/8a84aee649c3a3ba03a721c1fb080e08dfbcd68b","reference":"8a84aee649c3a3ba03a721c1fb080e08dfbcd68b","shasum":""},"type":"library","time":"2017-10-12T15:59:13+00:00","autoload":{"psr-4":{"Cron\\":"src/Cron/"}},"require":{"php":">=7.0.0"},"require-dev":{"phpunit/phpunit":"~5.7"},"uid":1662173},"v2.1.0":{"name":"dragonmantank/cron-expression","description":"CRON for PHP: Calculate the next or previous run date and determine if a CRON expression is due","keywords":["cron","schedule"],"homepage":"","version":"v2.1.0","version_normalized":"2.1.0.0","license":["MIT"],"authors":[{"name":"Michael Dowling","email":"mtdowling@gmail.com","homepage":"https://github.com/mtdowling"},{"name":"Chris Tankersley","email":"chris@ctankersley.com","homepage":"https://github.com/dragonmantank"}],"source":{"type":"git","url":"https://github.com/dragonmantank/cron-expression.git","reference":"3f00985deec8df53d4cc1e5c33619bda1ee309a5"},"dist":{"type":"zip","url":"https://api.github.com/repos/dragonmantank/cron-expression/zipball/3f00985deec8df53d4cc1e5c33619bda1ee309a5","reference":"3f00985deec8df53d4cc1e5c33619bda1ee309a5","shasum":""},"type":"library","time":"2018-04-06T15:51:55+00:00","autoload":{"psr-4":{"Cron\\":"src/Cron/"}},"require":{"php":">=7.0.0"},"require-dev":{"phpunit/phpunit":"~6.4"},"uid":2072477},"v2.2.0":{"name":"dragonmantank/cron-expression","description":"CRON for PHP: Calculate the next or previous run date and determine if a CRON expression is due","keywords":["cron","schedule"],"homepage":"","version":"v2.2.0","version_normalized":"2.2.0.0","license":["MIT"],"authors":[{"name":"Michael Dowling","email":"mtdowling@gmail.com","homepage":"https://github.com/mtdowling"},{"name":"Chris Tankersley","email":"chris@ctankersley.com","homepage":"https://github.com/dragonmantank"}],"source":{"type":"git","url":"https://github.com/dragonmantank/cron-expression.git","reference":"92a2c3768d50e21a1f26a53cb795ce72806266c5"},"dist":{"type":"zip","url":"https://api.github.com/repos/dragonmantank/cron-expression/zipball/92a2c3768d50e21a1f26a53cb795ce72806266c5","reference":"92a2c3768d50e21a1f26a53cb795ce72806266c5","shasum":""},"type":"library","time":"2018-06-06T03:12:17+00:00","autoload":{"psr-4":{"Cron\\":"src/Cron/"}},"require":{"php":">=7.0.0"},"require-dev":{"phpunit/phpunit":"~6.4"},"uid":2242927},"v2.3.0":{"name":"dragonmantank/cron-expression","description":"CRON for PHP: Calculate the next or previous run date and determine if a CRON expression is due","keywords":["cron","schedule"],"homepage":"","version":"v2.3.0","version_normalized":"2.3.0.0","license":["MIT"],"authors":[{"name":"Michael Dowling","email":"mtdowling@gmail.com","homepage":"https://github.com/mtdowling"},{"name":"Chris Tankersley","email":"chris@ctankersley.com","homepage":"https://github.com/dragonmantank"}],"source":{"type":"git","url":"https://github.com/dragonmantank/cron-expression.git","reference":"72b6fbf76adb3cf5bc0db68559b33d41219aba27"},"dist":{"type":"zip","url":"https://api.github.com/repos/dragonmantank/cron-expression/zipball/72b6fbf76adb3cf5bc0db68559b33d41219aba27","reference":"72b6fbf76adb3cf5bc0db68559b33d41219aba27","shasum":""},"type":"library","time":"2019-03-31T00:38:28+00:00","autoload":{"psr-4":{"Cron\\":"src/Cron/"}},"extra":{"branch-alias":{"dev-master":"2.3-dev"}},"require":{"php":"^7.0"},"require-dev":{"phpunit/phpunit":"^6.4|^7.0"},"uid":2867794}}}}