{"packages":{"barryvdh/laravel-dompdf":{"0.4.x-dev":{"name":"barryvdh/laravel-dompdf","description":"A DOMPDF Wrapper for Laravel","keywords":["pdf","laravel","dompdf"],"homepage":"","version":"0.4.x-dev","version_normalized":"0.4.9999999.9999999-dev","license":["MIT"],"authors":[{"name":"Barry vd. Heuvel","email":"barryvdh@gmail.com"}],"source":{"type":"git","url":"https://github.com/barryvdh/laravel-dompdf.git","reference":"8f9b4e617d790405ef31b6473911d70305ce8518"},"dist":{"type":"zip","url":"https://api.github.com/repos/barryvdh/laravel-dompdf/zipball/8f9b4e617d790405ef31b6473911d70305ce8518","reference":"8f9b4e617d790405ef31b6473911d70305ce8518","shasum":""},"type":"library","time":"2015-02-04T10:14:30+00:00","autoload":{"psr-4":{"Barryvdh\\DomPDF\\":"src"}},"extra":{"branch-alias":{"dev-master":"0.4-dev"}},"require":{"php":">=5.3.0","illuminate/support":"~4.0","dompdf/dompdf":"0.6.*"},"uid":321549},"0.5.x-dev":{"name":"barryvdh/laravel-dompdf","description":"A DOMPDF Wrapper for Laravel","keywords":["pdf","laravel","dompdf"],"homepage":"","version":"0.5.x-dev","version_normalized":"0.5.9999999.9999999-dev","license":["MIT"],"authors":[{"name":"Barry vd. Heuvel","email":"barryvdh@gmail.com"}],"source":{"type":"git","url":"https://github.com/barryvdh/laravel-dompdf.git","reference":"afd4df5b55c0730f9780d2a8bebcce6924fbd347"},"dist":{"type":"zip","url":"https://api.github.com/repos/barryvdh/laravel-dompdf/zipball/afd4df5b55c0730f9780d2a8bebcce6924fbd347","reference":"afd4df5b55c0730f9780d2a8bebcce6924fbd347","shasum":""},"type":"library","time":"2015-06-11T12:45:33+00:00","autoload":{"psr-4":{"Barryvdh\\DomPDF\\":"src"}},"extra":{"branch-alias":{"dev-master":"0.5-dev"}},"require":{"php":">=5.4.0","illuminate/support":"5.0.x|5.1.x","dompdf/dompdf":"0.6.*"},"uid":430758},"dev-develop":{"name":"barryvdh/laravel-dompdf","description":"A DOMPDF Wrapper for Laravel","keywords":["pdf","laravel","dompdf"],"homepage":"","version":"dev-develop","version_normalized":"dev-develop","license":["MIT"],"authors":[{"name":"Barry vd. Heuvel","email":"barryvdh@gmail.com"}],"source":{"type":"git","url":"https://github.com/barryvdh/laravel-dompdf.git","reference":"39ee56b61a6404d0c9154d379795a87930d2d21b"},"dist":{"type":"zip","url":"https://api.github.com/repos/barryvdh/laravel-dompdf/zipball/39ee56b61a6404d0c9154d379795a87930d2d21b","reference":"39ee56b61a6404d0c9154d379795a87930d2d21b","shasum":""},"type":"library","time":"2019-12-28T14:25:16+00:00","autoload":{"psr-4":{"Barryvdh\\DomPDF\\":"src"}},"extra":{"branch-alias":{"dev-master":"1.0-dev"},"laravel":{"providers":["Barryvdh\\DomPDF\\ServiceProvider"],"aliases":{"PDF":"Barryvdh\\DomPDF\\Facade"}}},"require":{"php":">=7.1","dompdf/dompdf":"^0.8.3","illuminate/support":"^5.8|^6|^7"},"require-dev":{"orchestra/testbench":"^4","squizlabs/php_codesniffer":"^3.5","phpro/grumphp":"^0.16|^0.17"},"uid":3488051},"dev-master":{"name":"barryvdh/laravel-dompdf","description":"A DOMPDF Wrapper for Laravel","keywords":["pdf","laravel","dompdf"],"homepage":"","version":"dev-master","version_normalized":"9999999-dev","license":["MIT"],"authors":[{"name":"Barry vd. Heuvel","email":"barryvdh@gmail.com"}],"source":{"type":"git","url":"https://github.com/barryvdh/laravel-dompdf.git","reference":"c7de32f0858882d85331082abf79eb7da6b9b77e"},"dist":{"type":"zip","url":"https://api.github.com/repos/barryvdh/laravel-dompdf/zipball/c7de32f0858882d85331082abf79eb7da6b9b77e","reference":"c7de32f0858882d85331082abf79eb7da6b9b77e","shasum":""},"type":"library","time":"2019-10-30T20:53:50+00:00","autoload":{"psr-4":{"Barryvdh\\DomPDF\\":"src"}},"extra":{"branch-alias":{"dev-master":"0.8-dev"},"laravel":{"providers":["Barryvdh\\DomPDF\\ServiceProvider"],"aliases":{"PDF":"Barryvdh\\DomPDF\\Facade"}}},"require":{"dompdf/dompdf":"^0.8","php":">=7","illuminate/support":"^5.5|^6"},"uid":64232},"v0.1.0":{"name":"barryvdh/laravel-dompdf","description":"A DOMPDF Wrapper for Laravel","keywords":["pdf","laravel","dompdf"],"homepage":"","version":"v0.1.0","version_normalized":"0.1.0.0","license":["MIT"],"authors":[{"name":"Barry vd. Heuvel","email":"barryvdh@gmail.com"}],"source":{"type":"git","url":"https://github.com/barryvdh/laravel-dompdf.git","reference":"b4009057f7b77bc5c76f8a22142f1e2609eca14b"},"dist":{"type":"zip","url":"https://api.github.com/repos/barryvdh/laravel-dompdf/zipball/b4009057f7b77bc5c76f8a22142f1e2609eca14b","reference":"b4009057f7b77bc5c76f8a22142f1e2609eca14b","shasum":""},"type":"library","time":"2013-06-23T12:03:25+00:00","autoload":{"psr-0":{"Barryvdh\\DomPDF":"src/"}},"require":{"php":">=5.3.0","illuminate/support":"4.0.x","dompdf/dompdf":"dev-master","phenx/php-font-lib":"0.2.*"},"uid":64234},"v0.1.1":{"name":"barryvdh/laravel-dompdf","description":"A DOMPDF Wrapper for Laravel","keywords":["pdf","laravel","dompdf"],"homepage":"","version":"v0.1.1","version_normalized":"0.1.1.0","license":["MIT"],"authors":[{"name":"Barry vd. Heuvel","email":"barryvdh@gmail.com"}],"source":{"type":"git","url":"https://github.com/barryvdh/laravel-dompdf.git","reference":"f61b4dde7bb1b6ec0e5e7a77b61dc18b924a9779"},"dist":{"type":"zip","url":"https://api.github.com/repos/barryvdh/laravel-dompdf/zipball/f61b4dde7bb1b6ec0e5e7a77b61dc18b924a9779","reference":"f61b4dde7bb1b6ec0e5e7a77b61dc18b924a9779","shasum":""},"type":"library","time":"2013-07-29T18:52:51+00:00","autoload":{"psr-0":{"Barryvdh\\DomPDF":"src/"}},"require":{"php":">=5.3.0","illuminate/support":"4.0.x","dompdf/dompdf":"dev-master","phenx/php-font-lib":"0.2.*"},"uid":72642},"v0.2.0":{"name":"barryvdh/laravel-dompdf","description":"A DOMPDF Wrapper for Laravel","keywords":["pdf","laravel","dompdf"],"homepage":"","version":"v0.2.0","version_normalized":"0.2.0.0","license":["MIT"],"authors":[{"name":"Barry vd. Heuvel","email":"barryvdh@gmail.com"}],"source":{"type":"git","url":"https://github.com/barryvdh/laravel-dompdf.git","reference":"3d0f774913ed43556631a01029ae41eea8e10cd5"},"dist":{"type":"zip","url":"https://api.github.com/repos/barryvdh/laravel-dompdf/zipball/3d0f774913ed43556631a01029ae41eea8e10cd5","reference":"3d0f774913ed43556631a01029ae41eea8e10cd5","shasum":""},"type":"library","time":"2013-08-01T08:54:04+00:00","autoload":{"psr-0":{"Barryvdh\\DomPDF":"src/"}},"require":{"php":">=5.3.0","illuminate/support":"4.0.x","dompdf/dompdf":"dev-master","phenx/php-font-lib":"0.2.*"},"uid":73246},"v0.2.1":{"name":"barryvdh/laravel-dompdf","description":"A DOMPDF Wrapper for Laravel","keywords":["pdf","laravel","dompdf"],"homepage":"","version":"v0.2.1","version_normalized":"0.2.1.0","license":["MIT"],"authors":[{"name":"Barry vd. Heuvel","email":"barryvdh@gmail.com"}],"source":{"type":"git","url":"https://github.com/barryvdh/laravel-dompdf.git","reference":"55cd8c80dcb3d312a749472c3473fb8932578398"},"dist":{"type":"zip","url":"https://api.github.com/repos/barryvdh/laravel-dompdf/zipball/55cd8c80dcb3d312a749472c3473fb8932578398","reference":"55cd8c80dcb3d312a749472c3473fb8932578398","shasum":""},"type":"library","time":"2013-10-22T14:47:03+00:00","autoload":{"psr-0":{"Barryvdh\\DomPDF":"src/"}},"require":{"php":">=5.3.0","illuminate/support":"4.0.x","dompdf/dompdf":"dev-master","phenx/php-font-lib":"0.2.*"},"uid":94482},"v0.2.2":{"name":"barryvdh/laravel-dompdf","description":"A DOMPDF Wrapper for Laravel","keywords":["pdf","laravel","dompdf"],"homepage":"","version":"v0.2.2","version_normalized":"0.2.2.0","license":["MIT"],"authors":[{"name":"Barry vd. Heuvel","email":"barryvdh@gmail.com"}],"source":{"type":"git","url":"https://github.com/barryvdh/laravel-dompdf.git","reference":"30800138c5b542ddbe68692c29935896aa6c7cea"},"dist":{"type":"zip","url":"https://api.github.com/repos/barryvdh/laravel-dompdf/zipball/30800138c5b542ddbe68692c29935896aa6c7cea","reference":"30800138c5b542ddbe68692c29935896aa6c7cea","shasum":""},"type":"library","time":"2013-11-15T13:49:37+00:00","autoload":{"psr-0":{"Barryvdh\\DomPDF":"src/"}},"require":{"php":">=5.3.0","illuminate/support":"4.x","dompdf/dompdf":"dev-master","phenx/php-font-lib":"0.2.*"},"uid":123785},"v0.2.3":{"name":"barryvdh/laravel-dompdf","description":"A DOMPDF Wrapper for Laravel","keywords":["pdf","laravel","dompdf"],"homepage":"","version":"v0.2.3","version_normalized":"0.2.3.0","license":["MIT"],"authors":[{"name":"Barry vd. Heuvel","email":"barryvdh@gmail.com"}],"source":{"type":"git","url":"https://github.com/barryvdh/laravel-dompdf.git","reference":"94b8c6bbf1817c883116fa29fbde8756972ef69e"},"dist":{"type":"zip","url":"https://api.github.com/repos/barryvdh/laravel-dompdf/zipball/94b8c6bbf1817c883116fa29fbde8756972ef69e","reference":"94b8c6bbf1817c883116fa29fbde8756972ef69e","shasum":""},"type":"library","time":"2014-01-31T07:49:43+00:00","autoload":{"psr-0":{"Barryvdh\\DomPDF":"src/"}},"require":{"php":">=5.3.0","illuminate/support":"4.x","dompdf/dompdf":"dev-master"},"uid":127701},"v0.3.0":{"name":"barryvdh/laravel-dompdf","description":"A DOMPDF Wrapper for Laravel","keywords":["pdf","laravel","dompdf"],"homepage":"","version":"v0.3.0","version_normalized":"0.3.0.0","license":["MIT"],"authors":[{"name":"Barry vd. Heuvel","email":"barryvdh@gmail.com"}],"source":{"type":"git","url":"https://github.com/barryvdh/laravel-dompdf.git","reference":"e609ad21ed11f5397dd703a8033471097f09481a"},"dist":{"type":"zip","url":"https://api.github.com/repos/barryvdh/laravel-dompdf/zipball/e609ad21ed11f5397dd703a8033471097f09481a","reference":"e609ad21ed11f5397dd703a8033471097f09481a","shasum":""},"type":"library","time":"2014-02-13T12:38:09+00:00","autoload":{"psr-0":{"Barryvdh\\DomPDF":"src/"}},"require":{"php":">=5.3.0","illuminate/support":"4.x","dompdf/dompdf":"0.6.x"},"uid":133004},"v0.3.1":{"name":"barryvdh/laravel-dompdf","description":"A DOMPDF Wrapper for Laravel","keywords":["pdf","laravel","dompdf"],"homepage":"","version":"v0.3.1","version_normalized":"0.3.1.0","license":["MIT"],"authors":[{"name":"Barry vd. Heuvel","email":"barryvdh@gmail.com"}],"source":{"type":"git","url":"https://github.com/barryvdh/laravel-dompdf.git","reference":"4f16f55d3b700b25c9f62e38645aabb5804ecd6d"},"dist":{"type":"zip","url":"https://api.github.com/repos/barryvdh/laravel-dompdf/zipball/4f16f55d3b700b25c9f62e38645aabb5804ecd6d","reference":"4f16f55d3b700b25c9f62e38645aabb5804ecd6d","shasum":""},"type":"library","time":"2014-03-21T23:30:44+00:00","autoload":{"psr-0":{"Barryvdh\\DomPDF":"src/"}},"require":{"php":">=5.3.0","illuminate/support":"4.x","dompdf/dompdf":"0.6.x"},"uid":152683},"v0.4.0":{"name":"barryvdh/laravel-dompdf","description":"A DOMPDF Wrapper for Laravel","keywords":["pdf","laravel","dompdf"],"homepage":"","version":"v0.4.0","version_normalized":"0.4.0.0","license":["MIT"],"authors":[{"name":"Barry vd. Heuvel","email":"barryvdh@gmail.com"}],"source":{"type":"git","url":"https://github.com/barryvdh/laravel-dompdf.git","reference":"58a242100022470d4ac358e2e4f80f60464d2437"},"dist":{"type":"zip","url":"https://api.github.com/repos/barryvdh/laravel-dompdf/zipball/58a242100022470d4ac358e2e4f80f60464d2437","reference":"58a242100022470d4ac358e2e4f80f60464d2437","shasum":""},"type":"library","time":"2014-07-01T08:06:46+00:00","autoload":{"psr-0":{"Barryvdh\\DomPDF":"src/"}},"require":{"php":">=5.3.0","illuminate/support":"4.x","dompdf/dompdf":"0.6.x"},"uid":195095},"v0.4.1":{"name":"barryvdh/laravel-dompdf","description":"A DOMPDF Wrapper for Laravel","keywords":["pdf","laravel","dompdf"],"homepage":"","version":"v0.4.1","version_normalized":"0.4.1.0","license":["MIT"],"authors":[{"name":"Barry vd. Heuvel","email":"barryvdh@gmail.com"}],"source":{"type":"git","url":"https://github.com/barryvdh/laravel-dompdf.git","reference":"5b715ff1d844c891d9f3cac382f60ace5159892c"},"dist":{"type":"zip","url":"https://api.github.com/repos/barryvdh/laravel-dompdf/zipball/5b715ff1d844c891d9f3cac382f60ace5159892c","reference":"5b715ff1d844c891d9f3cac382f60ace5159892c","shasum":""},"type":"library","time":"2014-07-02T07:06:20+00:00","autoload":{"psr-0":{"Barryvdh\\DomPDF":"src/"}},"require":{"php":">=5.3.0","illuminate/support":"4.x","dompdf/dompdf":"0.6.x"},"uid":195587},"v0.4.2":{"name":"barryvdh/laravel-dompdf","description":"A DOMPDF Wrapper for Laravel","keywords":["pdf","laravel","dompdf"],"homepage":"","version":"v0.4.2","version_normalized":"0.4.2.0","license":["MIT"],"authors":[{"name":"Barry vd. Heuvel","email":"barryvdh@gmail.com"}],"source":{"type":"git","url":"https://github.com/barryvdh/laravel-dompdf.git","reference":"8984282ca4b6ea28038c09e4b9546f635c550846"},"dist":{"type":"zip","url":"https://api.github.com/repos/barryvdh/laravel-dompdf/zipball/8984282ca4b6ea28038c09e4b9546f635c550846","reference":"8984282ca4b6ea28038c09e4b9546f635c550846","shasum":""},"type":"library","time":"2014-07-02T08:31:58+00:00","autoload":{"psr-0":{"Barryvdh\\DomPDF":"src/"}},"require":{"php":">=5.3.0","illuminate/support":"4.x","dompdf/dompdf":"0.6.x"},"uid":195597},"v0.4.3":{"name":"barryvdh/laravel-dompdf","description":"A DOMPDF Wrapper for Laravel","keywords":["pdf","laravel","dompdf"],"homepage":"","version":"v0.4.3","version_normalized":"0.4.3.0","license":["MIT"],"authors":[{"name":"Barry vd. Heuvel","email":"barryvdh@gmail.com"}],"source":{"type":"git","url":"https://github.com/barryvdh/laravel-dompdf.git","reference":"003fe9c5ef514b1f2d8d986d587d046fce6c3eb2"},"dist":{"type":"zip","url":"https://api.github.com/repos/barryvdh/laravel-dompdf/zipball/003fe9c5ef514b1f2d8d986d587d046fce6c3eb2","reference":"003fe9c5ef514b1f2d8d986d587d046fce6c3eb2","shasum":""},"type":"library","time":"2014-07-02T18:58:44+00:00","autoload":{"psr-0":{"Barryvdh\\DomPDF":"src/"}},"require":{"php":">=5.3.0","illuminate/support":"4.x","dompdf/dompdf":"0.6.x"},"uid":196754},"v0.4.4":{"name":"barryvdh/laravel-dompdf","description":"A DOMPDF Wrapper for Laravel","keywords":["pdf","laravel","dompdf"],"homepage":"","version":"v0.4.4","version_normalized":"0.4.4.0","license":["MIT"],"authors":[{"name":"Barry vd. Heuvel","email":"barryvdh@gmail.com"}],"source":{"type":"git","url":"https://github.com/barryvdh/laravel-dompdf.git","reference":"e65b0f77ebb6eae156a313763d45b3e2ba5c5b9e"},"dist":{"type":"zip","url":"https://api.github.com/repos/barryvdh/laravel-dompdf/zipball/e65b0f77ebb6eae156a313763d45b3e2ba5c5b9e","reference":"e65b0f77ebb6eae156a313763d45b3e2ba5c5b9e","shasum":""},"type":"library","time":"2014-07-14T13:52:13+00:00","autoload":{"psr-0":{"Barryvdh\\DomPDF":"src/"}},"require":{"php":">=5.3.0","illuminate/support":"4.x","dompdf/dompdf":"0.6.x"},"uid":201546},"v0.4.5":{"name":"barryvdh/laravel-dompdf","description":"A DOMPDF Wrapper for Laravel","keywords":["pdf","laravel","dompdf"],"homepage":"","version":"v0.4.5","version_normalized":"0.4.5.0","license":["MIT"],"authors":[{"name":"Barry vd. Heuvel","email":"barryvdh@gmail.com"}],"source":{"type":"git","url":"https://github.com/barryvdh/laravel-dompdf.git","reference":"763811108f3f0c0bfcf3e65fb4e5fdf2b71c036e"},"dist":{"type":"zip","url":"https://api.github.com/repos/barryvdh/laravel-dompdf/zipball/763811108f3f0c0bfcf3e65fb4e5fdf2b71c036e","reference":"763811108f3f0c0bfcf3e65fb4e5fdf2b71c036e","shasum":""},"type":"library","time":"2014-08-13T17:25:14+00:00","autoload":{"psr-4":{"Barryvdh\\DomPDF\\":"src"}},"extra":{"branch-alias":{"dev-master":"0.4-dev"}},"require":{"php":">=5.3.0","illuminate/support":"~4.0","dompdf/dompdf":"0.6.*"},"uid":216931},"v0.4.6":{"name":"barryvdh/laravel-dompdf","description":"A DOMPDF Wrapper for Laravel","keywords":["pdf","laravel","dompdf"],"homepage":"","version":"v0.4.6","version_normalized":"0.4.6.0","license":["MIT"],"authors":[{"name":"Barry vd. Heuvel","email":"barryvdh@gmail.com"}],"source":{"type":"git","url":"https://github.com/barryvdh/laravel-dompdf.git","reference":"9d45a1efc1a0669f502352f0fc6d08ce24efaad2"},"dist":{"type":"zip","url":"https://api.github.com/repos/barryvdh/laravel-dompdf/zipball/9d45a1efc1a0669f502352f0fc6d08ce24efaad2","reference":"9d45a1efc1a0669f502352f0fc6d08ce24efaad2","shasum":""},"type":"library","time":"2014-08-20T13:05:36+00:00","autoload":{"psr-4":{"Barryvdh\\DomPDF\\":"src"}},"extra":{"branch-alias":{"dev-master":"0.4-dev"}},"require":{"php":">=5.3.0","illuminate/support":"~4.0","dompdf/dompdf":"0.6.*"},"uid":220562},"v0.5.0":{"name":"barryvdh/laravel-dompdf","description":"A DOMPDF Wrapper for Laravel","keywords":["pdf","laravel","dompdf"],"homepage":"","version":"v0.5.0","version_normalized":"0.5.0.0","license":["MIT"],"authors":[{"name":"Barry vd. Heuvel","email":"barryvdh@gmail.com"}],"source":{"type":"git","url":"https://github.com/barryvdh/laravel-dompdf.git","reference":"a8f72ed075b8a694e88f38a5ff3c05689fbe011e"},"dist":{"type":"zip","url":"https://api.github.com/repos/barryvdh/laravel-dompdf/zipball/a8f72ed075b8a694e88f38a5ff3c05689fbe011e","reference":"a8f72ed075b8a694e88f38a5ff3c05689fbe011e","shasum":""},"type":"library","time":"2015-02-04T10:04:35+00:00","autoload":{"psr-4":{"Barryvdh\\DomPDF\\":"src"}},"extra":{"branch-alias":{"dev-master":"0.5-dev"}},"require":{"php":">=5.4.0","illuminate/support":"5.0.x","dompdf/dompdf":"0.6.*"},"uid":321553},"v0.5.1":{"name":"barryvdh/laravel-dompdf","description":"A DOMPDF Wrapper for Laravel","keywords":["pdf","laravel","dompdf"],"homepage":"","version":"v0.5.1","version_normalized":"0.5.1.0","license":["MIT"],"authors":[{"name":"Barry vd. Heuvel","email":"barryvdh@gmail.com"}],"source":{"type":"git","url":"https://github.com/barryvdh/laravel-dompdf.git","reference":"d92df33d386c48e706c94a0d4335071e62d8fce2"},"dist":{"type":"zip","url":"https://api.github.com/repos/barryvdh/laravel-dompdf/zipball/d92df33d386c48e706c94a0d4335071e62d8fce2","reference":"d92df33d386c48e706c94a0d4335071e62d8fce2","shasum":""},"type":"library","time":"2015-05-25T12:12:13+00:00","autoload":{"psr-4":{"Barryvdh\\DomPDF\\":"src"}},"extra":{"branch-alias":{"dev-master":"0.6-dev"}},"require":{"php":">=5.4.0","illuminate/support":"5.0.x|5.1.x","dompdf/dompdf":"0.6.*"},"uid":428131},"v0.5.2":{"name":"barryvdh/laravel-dompdf","description":"A DOMPDF Wrapper for Laravel","keywords":["pdf","laravel","dompdf"],"homepage":"","version":"v0.5.2","version_normalized":"0.5.2.0","license":["MIT"],"authors":[{"name":"Barry vd. Heuvel","email":"barryvdh@gmail.com"}],"source":{"type":"git","url":"https://github.com/barryvdh/laravel-dompdf.git","reference":"afd4df5b55c0730f9780d2a8bebcce6924fbd347"},"dist":{"type":"zip","url":"https://api.github.com/repos/barryvdh/laravel-dompdf/zipball/afd4df5b55c0730f9780d2a8bebcce6924fbd347","reference":"afd4df5b55c0730f9780d2a8bebcce6924fbd347","shasum":""},"type":"library","time":"2015-06-11T12:45:33+00:00","autoload":{"psr-4":{"Barryvdh\\DomPDF\\":"src"}},"extra":{"branch-alias":{"dev-master":"0.5-dev"}},"require":{"php":">=5.4.0","illuminate/support":"5.0.x|5.1.x","dompdf/dompdf":"0.6.*"},"uid":430871},"v0.6.0":{"name":"barryvdh/laravel-dompdf","description":"A DOMPDF Wrapper for Laravel","keywords":["pdf","laravel","dompdf"],"homepage":"","version":"v0.6.0","version_normalized":"0.6.0.0","license":["MIT"],"authors":[{"name":"Barry vd. Heuvel","email":"barryvdh@gmail.com"}],"source":{"type":"git","url":"https://github.com/barryvdh/laravel-dompdf.git","reference":"6acded2b805cd1818dd31e47f971eedf51e15c30"},"dist":{"type":"zip","url":"https://api.github.com/repos/barryvdh/laravel-dompdf/zipball/6acded2b805cd1818dd31e47f971eedf51e15c30","reference":"6acded2b805cd1818dd31e47f971eedf51e15c30","shasum":""},"type":"library","time":"2015-06-11T12:54:07+00:00","autoload":{"psr-4":{"Barryvdh\\DomPDF\\":"src"}},"extra":{"branch-alias":{"dev-master":"0.6-dev"}},"require":{"php":">=5.4.0","illuminate/support":"5.0.x|5.1.x","dompdf/dompdf":"0.6.*"},"uid":430877},"v0.6.1":{"name":"barryvdh/laravel-dompdf","description":"A DOMPDF Wrapper for Laravel","keywords":["pdf","laravel","dompdf"],"homepage":"","version":"v0.6.1","version_normalized":"0.6.1.0","license":["MIT"],"authors":[{"name":"Barry vd. Heuvel","email":"barryvdh@gmail.com"}],"source":{"type":"git","url":"https://github.com/barryvdh/laravel-dompdf.git","reference":"b606788108833f7765801dca35455fb23ce9f869"},"dist":{"type":"zip","url":"https://api.github.com/repos/barryvdh/laravel-dompdf/zipball/b606788108833f7765801dca35455fb23ce9f869","reference":"b606788108833f7765801dca35455fb23ce9f869","shasum":""},"type":"library","time":"2015-12-21T19:51:22+00:00","autoload":{"psr-4":{"Barryvdh\\DomPDF\\":"src"}},"extra":{"branch-alias":{"dev-master":"0.6-dev"}},"require":{"php":">=5.4.0","illuminate/support":"5.0.x|5.1.x|5.2.x","dompdf/dompdf":"0.6.*"},"uid":630171},"v0.7.0":{"name":"barryvdh/laravel-dompdf","description":"A DOMPDF Wrapper for Laravel","keywords":["pdf","laravel","dompdf"],"homepage":"","version":"v0.7.0","version_normalized":"0.7.0.0","license":["MIT"],"authors":[{"name":"Barry vd. Heuvel","email":"barryvdh@gmail.com"}],"source":{"type":"git","url":"https://github.com/barryvdh/laravel-dompdf.git","reference":"9b8bd179262ad6b200a11edfe7b53516afcfc42a"},"dist":{"type":"zip","url":"https://api.github.com/repos/barryvdh/laravel-dompdf/zipball/9b8bd179262ad6b200a11edfe7b53516afcfc42a","reference":"9b8bd179262ad6b200a11edfe7b53516afcfc42a","shasum":""},"type":"library","time":"2016-08-17T08:17:33+00:00","autoload":{"psr-4":{"Barryvdh\\DomPDF\\":"src"}},"extra":{"branch-alias":{"dev-master":"0.7-dev"}},"require":{"php":">=5.5.9","illuminate/support":"5.1.x|5.2.x|5.3.x","dompdf/dompdf":"^0.7"},"uid":950790},"v0.7.1":{"name":"barryvdh/laravel-dompdf","description":"A DOMPDF Wrapper for Laravel","keywords":["pdf","laravel","dompdf"],"homepage":"","version":"v0.7.1","version_normalized":"0.7.1.0","license":["MIT"],"authors":[{"name":"Barry vd. Heuvel","email":"barryvdh@gmail.com"}],"source":{"type":"git","url":"https://github.com/barryvdh/laravel-dompdf.git","reference":"6cb20d3f397d739163d2d743a4600009e52cd453"},"dist":{"type":"zip","url":"https://api.github.com/repos/barryvdh/laravel-dompdf/zipball/6cb20d3f397d739163d2d743a4600009e52cd453","reference":"6cb20d3f397d739163d2d743a4600009e52cd453","shasum":""},"type":"library","time":"2017-01-24T18:12:54+00:00","autoload":{"psr-4":{"Barryvdh\\DomPDF\\":"src"}},"extra":{"branch-alias":{"dev-master":"0.7-dev"}},"require":{"php":">=5.5.9","illuminate/support":"5.1.x|5.2.x|5.3.x|5.4.x","dompdf/dompdf":"^0.7"},"uid":1191464},"v0.8.0":{"name":"barryvdh/laravel-dompdf","description":"A DOMPDF Wrapper for Laravel","keywords":["pdf","laravel","dompdf"],"homepage":"","version":"v0.8.0","version_normalized":"0.8.0.0","license":["MIT"],"authors":[{"name":"Barry vd. Heuvel","email":"barryvdh@gmail.com"}],"source":{"type":"git","url":"https://github.com/barryvdh/laravel-dompdf.git","reference":"22ee9cb8e0ac0d5f11633d1194280ab40b2bba1f"},"dist":{"type":"zip","url":"https://api.github.com/repos/barryvdh/laravel-dompdf/zipball/22ee9cb8e0ac0d5f11633d1194280ab40b2bba1f","reference":"22ee9cb8e0ac0d5f11633d1194280ab40b2bba1f","shasum":""},"type":"library","time":"2017-02-19T06:45:54+00:00","autoload":{"psr-4":{"Barryvdh\\DomPDF\\":"src"}},"extra":{"branch-alias":{"dev-master":"0.8-dev"}},"require":{"php":">=5.5.9","illuminate/support":"5.1.x|5.2.x|5.3.x|5.4.x","dompdf/dompdf":"^0.8"},"uid":1240329},"v0.8.1":{"name":"barryvdh/laravel-dompdf","description":"A DOMPDF Wrapper for Laravel","keywords":["pdf","laravel","dompdf"],"homepage":"","version":"v0.8.1","version_normalized":"0.8.1.0","license":["MIT"],"authors":[{"name":"Barry vd. Heuvel","email":"barryvdh@gmail.com"}],"source":{"type":"git","url":"https://github.com/barryvdh/laravel-dompdf.git","reference":"3b2235e589616331d68482d61b7763789a2600fe"},"dist":{"type":"zip","url":"https://api.github.com/repos/barryvdh/laravel-dompdf/zipball/3b2235e589616331d68482d61b7763789a2600fe","reference":"3b2235e589616331d68482d61b7763789a2600fe","shasum":""},"type":"library","time":"2017-07-29T19:01:17+00:00","autoload":{"psr-4":{"Barryvdh\\DomPDF\\":"src"}},"extra":{"branch-alias":{"dev-master":"0.8-dev"},"laravel":{"providers":["Barryvdh\\DomPDF\\ServiceProvider"],"aliases":{"PDF":"Barryvdh\\DomPDF\\Facade"}}},"require":{"php":">=5.5.9","illuminate/support":"5.1.x|5.2.x|5.3.x|5.4.x|5.5.x","dompdf/dompdf":"^0.8"},"uid":1578978},"v0.8.2":{"name":"barryvdh/laravel-dompdf","description":"A DOMPDF Wrapper for Laravel","keywords":["pdf","laravel","dompdf"],"homepage":"","version":"v0.8.2","version_normalized":"0.8.2.0","license":["MIT"],"authors":[{"name":"Barry vd. Heuvel","email":"barryvdh@gmail.com"}],"source":{"type":"git","url":"https://github.com/barryvdh/laravel-dompdf.git","reference":"7dcdecfa125c174d0abe723603633dc2756ea3af"},"dist":{"type":"zip","url":"https://api.github.com/repos/barryvdh/laravel-dompdf/zipball/7dcdecfa125c174d0abe723603633dc2756ea3af","reference":"7dcdecfa125c174d0abe723603633dc2756ea3af","shasum":""},"type":"library","time":"2018-02-07T17:43:25+00:00","autoload":{"psr-4":{"Barryvdh\\DomPDF\\":"src"}},"extra":{"branch-alias":{"dev-master":"0.8-dev"},"laravel":{"providers":["Barryvdh\\DomPDF\\ServiceProvider"],"aliases":{"PDF":"Barryvdh\\DomPDF\\Facade"}}},"require":{"php":">=5.5.9","illuminate/support":"5.1.x|5.2.x|5.3.x|5.4.x|5.5.x|5.6.x","dompdf/dompdf":"^0.8"},"uid":1899007},"v0.8.3":{"name":"barryvdh/laravel-dompdf","description":"A DOMPDF Wrapper for Laravel","keywords":["pdf","laravel","dompdf"],"homepage":"","version":"v0.8.3","version_normalized":"0.8.3.0","license":["MIT"],"authors":[{"name":"Barry vd. Heuvel","email":"barryvdh@gmail.com"}],"source":{"type":"git","url":"https://github.com/barryvdh/laravel-dompdf.git","reference":"46781d0304277845a19c09c169bc595fd182cce4"},"dist":{"type":"zip","url":"https://api.github.com/repos/barryvdh/laravel-dompdf/zipball/46781d0304277845a19c09c169bc595fd182cce4","reference":"46781d0304277845a19c09c169bc595fd182cce4","shasum":""},"type":"library","time":"2018-08-31T13:25:44+00:00","autoload":{"psr-4":{"Barryvdh\\DomPDF\\":"src"}},"extra":{"branch-alias":{"dev-master":"0.8-dev"},"laravel":{"providers":["Barryvdh\\DomPDF\\ServiceProvider"],"aliases":{"PDF":"Barryvdh\\DomPDF\\Facade"}}},"require":{"php":">=7","illuminate/support":"5.5.x|5.6.x|5.7.x","dompdf/dompdf":"^0.8"},"uid":2442664},"v0.8.4":{"name":"barryvdh/laravel-dompdf","description":"A DOMPDF Wrapper for Laravel","keywords":["pdf","laravel","dompdf"],"homepage":"","version":"v0.8.4","version_normalized":"0.8.4.0","license":["MIT"],"authors":[{"name":"Barry vd. Heuvel","email":"barryvdh@gmail.com"}],"source":{"type":"git","url":"https://github.com/barryvdh/laravel-dompdf.git","reference":"3fd817065e1c820b1ddace8b2bf65ca45088df4f"},"dist":{"type":"zip","url":"https://api.github.com/repos/barryvdh/laravel-dompdf/zipball/3fd817065e1c820b1ddace8b2bf65ca45088df4f","reference":"3fd817065e1c820b1ddace8b2bf65ca45088df4f","shasum":""},"type":"library","time":"2019-02-26T18:07:43+00:00","autoload":{"psr-4":{"Barryvdh\\DomPDF\\":"src"}},"extra":{"branch-alias":{"dev-master":"0.8-dev"},"laravel":{"providers":["Barryvdh\\DomPDF\\ServiceProvider"],"aliases":{"PDF":"Barryvdh\\DomPDF\\Facade"}}},"require":{"php":">=7","illuminate/support":"5.5.x|5.6.x|5.7.x|5.8.x","dompdf/dompdf":"^0.8"},"uid":2797603},"v0.8.5":{"name":"barryvdh/laravel-dompdf","description":"A DOMPDF Wrapper for Laravel","keywords":["pdf","laravel","dompdf"],"homepage":"","version":"v0.8.5","version_normalized":"0.8.5.0","license":["MIT"],"authors":[{"name":"Barry vd. Heuvel","email":"barryvdh@gmail.com"}],"source":{"type":"git","url":"https://github.com/barryvdh/laravel-dompdf.git","reference":"7393732b2f3a3ee357974cbb0c46c9b65b84dad1"},"dist":{"type":"zip","url":"https://api.github.com/repos/barryvdh/laravel-dompdf/zipball/7393732b2f3a3ee357974cbb0c46c9b65b84dad1","reference":"7393732b2f3a3ee357974cbb0c46c9b65b84dad1","shasum":""},"type":"library","time":"2019-08-23T14:30:33+00:00","autoload":{"psr-4":{"Barryvdh\\DomPDF\\":"src"}},"extra":{"branch-alias":{"dev-master":"0.8-dev"},"laravel":{"providers":["Barryvdh\\DomPDF\\ServiceProvider"],"aliases":{"PDF":"Barryvdh\\DomPDF\\Facade"}}},"require":{"php":">=7","illuminate/support":"^5.5|^6","dompdf/dompdf":"^0.8"},"uid":3192443}}}}