{"packages":{"facade/ignition":{"1.0.0":{"name":"facade/ignition","description":"A beautiful error page for Laravel apps","keywords":["page","error","laravel","flare"],"homepage":"https://github.com/facade/ignition","version":"1.0.0","version_normalized":"1.0.0.0","license":["MIT"],"authors":[],"source":{"type":"git","url":"https://github.com/facade/ignition.git","reference":"107bc007da8268bffa6a6337294095ebc27ecb48"},"dist":{"type":"zip","url":"https://api.github.com/repos/facade/ignition/zipball/107bc007da8268bffa6a6337294095ebc27ecb48","reference":"107bc007da8268bffa6a6337294095ebc27ecb48","shasum":""},"type":"library","time":"2019-08-30T14:50:25+00:00","autoload":{"psr-4":{"Facade\\Ignition\\":"src"}},"extra":{"branch-alias":{"dev-master":"1.0-dev"},"laravel":{"providers":["Facade\\Ignition\\IgnitionServiceProvider"],"aliases":{"Flare":"Facade\\Ignition\\Facades\\Flare"}}},"require":{"php":"^7.1","filp/whoops":"^2.1.4","illuminate/support":"~5.5.0|~5.6.0|~5.7.0|~5.8.0|^6.0","scrivo/highlight.php":"^9.15","symfony/var-dumper":"^3.4|~4.0","symfony/console":"^3.4|~4.0","monolog/monolog":"~1.12","facade/flare-client-php":"~1.0","facade/ignition-contracts":"~1.0","ext-json":"*"},"require-dev":{"friendsofphp/php-cs-fixer":"^2.14","mockery/mockery":"^1.2","orchestra/testbench":"^3.5|^3.6|^3.7|^3.8"},"suggest":{"laravel/telescope":"^2.0"},"uid":3199044},"1.0.1":{"name":"facade/ignition","description":"A beautiful error page for Laravel apps","keywords":["page","error","laravel","flare"],"homepage":"https://github.com/facade/ignition","version":"1.0.1","version_normalized":"1.0.1.0","license":["MIT"],"authors":[],"source":{"type":"git","url":"https://github.com/facade/ignition.git","reference":"0198eb1e7b7ea209d54c2dd3bc705455e8da719b"},"dist":{"type":"zip","url":"https://api.github.com/repos/facade/ignition/zipball/0198eb1e7b7ea209d54c2dd3bc705455e8da719b","reference":"0198eb1e7b7ea209d54c2dd3bc705455e8da719b","shasum":""},"type":"library","time":"2019-08-31T11:00:55+00:00","autoload":{"psr-4":{"Facade\\Ignition\\":"src"}},"extra":{"branch-alias":{"dev-master":"1.0-dev"},"laravel":{"providers":["Facade\\Ignition\\IgnitionServiceProvider"],"aliases":{"Flare":"Facade\\Ignition\\Facades\\Flare"}}},"require":{"php":"^7.1","filp/whoops":"^2.1.4","illuminate/support":"~5.5.0|~5.6.0|~5.7.0|~5.8.0|^6.0","scrivo/highlight.php":"^9.15","symfony/var-dumper":"^3.4|^4.0","symfony/console":"^3.4|^4.0","monolog/monolog":"^1.12","facade/flare-client-php":"^1.0","facade/ignition-contracts":"^1.0","ext-json":"*","ext-mbstring":"*"},"require-dev":{"friendsofphp/php-cs-fixer":"^2.14","mockery/mockery":"^1.2","orchestra/testbench":"^3.5|^3.6|^3.7|^3.8|^4.0"},"suggest":{"laravel/telescope":"^2.0"},"uid":3200149},"1.0.2":{"name":"facade/ignition","description":"A beautiful error page for Laravel apps","keywords":["page","error","laravel","flare"],"homepage":"https://github.com/facade/ignition","version":"1.0.2","version_normalized":"1.0.2.0","license":["MIT"],"authors":[],"source":{"type":"git","url":"https://github.com/facade/ignition.git","reference":"19b57f7514e132298d09255826c3ddecff3680ca"},"dist":{"type":"zip","url":"https://api.github.com/repos/facade/ignition/zipball/19b57f7514e132298d09255826c3ddecff3680ca","reference":"19b57f7514e132298d09255826c3ddecff3680ca","shasum":""},"type":"library","time":"2019-09-02T08:12:01+00:00","autoload":{"psr-4":{"Facade\\Ignition\\":"src"}},"extra":{"branch-alias":{"dev-master":"1.0-dev"},"laravel":{"providers":["Facade\\Ignition\\IgnitionServiceProvider"],"aliases":{"Flare":"Facade\\Ignition\\Facades\\Flare"}}},"require":{"php":"^7.1","filp/whoops":"^2.1.4","illuminate/support":"~5.5.0|~5.6.0|~5.7.0|~5.8.0|^6.0","scrivo/highlight.php":"^9.15","symfony/var-dumper":"^3.4|^4.0","symfony/console":"^3.4|^4.0","monolog/monolog":"^1.12","facade/flare-client-php":"^1.0","facade/ignition-contracts":"^1.0","ext-json":"*","ext-mbstring":"*"},"require-dev":{"friendsofphp/php-cs-fixer":"^2.14","mockery/mockery":"^1.2","orchestra/testbench":"^3.5|^3.6|^3.7|^3.8|^4.0"},"suggest":{"laravel/telescope":"^2.0"},"uid":3202237},"1.0.3":{"name":"facade/ignition","description":"A beautiful error page for Laravel apps","keywords":["page","error","laravel","flare"],"homepage":"https://github.com/facade/ignition","version":"1.0.3","version_normalized":"1.0.3.0","license":["MIT"],"authors":[],"source":{"type":"git","url":"https://github.com/facade/ignition.git","reference":"b9fb3af181e1f9ddd88b24c1550aa8928f9a0809"},"dist":{"type":"zip","url":"https://api.github.com/repos/facade/ignition/zipball/b9fb3af181e1f9ddd88b24c1550aa8928f9a0809","reference":"b9fb3af181e1f9ddd88b24c1550aa8928f9a0809","shasum":""},"type":"library","time":"2019-09-02T08:46:31+00:00","autoload":{"psr-4":{"Facade\\Ignition\\":"src"}},"extra":{"branch-alias":{"dev-master":"1.0-dev"},"laravel":{"providers":["Facade\\Ignition\\IgnitionServiceProvider"],"aliases":{"Flare":"Facade\\Ignition\\Facades\\Flare"}}},"require":{"php":"^7.1","filp/whoops":"^2.1.4","illuminate/support":"~5.5.0|~5.6.0|~5.7.0|~5.8.0|^6.0","scrivo/highlight.php":"^9.15","symfony/var-dumper":"^3.4|^4.0","symfony/console":"^3.4|^4.0","monolog/monolog":"^1.12","facade/flare-client-php":"^1.0","facade/ignition-contracts":"^1.0","ext-json":"*","ext-mbstring":"*"},"require-dev":{"friendsofphp/php-cs-fixer":"^2.14","mockery/mockery":"^1.2","orchestra/testbench":"^3.5|^3.6|^3.7|^3.8|^4.0"},"suggest":{"laravel/telescope":"^2.0"},"uid":3202242},"1.0.4":{"name":"facade/ignition","description":"A beautiful error page for Laravel apps","keywords":["page","error","laravel","flare"],"homepage":"https://github.com/facade/ignition","version":"1.0.4","version_normalized":"1.0.4.0","license":["MIT"],"authors":[],"source":{"type":"git","url":"https://github.com/facade/ignition.git","reference":"8fab725757dd043d2edd8453aafaa97bb4ea3905"},"dist":{"type":"zip","url":"https://api.github.com/repos/facade/ignition/zipball/8fab725757dd043d2edd8453aafaa97bb4ea3905","reference":"8fab725757dd043d2edd8453aafaa97bb4ea3905","shasum":""},"type":"library","time":"2019-09-02T09:31:15+00:00","autoload":{"psr-4":{"Facade\\Ignition\\":"src"}},"extra":{"branch-alias":{"dev-master":"1.0-dev"},"laravel":{"providers":["Facade\\Ignition\\IgnitionServiceProvider"],"aliases":{"Flare":"Facade\\Ignition\\Facades\\Flare"}}},"require":{"php":"^7.1","filp/whoops":"^2.1.4","illuminate/support":"~5.5.0|~5.6.0|~5.7.0|~5.8.0|^6.0","scrivo/highlight.php":"^9.15","symfony/var-dumper":"^3.4|^4.0","symfony/console":"^3.4|^4.0","monolog/monolog":"^1.12","facade/flare-client-php":"^1.0","facade/ignition-contracts":"^1.0","ext-json":"*","ext-mbstring":"*"},"require-dev":{"friendsofphp/php-cs-fixer":"^2.14","mockery/mockery":"^1.2","orchestra/testbench":"^3.5|^3.6|^3.7|^3.8|^4.0"},"suggest":{"laravel/telescope":"^2.0"},"uid":3202327},"1.1.0":{"name":"facade/ignition","description":"A beautiful error page for Laravel apps","keywords":["page","error","laravel","flare"],"homepage":"https://github.com/facade/ignition","version":"1.1.0","version_normalized":"1.1.0.0","license":["MIT"],"authors":[],"source":{"type":"git","url":"https://github.com/facade/ignition.git","reference":"14e6251b0c2de1e3d50e89fc41f4d7a2d1183b07"},"dist":{"type":"zip","url":"https://api.github.com/repos/facade/ignition/zipball/14e6251b0c2de1e3d50e89fc41f4d7a2d1183b07","reference":"14e6251b0c2de1e3d50e89fc41f4d7a2d1183b07","shasum":""},"type":"library","time":"2019-09-02T15:39:07+00:00","autoload":{"psr-4":{"Facade\\Ignition\\":"src"}},"extra":{"branch-alias":{"dev-master":"1.0-dev"},"laravel":{"providers":["Facade\\Ignition\\IgnitionServiceProvider"],"aliases":{"Flare":"Facade\\Ignition\\Facades\\Flare"}}},"require":{"php":"^7.1","filp/whoops":"^2.1.4","illuminate/support":"~5.5.0|~5.6.0|~5.7.0|~5.8.0|^6.0","scrivo/highlight.php":"^9.15","symfony/var-dumper":"^3.4|^4.0","symfony/console":"^3.4|^4.0","monolog/monolog":"^1.12","facade/flare-client-php":"^1.0","facade/ignition-contracts":"^1.0","ext-json":"*","ext-mbstring":"*"},"require-dev":{"friendsofphp/php-cs-fixer":"^2.14","mockery/mockery":"^1.2","orchestra/testbench":"^3.5|^3.6|^3.7|^3.8|^4.0"},"suggest":{"laravel/telescope":"^2.0"},"uid":3203329},"1.1.1":{"name":"facade/ignition","description":"A beautiful error page for Laravel apps","keywords":["page","error","laravel","flare"],"homepage":"https://github.com/facade/ignition","version":"1.1.1","version_normalized":"1.1.1.0","license":["MIT"],"authors":[],"source":{"type":"git","url":"https://github.com/facade/ignition.git","reference":"79f55712acb58b91325a2700d91802337d35e908"},"dist":{"type":"zip","url":"https://api.github.com/repos/facade/ignition/zipball/79f55712acb58b91325a2700d91802337d35e908","reference":"79f55712acb58b91325a2700d91802337d35e908","shasum":""},"type":"library","time":"2019-09-02T17:21:31+00:00","autoload":{"psr-4":{"Facade\\Ignition\\":"src"}},"extra":{"branch-alias":{"dev-master":"1.0-dev"},"laravel":{"providers":["Facade\\Ignition\\IgnitionServiceProvider"],"aliases":{"Flare":"Facade\\Ignition\\Facades\\Flare"}}},"require":{"php":"^7.1","filp/whoops":"^2.1.4","illuminate/support":"~5.5.0|~5.6.0|~5.7.0|~5.8.0|^6.0","scrivo/highlight.php":"^9.15","symfony/var-dumper":"^3.4|^4.0","symfony/console":"^3.4|^4.0","monolog/monolog":"^1.12","facade/flare-client-php":"^1.0","facade/ignition-contracts":"^1.0","ext-json":"*","ext-mbstring":"*"},"require-dev":{"friendsofphp/php-cs-fixer":"^2.14","mockery/mockery":"^1.2","orchestra/testbench":"^3.5|^3.6|^3.7|^3.8|^4.0"},"suggest":{"laravel/telescope":"^2.0"},"uid":3203554},"1.10.0":{"name":"facade/ignition","description":"A beautiful error page for Laravel applications.","keywords":["page","error","laravel","flare"],"homepage":"https://github.com/facade/ignition","version":"1.10.0","version_normalized":"1.10.0.0","license":["MIT"],"authors":[],"source":{"type":"git","url":"https://github.com/facade/ignition.git","reference":"58a826c2ee5cacf68557fcddfb6eb6c92f495155"},"dist":{"type":"zip","url":"https://api.github.com/repos/facade/ignition/zipball/58a826c2ee5cacf68557fcddfb6eb6c92f495155","reference":"58a826c2ee5cacf68557fcddfb6eb6c92f495155","shasum":""},"type":"library","time":"2019-10-07T19:11:10+00:00","autoload":{"psr-4":{"Facade\\Ignition\\":"src"},"files":["src/helpers.php"]},"extra":{"branch-alias":{"dev-master":"1.0-dev"},"laravel":{"providers":["Facade\\Ignition\\IgnitionServiceProvider"],"aliases":{"Flare":"Facade\\Ignition\\Facades\\Flare"}}},"require":{"php":"^7.1","ext-json":"*","ext-mbstring":"*","facade/flare-client-php":"^1.1","facade/ignition-contracts":"^1.0","filp/whoops":"^2.4","illuminate/support":"~5.5.0 || ~5.6.0 || ~5.7.0 || ~5.8.0 || ^6.0","monolog/monolog":"^1.12 || ^2.0","scrivo/highlight.php":"^9.15","symfony/console":"^3.4 || ^4.0","symfony/var-dumper":"^3.4 || ^4.0"},"require-dev":{"friendsofphp/php-cs-fixer":"^2.14","mockery/mockery":"^1.2","orchestra/testbench":"^3.5 || ^3.6 || ^3.7 || ^3.8 || ^4.0"},"suggest":{"laravel/telescope":"^2.0"},"uid":3283605},"1.11.0":{"name":"facade/ignition","description":"A beautiful error page for Laravel applications.","keywords":["page","error","laravel","flare"],"homepage":"https://github.com/facade/ignition","version":"1.11.0","version_normalized":"1.11.0.0","license":["MIT"],"authors":[],"source":{"type":"git","url":"https://github.com/facade/ignition.git","reference":"4a07aad1798f62cd6e1f8cd4882c9ce49340f14a"},"dist":{"type":"zip","url":"https://api.github.com/repos/facade/ignition/zipball/4a07aad1798f62cd6e1f8cd4882c9ce49340f14a","reference":"4a07aad1798f62cd6e1f8cd4882c9ce49340f14a","shasum":""},"type":"library","time":"2019-10-08T07:12:59+00:00","autoload":{"psr-4":{"Facade\\Ignition\\":"src"},"files":["src/helpers.php"]},"extra":{"branch-alias":{"dev-master":"1.0-dev"},"laravel":{"providers":["Facade\\Ignition\\IgnitionServiceProvider"],"aliases":{"Flare":"Facade\\Ignition\\Facades\\Flare"}}},"require":{"php":"^7.1","ext-json":"*","ext-mbstring":"*","facade/flare-client-php":"^1.1","facade/ignition-contracts":"^1.0","filp/whoops":"^2.4","illuminate/support":"~5.5.0 || ~5.6.0 || ~5.7.0 || ~5.8.0 || ^6.0","monolog/monolog":"^1.12 || ^2.0","scrivo/highlight.php":"^9.15","symfony/console":"^3.4 || ^4.0","symfony/var-dumper":"^3.4 || ^4.0"},"require-dev":{"friendsofphp/php-cs-fixer":"^2.14","mockery/mockery":"^1.2","orchestra/testbench":"^3.5 || ^3.6 || ^3.7 || ^3.8 || ^4.0"},"suggest":{"laravel/telescope":"^2.0"},"uid":3284655},"1.11.1":{"name":"facade/ignition","description":"A beautiful error page for Laravel applications.","keywords":["page","error","laravel","flare"],"homepage":"https://github.com/facade/ignition","version":"1.11.1","version_normalized":"1.11.1.0","license":["MIT"],"authors":[],"source":{"type":"git","url":"https://github.com/facade/ignition.git","reference":"dc56111b19e160236084dc6ab460e9c08912ecac"},"dist":{"type":"zip","url":"https://api.github.com/repos/facade/ignition/zipball/dc56111b19e160236084dc6ab460e9c08912ecac","reference":"dc56111b19e160236084dc6ab460e9c08912ecac","shasum":""},"type":"library","time":"2019-10-08T07:36:31+00:00","autoload":{"psr-4":{"Facade\\Ignition\\":"src"},"files":["src/helpers.php"]},"extra":{"branch-alias":{"dev-master":"1.0-dev"},"laravel":{"providers":["Facade\\Ignition\\IgnitionServiceProvider"],"aliases":{"Flare":"Facade\\Ignition\\Facades\\Flare"}}},"require":{"php":"^7.1","ext-json":"*","ext-mbstring":"*","facade/flare-client-php":"^1.1","facade/ignition-contracts":"^1.0","filp/whoops":"^2.4","illuminate/support":"~5.5.0 || ~5.6.0 || ~5.7.0 || ~5.8.0 || ^6.0","monolog/monolog":"^1.12 || ^2.0","scrivo/highlight.php":"^9.15","symfony/console":"^3.4 || ^4.0","symfony/var-dumper":"^3.4 || ^4.0"},"require-dev":{"friendsofphp/php-cs-fixer":"^2.14","mockery/mockery":"^1.2","orchestra/testbench":"^3.5 || ^3.6 || ^3.7 || ^3.8 || ^4.0"},"suggest":{"laravel/telescope":"^2.0"},"uid":3284692},"1.11.2":{"name":"facade/ignition","description":"A beautiful error page for Laravel applications.","keywords":["page","error","laravel","flare"],"homepage":"https://github.com/facade/ignition","version":"1.11.2","version_normalized":"1.11.2.0","license":["MIT"],"authors":[],"source":{"type":"git","url":"https://github.com/facade/ignition.git","reference":"862cbc2dfffa1fa28b47822a116e5b2e03b421db"},"dist":{"type":"zip","url":"https://api.github.com/repos/facade/ignition/zipball/862cbc2dfffa1fa28b47822a116e5b2e03b421db","reference":"862cbc2dfffa1fa28b47822a116e5b2e03b421db","shasum":""},"type":"library","time":"2019-10-13T10:42:06+00:00","autoload":{"psr-4":{"Facade\\Ignition\\":"src"},"files":["src/helpers.php"]},"extra":{"branch-alias":{"dev-master":"1.0-dev"},"laravel":{"providers":["Facade\\Ignition\\IgnitionServiceProvider"],"aliases":{"Flare":"Facade\\Ignition\\Facades\\Flare"}}},"require":{"php":"^7.1","ext-json":"*","ext-mbstring":"*","facade/flare-client-php":"^1.1","facade/ignition-contracts":"^1.0","filp/whoops":"^2.4","illuminate/support":"~5.5.0 || ~5.6.0 || ~5.7.0 || ~5.8.0 || ^6.0","monolog/monolog":"^1.12 || ^2.0","scrivo/highlight.php":"^9.15","symfony/console":"^3.4 || ^4.0","symfony/var-dumper":"^3.4 || ^4.0"},"require-dev":{"friendsofphp/php-cs-fixer":"^2.14","mockery/mockery":"^1.2","orchestra/testbench":"^3.5 || ^3.6 || ^3.7 || ^3.8 || ^4.0"},"suggest":{"laravel/telescope":"^2.0"},"uid":3296433},"1.12.0":{"name":"facade/ignition","description":"A beautiful error page for Laravel applications.","keywords":["page","error","laravel","flare"],"homepage":"https://github.com/facade/ignition","version":"1.12.0","version_normalized":"1.12.0.0","license":["MIT"],"authors":[],"source":{"type":"git","url":"https://github.com/facade/ignition.git","reference":"67736a01597b9e08f00a1fc8966b92b918dba5ea"},"dist":{"type":"zip","url":"https://api.github.com/repos/facade/ignition/zipball/67736a01597b9e08f00a1fc8966b92b918dba5ea","reference":"67736a01597b9e08f00a1fc8966b92b918dba5ea","shasum":""},"type":"library","time":"2019-11-14T10:51:35+00:00","autoload":{"psr-4":{"Facade\\Ignition\\":"src"},"files":["src/helpers.php"]},"extra":{"branch-alias":{"dev-master":"1.0-dev"},"laravel":{"providers":["Facade\\Ignition\\IgnitionServiceProvider"],"aliases":{"Flare":"Facade\\Ignition\\Facades\\Flare"}}},"require":{"php":"^7.1","ext-json":"*","ext-mbstring":"*","facade/flare-client-php":"^1.1","facade/ignition-contracts":"^1.0","filp/whoops":"^2.4","illuminate/support":"~5.5.0 || ~5.6.0 || ~5.7.0 || ~5.8.0 || ^6.0","monolog/monolog":"^1.12 || ^2.0","scrivo/highlight.php":"^9.15","symfony/console":"^3.4 || ^4.0","symfony/var-dumper":"^3.4 || ^4.0"},"require-dev":{"friendsofphp/php-cs-fixer":"^2.14","mockery/mockery":"^1.2","orchestra/testbench":"^3.5 || ^3.6 || ^3.7 || ^3.8 || ^4.0"},"suggest":{"laravel/telescope":"^2.0"},"uid":3377712},"1.12.1":{"name":"facade/ignition","description":"A beautiful error page for Laravel applications.","keywords":["page","error","laravel","flare"],"homepage":"https://github.com/facade/ignition","version":"1.12.1","version_normalized":"1.12.1.0","license":["MIT"],"authors":[],"source":{"type":"git","url":"https://github.com/facade/ignition.git","reference":"6a1d324e8362b8818b0ec65994a9d71a7bd94964"},"dist":{"type":"zip","url":"https://api.github.com/repos/facade/ignition/zipball/6a1d324e8362b8818b0ec65994a9d71a7bd94964","reference":"6a1d324e8362b8818b0ec65994a9d71a7bd94964","shasum":""},"type":"library","time":"2019-11-25T15:24:39+00:00","autoload":{"psr-4":{"Facade\\Ignition\\":"src"},"files":["src/helpers.php"]},"extra":{"branch-alias":{"dev-master":"1.0-dev"},"laravel":{"providers":["Facade\\Ignition\\IgnitionServiceProvider"],"aliases":{"Flare":"Facade\\Ignition\\Facades\\Flare"}}},"require":{"php":"^7.1","ext-json":"*","ext-mbstring":"*","facade/flare-client-php":"^1.1","facade/ignition-contracts":"^1.0","filp/whoops":"^2.4","illuminate/support":"~5.5.0 || ~5.6.0 || ~5.7.0 || ~5.8.0 || ^6.0","monolog/monolog":"^1.12 || ^2.0","scrivo/highlight.php":"^9.15","symfony/console":"^3.4 || ^4.0","symfony/var-dumper":"^3.4 || ^4.0"},"require-dev":{"friendsofphp/php-cs-fixer":"^2.14","mockery/mockery":"^1.2","orchestra/testbench":"^3.5 || ^3.6 || ^3.7 || ^3.8 || ^4.0"},"suggest":{"laravel/telescope":"^2.0"},"uid":3408013},"1.13.0":{"name":"facade/ignition","description":"A beautiful error page for Laravel applications.","keywords":["page","error","laravel","flare"],"homepage":"https://github.com/facade/ignition","version":"1.13.0","version_normalized":"1.13.0.0","license":["MIT"],"authors":[],"source":{"type":"git","url":"https://github.com/facade/ignition.git","reference":"1d2103aefecc9c4e6975bcc77fc5eceb330adb33"},"dist":{"type":"zip","url":"https://api.github.com/repos/facade/ignition/zipball/1d2103aefecc9c4e6975bcc77fc5eceb330adb33","reference":"1d2103aefecc9c4e6975bcc77fc5eceb330adb33","shasum":""},"type":"library","time":"2019-11-27T11:17:18+00:00","autoload":{"psr-4":{"Facade\\Ignition\\":"src"},"files":["src/helpers.php"]},"extra":{"branch-alias":{"dev-master":"1.0-dev"},"laravel":{"providers":["Facade\\Ignition\\IgnitionServiceProvider"],"aliases":{"Flare":"Facade\\Ignition\\Facades\\Flare"}}},"require":{"php":"^7.1","ext-json":"*","ext-mbstring":"*","facade/flare-client-php":"^1.3","facade/ignition-contracts":"^1.0","filp/whoops":"^2.4","illuminate/support":"~5.5.0 || ~5.6.0 || ~5.7.0 || ~5.8.0 || ^6.0","monolog/monolog":"^1.12 || ^2.0","scrivo/highlight.php":"^9.15","symfony/console":"^3.4 || ^4.0","symfony/var-dumper":"^3.4 || ^4.0"},"require-dev":{"friendsofphp/php-cs-fixer":"^2.14","mockery/mockery":"^1.2","orchestra/testbench":"^3.5 || ^3.6 || ^3.7 || ^3.8 || ^4.0"},"suggest":{"laravel/telescope":"^2.0"},"uid":3413622},"1.13.1":{"name":"facade/ignition","description":"A beautiful error page for Laravel applications.","keywords":["page","error","laravel","flare"],"homepage":"https://github.com/facade/ignition","version":"1.13.1","version_normalized":"1.13.1.0","license":["MIT"],"authors":[],"source":{"type":"git","url":"https://github.com/facade/ignition.git","reference":"03a26e0c4f48bf88523137a527e413a9b7c23436"},"dist":{"type":"zip","url":"https://api.github.com/repos/facade/ignition/zipball/03a26e0c4f48bf88523137a527e413a9b7c23436","reference":"03a26e0c4f48bf88523137a527e413a9b7c23436","shasum":""},"type":"library","time":"2020-01-02T12:03:02+00:00","autoload":{"psr-4":{"Facade\\Ignition\\":"src"},"files":["src/helpers.php"]},"extra":{"branch-alias":{"dev-master":"1.0-dev"},"laravel":{"providers":["Facade\\Ignition\\IgnitionServiceProvider"],"aliases":{"Flare":"Facade\\Ignition\\Facades\\Flare"}}},"require":{"php":"^7.1","ext-json":"*","ext-mbstring":"*","facade/flare-client-php":"^1.3","facade/ignition-contracts":"^1.0","filp/whoops":"^2.4","illuminate/support":"~5.5.0 || ~5.6.0 || ~5.7.0 || ~5.8.0 || ^6.0","monolog/monolog":"^1.12 || ^2.0","scrivo/highlight.php":"^9.15","symfony/console":"^3.4 || ^4.0","symfony/var-dumper":"^3.4 || ^4.0"},"require-dev":{"friendsofphp/php-cs-fixer":"^2.14","mockery/mockery":"^1.2","orchestra/testbench":"^3.5 || ^3.6 || ^3.7 || ^3.8 || ^4.0"},"suggest":{"laravel/telescope":"^2.0"},"uid":3502759},"1.14.0":{"name":"facade/ignition","description":"A beautiful error page for Laravel applications.","keywords":["page","error","laravel","flare"],"homepage":"https://github.com/facade/ignition","version":"1.14.0","version_normalized":"1.14.0.0","license":["MIT"],"authors":[],"source":{"type":"git","url":"https://github.com/facade/ignition.git","reference":"c6d36683b40e005cd395ddff1bbfbf0aa0fcd3c5"},"dist":{"type":"zip","url":"https://api.github.com/repos/facade/ignition/zipball/c6d36683b40e005cd395ddff1bbfbf0aa0fcd3c5","reference":"c6d36683b40e005cd395ddff1bbfbf0aa0fcd3c5","shasum":""},"type":"library","time":"2020-01-06T09:32:42+00:00","autoload":{"psr-4":{"Facade\\Ignition\\":"src"},"files":["src/helpers.php"]},"extra":{"branch-alias":{"dev-master":"1.0-dev"},"laravel":{"providers":["Facade\\Ignition\\IgnitionServiceProvider"],"aliases":{"Flare":"Facade\\Ignition\\Facades\\Flare"}}},"require":{"php":"^7.1","ext-json":"*","ext-mbstring":"*","facade/flare-client-php":"^1.3","facade/ignition-contracts":"^1.0","filp/whoops":"^2.4","illuminate/support":"~5.5.0 || ~5.6.0 || ~5.7.0 || ~5.8.0 || ^6.0","monolog/monolog":"^1.12 || ^2.0","scrivo/highlight.php":"^9.15","symfony/console":"^3.4 || ^4.0","symfony/var-dumper":"^3.4 || ^4.0"},"require-dev":{"friendsofphp/php-cs-fixer":"^2.14","mockery/mockery":"^1.2","orchestra/testbench":"^3.5 || ^3.6 || ^3.7 || ^3.8 || ^4.0"},"suggest":{"laravel/telescope":"^2.0"},"uid":3512126},"1.15.0":{"name":"facade/ignition","description":"A beautiful error page for Laravel applications.","keywords":["page","error","laravel","flare"],"homepage":"https://github.com/facade/ignition","version":"1.15.0","version_normalized":"1.15.0.0","license":["MIT"],"authors":[],"source":{"type":"git","url":"https://github.com/facade/ignition.git","reference":"c3cb2e85cf65917c50e519d64d879c5634336715"},"dist":{"type":"zip","url":"https://api.github.com/repos/facade/ignition/zipball/c3cb2e85cf65917c50e519d64d879c5634336715","reference":"c3cb2e85cf65917c50e519d64d879c5634336715","shasum":""},"type":"library","time":"2020-01-21T07:56:45+00:00","autoload":{"psr-4":{"Facade\\Ignition\\":"src"},"files":["src/helpers.php"]},"extra":{"branch-alias":{"dev-master":"1.0-dev"},"laravel":{"providers":["Facade\\Ignition\\IgnitionServiceProvider"],"aliases":{"Flare":"Facade\\Ignition\\Facades\\Flare"}}},"require":{"php":"^7.1","ext-json":"*","ext-mbstring":"*","facade/flare-client-php":"^1.3","facade/ignition-contracts":"^1.0","filp/whoops":"^2.4","illuminate/support":"~5.5.0 || ~5.6.0 || ~5.7.0 || ~5.8.0 || ^6.0","monolog/monolog":"^1.12 || ^2.0","scrivo/highlight.php":"^9.15","symfony/console":"^3.4 || ^4.0","symfony/var-dumper":"^3.4 || ^4.0"},"require-dev":{"friendsofphp/php-cs-fixer":"^2.14","mockery/mockery":"^1.2","orchestra/testbench":"^3.5 || ^3.6 || ^3.7 || ^3.8 || ^4.0"},"suggest":{"laravel/telescope":"^2.0"},"uid":3553066},"1.16.0":{"name":"facade/ignition","description":"A beautiful error page for Laravel applications.","keywords":["page","error","laravel","flare"],"homepage":"https://github.com/facade/ignition","version":"1.16.0","version_normalized":"1.16.0.0","license":["MIT"],"authors":[],"source":{"type":"git","url":"https://github.com/facade/ignition.git","reference":"37f094775814b68d0c6cc8b8ff3c3be243f20725"},"dist":{"type":"zip","url":"https://api.github.com/repos/facade/ignition/zipball/37f094775814b68d0c6cc8b8ff3c3be243f20725","reference":"37f094775814b68d0c6cc8b8ff3c3be243f20725","shasum":""},"type":"library","time":"2020-01-21T17:46:02+00:00","autoload":{"psr-4":{"Facade\\Ignition\\":"src"},"files":["src/helpers.php"]},"extra":{"branch-alias":{"dev-master":"v2.x-dev"},"laravel":{"providers":["Facade\\Ignition\\IgnitionServiceProvider"],"aliases":{"Flare":"Facade\\Ignition\\Facades\\Flare"}}},"require":{"php":"^7.1","ext-json":"*","ext-mbstring":"*","facade/flare-client-php":"^1.3","facade/ignition-contracts":"^1.0","filp/whoops":"^2.4","illuminate/support":"~5.5.0 || ~5.6.0 || ~5.7.0 || ~5.8.0 || ^6.0","monolog/monolog":"^1.12 || ^2.0","scrivo/highlight.php":"^9.15","symfony/console":"^3.4 || ^4.0","symfony/var-dumper":"^3.4 || ^4.0"},"require-dev":{"friendsofphp/php-cs-fixer":"^2.14","mockery/mockery":"^1.2","orchestra/testbench":"^3.5 || ^3.6 || ^3.7 || ^3.8 || ^4.0"},"suggest":{"laravel/telescope":"^2.0"},"uid":3554958},"1.2.0":{"name":"facade/ignition","description":"A beautiful error page for Laravel apps","keywords":["page","error","laravel","flare"],"homepage":"https://github.com/facade/ignition","version":"1.2.0","version_normalized":"1.2.0.0","license":["MIT"],"authors":[],"source":{"type":"git","url":"https://github.com/facade/ignition.git","reference":"f1f5ae076e5d50e0ec62c9b8a56ab1461e45c911"},"dist":{"type":"zip","url":"https://api.github.com/repos/facade/ignition/zipball/f1f5ae076e5d50e0ec62c9b8a56ab1461e45c911","reference":"f1f5ae076e5d50e0ec62c9b8a56ab1461e45c911","shasum":""},"type":"library","time":"2019-09-02T20:57:30+00:00","autoload":{"psr-4":{"Facade\\Ignition\\":"src"}},"extra":{"branch-alias":{"dev-master":"1.0-dev"},"laravel":{"providers":["Facade\\Ignition\\IgnitionServiceProvider"],"aliases":{"Flare":"Facade\\Ignition\\Facades\\Flare"}}},"require":{"php":"^7.1","filp/whoops":"^2.1.4","illuminate/support":"~5.5.0|~5.6.0|~5.7.0|~5.8.0|^6.0","scrivo/highlight.php":"^9.15","symfony/var-dumper":"^3.4|^4.0","symfony/console":"^3.4|^4.0","monolog/monolog":"^1.12","facade/flare-client-php":"^1.0","facade/ignition-contracts":"^1.0","ext-json":"*","ext-mbstring":"*"},"require-dev":{"friendsofphp/php-cs-fixer":"^2.14","mockery/mockery":"^1.2","orchestra/testbench":"^3.5|^3.6|^3.7|^3.8|^4.0"},"suggest":{"laravel/telescope":"^2.0"},"uid":3203784},"1.3.0":{"name":"facade/ignition","description":"A beautiful error page for Laravel apps","keywords":["page","error","laravel","flare"],"homepage":"https://github.com/facade/ignition","version":"1.3.0","version_normalized":"1.3.0.0","license":["MIT"],"authors":[],"source":{"type":"git","url":"https://github.com/facade/ignition.git","reference":"5971338abf4766f89f64d2956ebdcd82a06d6f81"},"dist":{"type":"zip","url":"https://api.github.com/repos/facade/ignition/zipball/5971338abf4766f89f64d2956ebdcd82a06d6f81","reference":"5971338abf4766f89f64d2956ebdcd82a06d6f81","shasum":""},"type":"library","time":"2019-09-02T21:10:17+00:00","autoload":{"psr-4":{"Facade\\Ignition\\":"src"}},"extra":{"branch-alias":{"dev-master":"1.0-dev"},"laravel":{"providers":["Facade\\Ignition\\IgnitionServiceProvider"],"aliases":{"Flare":"Facade\\Ignition\\Facades\\Flare"}}},"require":{"php":"^7.1","filp/whoops":"^2.1.4","illuminate/support":"~5.5.0|~5.6.0|~5.7.0|~5.8.0|^6.0","scrivo/highlight.php":"^9.15","symfony/var-dumper":"^3.4|^4.0","symfony/console":"^3.4|^4.0","monolog/monolog":"^1.12","facade/flare-client-php":"^1.0","facade/ignition-contracts":"^1.0","ext-json":"*","ext-mbstring":"*"},"require-dev":{"friendsofphp/php-cs-fixer":"^2.14","mockery/mockery":"^1.2","orchestra/testbench":"^3.5|^3.6|^3.7|^3.8|^4.0"},"suggest":{"laravel/telescope":"^2.0"},"uid":3203793},"1.4.0":{"name":"facade/ignition","description":"A beautiful error page for Laravel apps","keywords":["page","error","laravel","flare"],"homepage":"https://github.com/facade/ignition","version":"1.4.0","version_normalized":"1.4.0.0","license":["MIT"],"authors":[],"source":{"type":"git","url":"https://github.com/facade/ignition.git","reference":"3fcab693eea9dc021f7ef2b6e5d9617df42c5e89"},"dist":{"type":"zip","url":"https://api.github.com/repos/facade/ignition/zipball/3fcab693eea9dc021f7ef2b6e5d9617df42c5e89","reference":"3fcab693eea9dc021f7ef2b6e5d9617df42c5e89","shasum":""},"type":"library","time":"2019-09-03T07:13:03+00:00","autoload":{"psr-4":{"Facade\\Ignition\\":"src"}},"extra":{"branch-alias":{"dev-master":"1.0-dev"},"laravel":{"providers":["Facade\\Ignition\\IgnitionServiceProvider"],"aliases":{"Flare":"Facade\\Ignition\\Facades\\Flare"}}},"require":{"php":"^7.1","filp/whoops":"^2.1.4","illuminate/support":"~5.5.0|~5.6.0|~5.7.0|~5.8.0|^6.0","scrivo/highlight.php":"^9.15","symfony/var-dumper":"^3.4|^4.0","symfony/console":"^3.4|^4.0","monolog/monolog":"^1.12","facade/flare-client-php":"^1.0","facade/ignition-contracts":"^1.0","ext-json":"*","ext-mbstring":"*"},"require-dev":{"friendsofphp/php-cs-fixer":"^2.14","mockery/mockery":"^1.2","orchestra/testbench":"^3.5|^3.6|^3.7|^3.8|^4.0"},"suggest":{"laravel/telescope":"^2.0"},"uid":3204162},"1.4.1":{"name":"facade/ignition","description":"A beautiful error page for Laravel apps","keywords":["page","error","laravel","flare"],"homepage":"https://github.com/facade/ignition","version":"1.4.1","version_normalized":"1.4.1.0","license":["MIT"],"authors":[],"source":{"type":"git","url":"https://github.com/facade/ignition.git","reference":"abd79060f6ed6c33eae2bc177369df41a731b0be"},"dist":{"type":"zip","url":"https://api.github.com/repos/facade/ignition/zipball/abd79060f6ed6c33eae2bc177369df41a731b0be","reference":"abd79060f6ed6c33eae2bc177369df41a731b0be","shasum":""},"type":"library","time":"2019-09-03T07:57:08+00:00","autoload":{"psr-4":{"Facade\\Ignition\\":"src"}},"extra":{"branch-alias":{"dev-master":"1.0-dev"},"laravel":{"providers":["Facade\\Ignition\\IgnitionServiceProvider"],"aliases":{"Flare":"Facade\\Ignition\\Facades\\Flare"}}},"require":{"php":"^7.1","filp/whoops":"^2.1.4","illuminate/support":"~5.5.0|~5.6.0|~5.7.0|~5.8.0|^6.0","scrivo/highlight.php":"^9.15","symfony/var-dumper":"^3.4|^4.0","symfony/console":"^3.4|^4.0","monolog/monolog":"^1.12","facade/flare-client-php":"^1.0","facade/ignition-contracts":"^1.0","ext-json":"*","ext-mbstring":"*"},"require-dev":{"friendsofphp/php-cs-fixer":"^2.14","mockery/mockery":"^1.2","orchestra/testbench":"^3.5|^3.6|^3.7|^3.8|^4.0"},"suggest":{"laravel/telescope":"^2.0"},"uid":3204243},"1.4.10":{"name":"facade/ignition","description":"A beautiful error page for Laravel apps","keywords":["page","error","laravel","flare"],"homepage":"https://github.com/facade/ignition","version":"1.4.10","version_normalized":"1.4.10.0","license":["MIT"],"authors":[],"source":{"type":"git","url":"https://github.com/facade/ignition.git","reference":"8c3807dfbc1b2725dd87e20793a6b085f9fed381"},"dist":{"type":"zip","url":"https://api.github.com/repos/facade/ignition/zipball/8c3807dfbc1b2725dd87e20793a6b085f9fed381","reference":"8c3807dfbc1b2725dd87e20793a6b085f9fed381","shasum":""},"type":"library","time":"2019-09-04T14:36:37+00:00","autoload":{"psr-4":{"Facade\\Ignition\\":"src"}},"extra":{"branch-alias":{"dev-master":"1.0-dev"},"laravel":{"providers":["Facade\\Ignition\\IgnitionServiceProvider"],"aliases":{"Flare":"Facade\\Ignition\\Facades\\Flare"}}},"require":{"php":"^7.1","filp/whoops":"^2.4","illuminate/support":"~5.5.0|~5.6.0|~5.7.0|~5.8.0|^6.0","scrivo/highlight.php":"^9.15","symfony/var-dumper":"^3.4|^4.0","symfony/console":"^3.4|^4.0","monolog/monolog":"^1.12|^2.0","facade/flare-client-php":"^1.0","facade/ignition-contracts":"^1.0","ext-json":"*","ext-mbstring":"*"},"require-dev":{"friendsofphp/php-cs-fixer":"^2.14","mockery/mockery":"^1.2","orchestra/testbench":"^3.5|^3.6|^3.7|^3.8|^4.0"},"suggest":{"laravel/telescope":"^2.0"},"uid":3209386},"1.4.11":{"name":"facade/ignition","description":"A beautiful error page for Laravel apps","keywords":["page","error","laravel","flare"],"homepage":"https://github.com/facade/ignition","version":"1.4.11","version_normalized":"1.4.11.0","license":["MIT"],"authors":[],"source":{"type":"git","url":"https://github.com/facade/ignition.git","reference":"5082ea8e531894dca7ffcee25206d93cd25aca42"},"dist":{"type":"zip","url":"https://api.github.com/repos/facade/ignition/zipball/5082ea8e531894dca7ffcee25206d93cd25aca42","reference":"5082ea8e531894dca7ffcee25206d93cd25aca42","shasum":""},"type":"library","time":"2019-09-04T19:13:40+00:00","autoload":{"psr-4":{"Facade\\Ignition\\":"src"}},"extra":{"branch-alias":{"dev-master":"1.0-dev"},"laravel":{"providers":["Facade\\Ignition\\IgnitionServiceProvider"],"aliases":{"Flare":"Facade\\Ignition\\Facades\\Flare"}}},"require":{"php":"^7.1","filp/whoops":"^2.4","illuminate/support":"~5.5.0|~5.6.0|~5.7.0|~5.8.0|^6.0","scrivo/highlight.php":"^9.15","symfony/var-dumper":"^3.4|^4.0","symfony/console":"^3.4|^4.0","monolog/monolog":"^1.12|^2.0","facade/flare-client-php":"^1.0","facade/ignition-contracts":"^1.0","ext-json":"*","ext-mbstring":"*"},"require-dev":{"friendsofphp/php-cs-fixer":"^2.14","mockery/mockery":"^1.2","orchestra/testbench":"^3.5|^3.6|^3.7|^3.8|^4.0"},"suggest":{"laravel/telescope":"^2.0"},"uid":3210017},"1.4.12":{"name":"facade/ignition","description":"A beautiful error page for Laravel apps","keywords":["page","error","laravel","flare"],"homepage":"https://github.com/facade/ignition","version":"1.4.12","version_normalized":"1.4.12.0","license":["MIT"],"authors":[],"source":{"type":"git","url":"https://github.com/facade/ignition.git","reference":"b3aa166ed7d081df90e9f95eef351035f69c3ee9"},"dist":{"type":"zip","url":"https://api.github.com/repos/facade/ignition/zipball/b3aa166ed7d081df90e9f95eef351035f69c3ee9","reference":"b3aa166ed7d081df90e9f95eef351035f69c3ee9","shasum":""},"type":"library","time":"2019-09-05T12:13:00+00:00","autoload":{"psr-4":{"Facade\\Ignition\\":"src"}},"extra":{"branch-alias":{"dev-master":"1.0-dev"},"laravel":{"providers":["Facade\\Ignition\\IgnitionServiceProvider"],"aliases":{"Flare":"Facade\\Ignition\\Facades\\Flare"}}},"require":{"php":"^7.1","filp/whoops":"^2.4","illuminate/support":"~5.5.0|~5.6.0|~5.7.0|~5.8.0|^6.0","scrivo/highlight.php":"^9.15","symfony/var-dumper":"^3.4|^4.0","symfony/console":"^3.4|^4.0","monolog/monolog":"^1.12|^2.0","facade/flare-client-php":"^1.0","facade/ignition-contracts":"^1.0","ext-json":"*","ext-mbstring":"*"},"require-dev":{"friendsofphp/php-cs-fixer":"^2.14","mockery/mockery":"^1.2","orchestra/testbench":"^3.5|^3.6|^3.7|^3.8|^4.0"},"suggest":{"laravel/telescope":"^2.0"},"uid":3212762},"1.4.13":{"name":"facade/ignition","description":"A beautiful error page for Laravel apps","keywords":["page","error","laravel","flare"],"homepage":"https://github.com/facade/ignition","version":"1.4.13","version_normalized":"1.4.13.0","license":["MIT"],"authors":[],"source":{"type":"git","url":"https://github.com/facade/ignition.git","reference":"b83c91fc70a028c4715854bb0b7e708daac3c20c"},"dist":{"type":"zip","url":"https://api.github.com/repos/facade/ignition/zipball/b83c91fc70a028c4715854bb0b7e708daac3c20c","reference":"b83c91fc70a028c4715854bb0b7e708daac3c20c","shasum":""},"type":"library","time":"2019-09-05T14:31:41+00:00","autoload":{"psr-4":{"Facade\\Ignition\\":"src"}},"extra":{"branch-alias":{"dev-master":"1.0-dev"},"laravel":{"providers":["Facade\\Ignition\\IgnitionServiceProvider"],"aliases":{"Flare":"Facade\\Ignition\\Facades\\Flare"}}},"require":{"php":"^7.1","filp/whoops":"^2.4","illuminate/support":"~5.5.0|~5.6.0|~5.7.0|~5.8.0|^6.0","scrivo/highlight.php":"^9.15","symfony/var-dumper":"^3.4|^4.0","symfony/console":"^3.4|^4.0","monolog/monolog":"^1.12|^2.0","facade/flare-client-php":"^1.0","facade/ignition-contracts":"^1.0","ext-json":"*","ext-mbstring":"*"},"require-dev":{"friendsofphp/php-cs-fixer":"^2.14","mockery/mockery":"^1.2","orchestra/testbench":"^3.5|^3.6|^3.7|^3.8|^4.0"},"suggest":{"laravel/telescope":"^2.0"},"uid":3213443},"1.4.14":{"name":"facade/ignition","description":"A beautiful error page for Laravel apps","keywords":["page","error","laravel","flare"],"homepage":"https://github.com/facade/ignition","version":"1.4.14","version_normalized":"1.4.14.0","license":["MIT"],"authors":[],"source":{"type":"git","url":"https://github.com/facade/ignition.git","reference":"8d2c28164814a36cefe673f23e4d216898b03ae1"},"dist":{"type":"zip","url":"https://api.github.com/repos/facade/ignition/zipball/8d2c28164814a36cefe673f23e4d216898b03ae1","reference":"8d2c28164814a36cefe673f23e4d216898b03ae1","shasum":""},"type":"library","time":"2019-09-05T19:15:15+00:00","autoload":{"psr-4":{"Facade\\Ignition\\":"src"}},"extra":{"branch-alias":{"dev-master":"1.0-dev"},"laravel":{"providers":["Facade\\Ignition\\IgnitionServiceProvider"],"aliases":{"Flare":"Facade\\Ignition\\Facades\\Flare"}}},"require":{"php":"^7.1","filp/whoops":"^2.4","illuminate/support":"~5.5.0|~5.6.0|~5.7.0|~5.8.0|^6.0","scrivo/highlight.php":"^9.15","symfony/var-dumper":"^3.4|^4.0","symfony/console":"^3.4|^4.0","monolog/monolog":"^1.12|^2.0","facade/flare-client-php":"^1.0","facade/ignition-contracts":"^1.0","ext-json":"*","ext-mbstring":"*"},"require-dev":{"friendsofphp/php-cs-fixer":"^2.14","mockery/mockery":"^1.2","orchestra/testbench":"^3.5|^3.6|^3.7|^3.8|^4.0"},"suggest":{"laravel/telescope":"^2.0"},"uid":3213982},"1.4.15":{"name":"facade/ignition","description":"A beautiful error page for Laravel applications.","keywords":["page","error","laravel","flare"],"homepage":"https://github.com/facade/ignition","version":"1.4.15","version_normalized":"1.4.15.0","license":["MIT"],"authors":[],"source":{"type":"git","url":"https://github.com/facade/ignition.git","reference":"1f92a209c1a5a60f43c5bbff196177810e817095"},"dist":{"type":"zip","url":"https://api.github.com/repos/facade/ignition/zipball/1f92a209c1a5a60f43c5bbff196177810e817095","reference":"1f92a209c1a5a60f43c5bbff196177810e817095","shasum":""},"type":"library","time":"2019-09-05T21:48:35+00:00","autoload":{"psr-4":{"Facade\\Ignition\\":"src"}},"extra":{"branch-alias":{"dev-master":"1.0-dev"},"laravel":{"providers":["Facade\\Ignition\\IgnitionServiceProvider"],"aliases":{"Flare":"Facade\\Ignition\\Facades\\Flare"}}},"require":{"php":"^7.1","filp/whoops":"^2.4","illuminate/support":"~5.5.0|~5.6.0|~5.7.0|~5.8.0|^6.0","scrivo/highlight.php":"^9.15","symfony/var-dumper":"^3.4|^4.0","symfony/console":"^3.4|^4.0","monolog/monolog":"^1.12|^2.0","facade/flare-client-php":"^1.0","facade/ignition-contracts":"^1.0","ext-json":"*","ext-mbstring":"*"},"require-dev":{"friendsofphp/php-cs-fixer":"^2.14","mockery/mockery":"^1.2","orchestra/testbench":"^3.5|^3.6|^3.7|^3.8|^4.0"},"suggest":{"laravel/telescope":"^2.0"},"uid":3214248},"1.4.16":{"name":"facade/ignition","description":"A beautiful error page for Laravel applications.","keywords":["page","error","laravel","flare"],"homepage":"https://github.com/facade/ignition","version":"1.4.16","version_normalized":"1.4.16.0","license":["MIT"],"authors":[],"source":{"type":"git","url":"https://github.com/facade/ignition.git","reference":"fd2a6828396f8193b1f72f90bae0eba9e637849e"},"dist":{"type":"zip","url":"https://api.github.com/repos/facade/ignition/zipball/fd2a6828396f8193b1f72f90bae0eba9e637849e","reference":"fd2a6828396f8193b1f72f90bae0eba9e637849e","shasum":""},"type":"library","time":"2019-09-06T06:40:24+00:00","autoload":{"psr-4":{"Facade\\Ignition\\":"src"}},"extra":{"branch-alias":{"dev-master":"1.0-dev"},"laravel":{"providers":["Facade\\Ignition\\IgnitionServiceProvider"],"aliases":{"Flare":"Facade\\Ignition\\Facades\\Flare"}}},"require":{"php":"^7.1","ext-json":"*","ext-mbstring":"*","facade/flare-client-php":"^1.0","facade/ignition-contracts":"^1.0","filp/whoops":"^2.4","illuminate/support":"~5.5.0 || ~5.6.0 || ~5.7.0 || ~5.8.0 || ^6.0","monolog/monolog":"^1.12 || ^2.0","scrivo/highlight.php":"^9.15","symfony/console":"^3.4 || ^4.0","symfony/var-dumper":"^3.4 || ^4.0"},"require-dev":{"friendsofphp/php-cs-fixer":"^2.14","mockery/mockery":"^1.2","orchestra/testbench":"^3.5 || ^3.6 || ^3.7 || ^3.8 || ^4.0"},"suggest":{"laravel/telescope":"^2.0"},"uid":3215001},"1.4.17":{"name":"facade/ignition","description":"A beautiful error page for Laravel applications.","keywords":["page","error","laravel","flare"],"homepage":"https://github.com/facade/ignition","version":"1.4.17","version_normalized":"1.4.17.0","license":["MIT"],"authors":[],"source":{"type":"git","url":"https://github.com/facade/ignition.git","reference":"52cf237a9ec53062e344a53d50428ca2f989035a"},"dist":{"type":"zip","url":"https://api.github.com/repos/facade/ignition/zipball/52cf237a9ec53062e344a53d50428ca2f989035a","reference":"52cf237a9ec53062e344a53d50428ca2f989035a","shasum":""},"type":"library","time":"2019-09-06T09:15:50+00:00","autoload":{"psr-4":{"Facade\\Ignition\\":"src"}},"extra":{"branch-alias":{"dev-master":"1.0-dev"},"laravel":{"providers":["Facade\\Ignition\\IgnitionServiceProvider"],"aliases":{"Flare":"Facade\\Ignition\\Facades\\Flare"}}},"require":{"php":"^7.1","ext-json":"*","ext-mbstring":"*","facade/flare-client-php":"^1.0","facade/ignition-contracts":"^1.0","filp/whoops":"^2.4","illuminate/support":"~5.5.0 || ~5.6.0 || ~5.7.0 || ~5.8.0 || ^6.0","monolog/monolog":"^1.12 || ^2.0","scrivo/highlight.php":"^9.15","symfony/console":"^3.4 || ^4.0","symfony/var-dumper":"^3.4 || ^4.0"},"require-dev":{"friendsofphp/php-cs-fixer":"^2.14","mockery/mockery":"^1.2","orchestra/testbench":"^3.5 || ^3.6 || ^3.7 || ^3.8 || ^4.0"},"suggest":{"laravel/telescope":"^2.0"},"uid":3215485},"1.4.18":{"name":"facade/ignition","description":"A beautiful error page for Laravel applications.","keywords":["page","error","laravel","flare"],"homepage":"https://github.com/facade/ignition","version":"1.4.18","version_normalized":"1.4.18.0","license":["MIT"],"authors":[],"source":{"type":"git","url":"https://github.com/facade/ignition.git","reference":"ee576355042241c09a76d787d7a4bcd1694ee797"},"dist":{"type":"zip","url":"https://api.github.com/repos/facade/ignition/zipball/ee576355042241c09a76d787d7a4bcd1694ee797","reference":"ee576355042241c09a76d787d7a4bcd1694ee797","shasum":""},"type":"library","time":"2019-09-09T06:08:22+00:00","autoload":{"psr-4":{"Facade\\Ignition\\":"src"}},"extra":{"branch-alias":{"dev-master":"1.0-dev"},"laravel":{"providers":["Facade\\Ignition\\IgnitionServiceProvider"],"aliases":{"Flare":"Facade\\Ignition\\Facades\\Flare"}}},"require":{"php":"^7.1","ext-json":"*","ext-mbstring":"*","facade/flare-client-php":"^1.0","facade/ignition-contracts":"^1.0","filp/whoops":"^2.4","illuminate/support":"~5.5.0 || ~5.6.0 || ~5.7.0 || ~5.8.0 || ^6.0","monolog/monolog":"^1.12 || ^2.0","scrivo/highlight.php":"^9.15","symfony/console":"^3.4 || ^4.0","symfony/var-dumper":"^3.4 || ^4.0"},"require-dev":{"friendsofphp/php-cs-fixer":"^2.14","mockery/mockery":"^1.2","orchestra/testbench":"^3.5 || ^3.6 || ^3.7 || ^3.8 || ^4.0"},"suggest":{"laravel/telescope":"^2.0"},"uid":3220716},"1.4.19":{"name":"facade/ignition","description":"A beautiful error page for Laravel applications.","keywords":["page","error","laravel","flare"],"homepage":"https://github.com/facade/ignition","version":"1.4.19","version_normalized":"1.4.19.0","license":["MIT"],"authors":[],"source":{"type":"git","url":"https://github.com/facade/ignition.git","reference":"bf3b9938f39b7e8f6683702526b58553994d97ca"},"dist":{"type":"zip","url":"https://api.github.com/repos/facade/ignition/zipball/bf3b9938f39b7e8f6683702526b58553994d97ca","reference":"bf3b9938f39b7e8f6683702526b58553994d97ca","shasum":""},"type":"library","time":"2019-09-09T08:46:24+00:00","autoload":{"psr-4":{"Facade\\Ignition\\":"src"}},"extra":{"branch-alias":{"dev-master":"1.0-dev"},"laravel":{"providers":["Facade\\Ignition\\IgnitionServiceProvider"],"aliases":{"Flare":"Facade\\Ignition\\Facades\\Flare"}}},"require":{"php":"^7.1","ext-json":"*","ext-mbstring":"*","facade/flare-client-php":"^1.0","facade/ignition-contracts":"^1.0","filp/whoops":"^2.4","illuminate/support":"~5.5.0 || ~5.6.0 || ~5.7.0 || ~5.8.0 || ^6.0","monolog/monolog":"^1.12 || ^2.0","scrivo/highlight.php":"^9.15","symfony/console":"^3.4 || ^4.0","symfony/var-dumper":"^3.4 || ^4.0"},"require-dev":{"friendsofphp/php-cs-fixer":"^2.14","mockery/mockery":"^1.2","orchestra/testbench":"^3.5 || ^3.6 || ^3.7 || ^3.8 || ^4.0"},"suggest":{"laravel/telescope":"^2.0"},"uid":3221137},"1.4.2":{"name":"facade/ignition","description":"A beautiful error page for Laravel apps","keywords":["page","error","laravel","flare"],"homepage":"https://github.com/facade/ignition","version":"1.4.2","version_normalized":"1.4.2.0","license":["MIT"],"authors":[],"source":{"type":"git","url":"https://github.com/facade/ignition.git","reference":"208f19b5101218d71e08c200861bb78f795a36da"},"dist":{"type":"zip","url":"https://api.github.com/repos/facade/ignition/zipball/208f19b5101218d71e08c200861bb78f795a36da","reference":"208f19b5101218d71e08c200861bb78f795a36da","shasum":""},"type":"library","time":"2019-09-03T12:11:56+00:00","autoload":{"psr-4":{"Facade\\Ignition\\":"src"}},"extra":{"branch-alias":{"dev-master":"1.0-dev"},"laravel":{"providers":["Facade\\Ignition\\IgnitionServiceProvider"],"aliases":{"Flare":"Facade\\Ignition\\Facades\\Flare"}}},"require":{"php":"^7.1","filp/whoops":"^2.1.4","illuminate/support":"~5.5.0|~5.6.0|~5.7.0|~5.8.0|^6.0","scrivo/highlight.php":"^9.15","symfony/var-dumper":"^3.4|^4.0","symfony/console":"^3.4|^4.0","monolog/monolog":"^1.12","facade/flare-client-php":"^1.0","facade/ignition-contracts":"^1.0","ext-json":"*","ext-mbstring":"*"},"require-dev":{"friendsofphp/php-cs-fixer":"^2.14","mockery/mockery":"^1.2","orchestra/testbench":"^3.5|^3.6|^3.7|^3.8|^4.0"},"suggest":{"laravel/telescope":"^2.0"},"uid":3204977},"1.4.3":{"name":"facade/ignition","description":"A beautiful error page for Laravel apps","keywords":["page","error","laravel","flare"],"homepage":"https://github.com/facade/ignition","version":"1.4.3","version_normalized":"1.4.3.0","license":["MIT"],"authors":[],"source":{"type":"git","url":"https://github.com/facade/ignition.git","reference":"5bb6a6ea2ba8b870e742bdeaca5f4e6aeeee5469"},"dist":{"type":"zip","url":"https://api.github.com/repos/facade/ignition/zipball/5bb6a6ea2ba8b870e742bdeaca5f4e6aeeee5469","reference":"5bb6a6ea2ba8b870e742bdeaca5f4e6aeeee5469","shasum":""},"type":"library","time":"2019-09-03T14:39:46+00:00","autoload":{"psr-4":{"Facade\\Ignition\\":"src"}},"extra":{"branch-alias":{"dev-master":"1.0-dev"},"laravel":{"providers":["Facade\\Ignition\\IgnitionServiceProvider"],"aliases":{"Flare":"Facade\\Ignition\\Facades\\Flare"}}},"require":{"php":"^7.1","filp/whoops":"^2.1.4","illuminate/support":"~5.5.0|~5.6.0|~5.7.0|~5.8.0|^6.0","scrivo/highlight.php":"^9.15","symfony/var-dumper":"^3.4|^4.0","symfony/console":"^3.4|^4.0","monolog/monolog":"^1.12|^2.0","facade/flare-client-php":"^1.0","facade/ignition-contracts":"^1.0","ext-json":"*","ext-mbstring":"*"},"require-dev":{"friendsofphp/php-cs-fixer":"^2.14","mockery/mockery":"^1.2","orchestra/testbench":"^3.5|^3.6|^3.7|^3.8|^4.0"},"suggest":{"laravel/telescope":"^2.0"},"uid":3205857},"1.4.4":{"name":"facade/ignition","description":"A beautiful error page for Laravel apps","keywords":["page","error","laravel","flare"],"homepage":"https://github.com/facade/ignition","version":"1.4.4","version_normalized":"1.4.4.0","license":["MIT"],"authors":[],"source":{"type":"git","url":"https://github.com/facade/ignition.git","reference":"e7ef941075724c5c91bcb116c47f1d814f226b40"},"dist":{"type":"zip","url":"https://api.github.com/repos/facade/ignition/zipball/e7ef941075724c5c91bcb116c47f1d814f226b40","reference":"e7ef941075724c5c91bcb116c47f1d814f226b40","shasum":""},"type":"library","time":"2019-09-03T18:51:55+00:00","autoload":{"psr-4":{"Facade\\Ignition\\":"src"}},"extra":{"branch-alias":{"dev-master":"1.0-dev"},"laravel":{"providers":["Facade\\Ignition\\IgnitionServiceProvider"],"aliases":{"Flare":"Facade\\Ignition\\Facades\\Flare"}}},"require":{"php":"^7.1","filp/whoops":"^2.1.4","illuminate/support":"~5.5.0|~5.6.0|~5.7.0|~5.8.0|^6.0","scrivo/highlight.php":"^9.15","symfony/var-dumper":"^3.4|^4.0","symfony/console":"^3.4|^4.0","monolog/monolog":"^1.12|^2.0","facade/flare-client-php":"^1.0","facade/ignition-contracts":"^1.0","ext-json":"*","ext-mbstring":"*"},"require-dev":{"friendsofphp/php-cs-fixer":"^2.14","mockery/mockery":"^1.2","orchestra/testbench":"^3.5|^3.6|^3.7|^3.8|^4.0"},"suggest":{"laravel/telescope":"^2.0"},"uid":3206403},"1.4.5":{"name":"facade/ignition","description":"A beautiful error page for Laravel apps","keywords":["page","error","laravel","flare"],"homepage":"https://github.com/facade/ignition","version":"1.4.5","version_normalized":"1.4.5.0","license":["MIT"],"authors":[],"source":{"type":"git","url":"https://github.com/facade/ignition.git","reference":"c210671197f6f8761c6ed0a765941940c474484c"},"dist":{"type":"zip","url":"https://api.github.com/repos/facade/ignition/zipball/c210671197f6f8761c6ed0a765941940c474484c","reference":"c210671197f6f8761c6ed0a765941940c474484c","shasum":""},"type":"library","time":"2019-09-03T21:12:03+00:00","autoload":{"psr-4":{"Facade\\Ignition\\":"src"}},"extra":{"branch-alias":{"dev-master":"1.0-dev"},"laravel":{"providers":["Facade\\Ignition\\IgnitionServiceProvider"],"aliases":{"Flare":"Facade\\Ignition\\Facades\\Flare"}}},"require":{"php":"^7.1","filp/whoops":"^2.1.4","illuminate/support":"~5.5.0|~5.6.0|~5.7.0|~5.8.0|^6.0","scrivo/highlight.php":"^9.15","symfony/var-dumper":"^3.4|^4.0","symfony/console":"^3.4|^4.0","monolog/monolog":"^1.12|^2.0","facade/flare-client-php":"^1.0","facade/ignition-contracts":"^1.0","ext-json":"*","ext-mbstring":"*"},"require-dev":{"friendsofphp/php-cs-fixer":"^2.14","mockery/mockery":"^1.2","orchestra/testbench":"^3.5|^3.6|^3.7|^3.8|^4.0"},"suggest":{"laravel/telescope":"^2.0"},"uid":3206637},"1.4.6":{"name":"facade/ignition","description":"A beautiful error page for Laravel apps","keywords":["page","error","laravel","flare"],"homepage":"https://github.com/facade/ignition","version":"1.4.6","version_normalized":"1.4.6.0","license":["MIT"],"authors":[],"source":{"type":"git","url":"https://github.com/facade/ignition.git","reference":"afd41c326d7636afd82177be4edec2c0a30cf1be"},"dist":{"type":"zip","url":"https://api.github.com/repos/facade/ignition/zipball/afd41c326d7636afd82177be4edec2c0a30cf1be","reference":"afd41c326d7636afd82177be4edec2c0a30cf1be","shasum":""},"type":"library","time":"2019-09-04T08:30:42+00:00","autoload":{"psr-4":{"Facade\\Ignition\\":"src"}},"extra":{"branch-alias":{"dev-master":"1.0-dev"},"laravel":{"providers":["Facade\\Ignition\\IgnitionServiceProvider"],"aliases":{"Flare":"Facade\\Ignition\\Facades\\Flare"}}},"require":{"php":"^7.1","filp/whoops":"^2.1.4","illuminate/support":"~5.5.0|~5.6.0|~5.7.0|~5.8.0|^6.0","scrivo/highlight.php":"^9.15","symfony/var-dumper":"^3.4|^4.0","symfony/console":"^3.4|^4.0","monolog/monolog":"^1.12|^2.0","facade/flare-client-php":"^1.0","facade/ignition-contracts":"^1.0","ext-json":"*","ext-mbstring":"*"},"require-dev":{"friendsofphp/php-cs-fixer":"^2.14","mockery/mockery":"^1.2","orchestra/testbench":"^3.5|^3.6|^3.7|^3.8|^4.0"},"suggest":{"laravel/telescope":"^2.0"},"uid":3207895},"1.4.7":{"name":"facade/ignition","description":"A beautiful error page for Laravel apps","keywords":["page","error","laravel","flare"],"homepage":"https://github.com/facade/ignition","version":"1.4.7","version_normalized":"1.4.7.0","license":["MIT"],"authors":[],"source":{"type":"git","url":"https://github.com/facade/ignition.git","reference":"cf7364d2598a6b36be492e7cd10dcf1b3c375a09"},"dist":{"type":"zip","url":"https://api.github.com/repos/facade/ignition/zipball/cf7364d2598a6b36be492e7cd10dcf1b3c375a09","reference":"cf7364d2598a6b36be492e7cd10dcf1b3c375a09","shasum":""},"type":"library","time":"2019-09-04T09:20:40+00:00","autoload":{"psr-4":{"Facade\\Ignition\\":"src"}},"extra":{"branch-alias":{"dev-master":"1.0-dev"},"laravel":{"providers":["Facade\\Ignition\\IgnitionServiceProvider"],"aliases":{"Flare":"Facade\\Ignition\\Facades\\Flare"}}},"require":{"php":"^7.1","filp/whoops":"^2.4","illuminate/support":"~5.5.0|~5.6.0|~5.7.0|~5.8.0|^6.0","scrivo/highlight.php":"^9.15","symfony/var-dumper":"^3.4|^4.0","symfony/console":"^3.4|^4.0","monolog/monolog":"^1.12|^2.0","facade/flare-client-php":"^1.0","facade/ignition-contracts":"^1.0","ext-json":"*","ext-mbstring":"*"},"require-dev":{"friendsofphp/php-cs-fixer":"^2.14","mockery/mockery":"^1.2","orchestra/testbench":"^3.5|^3.6|^3.7|^3.8|^4.0"},"suggest":{"laravel/telescope":"^2.0"},"uid":3208067},"1.4.8":{"name":"facade/ignition","description":"A beautiful error page for Laravel apps","keywords":["page","error","laravel","flare"],"homepage":"https://github.com/facade/ignition","version":"1.4.8","version_normalized":"1.4.8.0","license":["MIT"],"authors":[],"source":{"type":"git","url":"https://github.com/facade/ignition.git","reference":"8992921a199e9632cb3da76709aff1d53431259a"},"dist":{"type":"zip","url":"https://api.github.com/repos/facade/ignition/zipball/8992921a199e9632cb3da76709aff1d53431259a","reference":"8992921a199e9632cb3da76709aff1d53431259a","shasum":""},"type":"library","time":"2019-09-04T10:50:24+00:00","autoload":{"psr-4":{"Facade\\Ignition\\":"src"}},"extra":{"branch-alias":{"dev-master":"1.0-dev"},"laravel":{"providers":["Facade\\Ignition\\IgnitionServiceProvider"],"aliases":{"Flare":"Facade\\Ignition\\Facades\\Flare"}}},"require":{"php":"^7.1","filp/whoops":"^2.4","illuminate/support":"~5.5.0|~5.6.0|~5.7.0|~5.8.0|^6.0","scrivo/highlight.php":"^9.15","symfony/var-dumper":"^3.4|^4.0","symfony/console":"^3.4|^4.0","monolog/monolog":"^1.12|^2.0","facade/flare-client-php":"^1.0","facade/ignition-contracts":"^1.0","ext-json":"*","ext-mbstring":"*"},"require-dev":{"friendsofphp/php-cs-fixer":"^2.14","mockery/mockery":"^1.2","orchestra/testbench":"^3.5|^3.6|^3.7|^3.8|^4.0"},"suggest":{"laravel/telescope":"^2.0"},"uid":3208527},"1.4.9":{"name":"facade/ignition","description":"A beautiful error page for Laravel apps","keywords":["page","error","laravel","flare"],"homepage":"https://github.com/facade/ignition","version":"1.4.9","version_normalized":"1.4.9.0","license":["MIT"],"authors":[],"source":{"type":"git","url":"https://github.com/facade/ignition.git","reference":"fd73e1844216fe611d309611f2b2ec51453c165e"},"dist":{"type":"zip","url":"https://api.github.com/repos/facade/ignition/zipball/fd73e1844216fe611d309611f2b2ec51453c165e","reference":"fd73e1844216fe611d309611f2b2ec51453c165e","shasum":""},"type":"library","time":"2019-09-04T13:19:06+00:00","autoload":{"psr-4":{"Facade\\Ignition\\":"src"}},"extra":{"branch-alias":{"dev-master":"1.0-dev"},"laravel":{"providers":["Facade\\Ignition\\IgnitionServiceProvider"],"aliases":{"Flare":"Facade\\Ignition\\Facades\\Flare"}}},"require":{"php":"^7.1","filp/whoops":"^2.4","illuminate/support":"~5.5.0|~5.6.0|~5.7.0|~5.8.0|^6.0","scrivo/highlight.php":"^9.15","symfony/var-dumper":"^3.4|^4.0","symfony/console":"^3.4|^4.0","monolog/monolog":"^1.12|^2.0","facade/flare-client-php":"^1.0","facade/ignition-contracts":"^1.0","ext-json":"*","ext-mbstring":"*"},"require-dev":{"friendsofphp/php-cs-fixer":"^2.14","mockery/mockery":"^1.2","orchestra/testbench":"^3.5|^3.6|^3.7|^3.8|^4.0"},"suggest":{"laravel/telescope":"^2.0"},"uid":3209042},"1.5.0":{"name":"facade/ignition","description":"A beautiful error page for Laravel applications.","keywords":["page","error","laravel","flare"],"homepage":"https://github.com/facade/ignition","version":"1.5.0","version_normalized":"1.5.0.0","license":["MIT"],"authors":[],"source":{"type":"git","url":"https://github.com/facade/ignition.git","reference":"d1d5df34078371cb35b256b6b61da3c75737f79e"},"dist":{"type":"zip","url":"https://api.github.com/repos/facade/ignition/zipball/d1d5df34078371cb35b256b6b61da3c75737f79e","reference":"d1d5df34078371cb35b256b6b61da3c75737f79e","shasum":""},"type":"library","time":"2019-09-09T13:48:26+00:00","autoload":{"psr-4":{"Facade\\Ignition\\":"src"}},"extra":{"branch-alias":{"dev-master":"1.0-dev"},"laravel":{"providers":["Facade\\Ignition\\IgnitionServiceProvider"],"aliases":{"Flare":"Facade\\Ignition\\Facades\\Flare"}}},"require":{"php":"^7.1","ext-json":"*","ext-mbstring":"*","facade/flare-client-php":"^1.0","facade/ignition-contracts":"^1.0","filp/whoops":"^2.4","illuminate/support":"~5.5.0 || ~5.6.0 || ~5.7.0 || ~5.8.0 || ^6.0","monolog/monolog":"^1.12 || ^2.0","scrivo/highlight.php":"^9.15","symfony/console":"^3.4 || ^4.0","symfony/var-dumper":"^3.4 || ^4.0"},"require-dev":{"friendsofphp/php-cs-fixer":"^2.14","mockery/mockery":"^1.2","orchestra/testbench":"^3.5 || ^3.6 || ^3.7 || ^3.8 || ^4.0"},"suggest":{"laravel/telescope":"^2.0"},"uid":3221961},"1.6.0":{"name":"facade/ignition","description":"A beautiful error page for Laravel applications.","keywords":["page","error","laravel","flare"],"homepage":"https://github.com/facade/ignition","version":"1.6.0","version_normalized":"1.6.0.0","license":["MIT"],"authors":[],"source":{"type":"git","url":"https://github.com/facade/ignition.git","reference":"36a1e4ca0973ac8e5c8289ee31956bbaf8e6bb67"},"dist":{"type":"zip","url":"https://api.github.com/repos/facade/ignition/zipball/36a1e4ca0973ac8e5c8289ee31956bbaf8e6bb67","reference":"36a1e4ca0973ac8e5c8289ee31956bbaf8e6bb67","shasum":""},"type":"library","time":"2019-09-09T14:06:15+00:00","autoload":{"psr-4":{"Facade\\Ignition\\":"src"}},"extra":{"branch-alias":{"dev-master":"1.0-dev"},"laravel":{"providers":["Facade\\Ignition\\IgnitionServiceProvider"],"aliases":{"Flare":"Facade\\Ignition\\Facades\\Flare"}}},"require":{"php":"^7.1","ext-json":"*","ext-mbstring":"*","facade/flare-client-php":"^1.0","facade/ignition-contracts":"^1.0","filp/whoops":"^2.4","illuminate/support":"~5.5.0 || ~5.6.0 || ~5.7.0 || ~5.8.0 || ^6.0","monolog/monolog":"^1.12 || ^2.0","scrivo/highlight.php":"^9.15","symfony/console":"^3.4 || ^4.0","symfony/var-dumper":"^3.4 || ^4.0"},"require-dev":{"friendsofphp/php-cs-fixer":"^2.14","mockery/mockery":"^1.2","orchestra/testbench":"^3.5 || ^3.6 || ^3.7 || ^3.8 || ^4.0"},"suggest":{"laravel/telescope":"^2.0"},"uid":3222017},"1.6.1":{"name":"facade/ignition","description":"A beautiful error page for Laravel applications.","keywords":["page","error","laravel","flare"],"homepage":"https://github.com/facade/ignition","version":"1.6.1","version_normalized":"1.6.1.0","license":["MIT"],"authors":[],"source":{"type":"git","url":"https://github.com/facade/ignition.git","reference":"f8dfffefeeaad4ff3d4ba5bc6e6230ac69465213"},"dist":{"type":"zip","url":"https://api.github.com/repos/facade/ignition/zipball/f8dfffefeeaad4ff3d4ba5bc6e6230ac69465213","reference":"f8dfffefeeaad4ff3d4ba5bc6e6230ac69465213","shasum":""},"type":"library","time":"2019-09-12T07:33:56+00:00","autoload":{"psr-4":{"Facade\\Ignition\\":"src"}},"extra":{"branch-alias":{"dev-master":"1.0-dev"},"laravel":{"providers":["Facade\\Ignition\\IgnitionServiceProvider"],"aliases":{"Flare":"Facade\\Ignition\\Facades\\Flare"}}},"require":{"php":"^7.1","ext-json":"*","ext-mbstring":"*","facade/flare-client-php":"^1.0.4","facade/ignition-contracts":"^1.0","filp/whoops":"^2.4","illuminate/support":"~5.5.0 || ~5.6.0 || ~5.7.0 || ~5.8.0 || ^6.0","monolog/monolog":"^1.12 || ^2.0","scrivo/highlight.php":"^9.15","symfony/console":"^3.4 || ^4.0","symfony/var-dumper":"^3.4 || ^4.0"},"require-dev":{"friendsofphp/php-cs-fixer":"^2.14","mockery/mockery":"^1.2","orchestra/testbench":"^3.5 || ^3.6 || ^3.7 || ^3.8 || ^4.0"},"suggest":{"laravel/telescope":"^2.0"},"uid":3229389},"1.6.10":{"name":"facade/ignition","description":"A beautiful error page for Laravel applications.","keywords":["page","error","laravel","flare"],"homepage":"https://github.com/facade/ignition","version":"1.6.10","version_normalized":"1.6.10.0","license":["MIT"],"authors":[],"source":{"type":"git","url":"https://github.com/facade/ignition.git","reference":"ed1347f3c3174d6ef5ce5e98ad1bb455c544bb4e"},"dist":{"type":"zip","url":"https://api.github.com/repos/facade/ignition/zipball/ed1347f3c3174d6ef5ce5e98ad1bb455c544bb4e","reference":"ed1347f3c3174d6ef5ce5e98ad1bb455c544bb4e","shasum":""},"type":"library","time":"2019-09-18T14:28:25+00:00","autoload":{"psr-4":{"Facade\\Ignition\\":"src"}},"extra":{"branch-alias":{"dev-master":"1.0-dev"},"laravel":{"providers":["Facade\\Ignition\\IgnitionServiceProvider"],"aliases":{"Flare":"Facade\\Ignition\\Facades\\Flare"}}},"require":{"php":"^7.1","ext-json":"*","ext-mbstring":"*","facade/flare-client-php":"^1.0.4","facade/ignition-contracts":"^1.0","filp/whoops":"^2.4","illuminate/support":"~5.5.0 || ~5.6.0 || ~5.7.0 || ~5.8.0 || ^6.0","monolog/monolog":"^1.12 || ^2.0","scrivo/highlight.php":"^9.15","symfony/console":"^3.4 || ^4.0","symfony/var-dumper":"^3.4 || ^4.0"},"require-dev":{"friendsofphp/php-cs-fixer":"^2.14","mockery/mockery":"^1.2","orchestra/testbench":"^3.5 || ^3.6 || ^3.7 || ^3.8 || ^4.0"},"suggest":{"laravel/telescope":"^2.0"},"uid":3243117},"1.6.2":{"name":"facade/ignition","description":"A beautiful error page for Laravel applications.","keywords":["page","error","laravel","flare"],"homepage":"https://github.com/facade/ignition","version":"1.6.2","version_normalized":"1.6.2.0","license":["MIT"],"authors":[],"source":{"type":"git","url":"https://github.com/facade/ignition.git","reference":"6d0f5a2ef475bee5851f9919d1b5665368550128"},"dist":{"type":"zip","url":"https://api.github.com/repos/facade/ignition/zipball/6d0f5a2ef475bee5851f9919d1b5665368550128","reference":"6d0f5a2ef475bee5851f9919d1b5665368550128","shasum":""},"type":"library","time":"2019-09-12T09:25:07+00:00","autoload":{"psr-4":{"Facade\\Ignition\\":"src"}},"extra":{"branch-alias":{"dev-master":"1.0-dev"},"laravel":{"providers":["Facade\\Ignition\\IgnitionServiceProvider"],"aliases":{"Flare":"Facade\\Ignition\\Facades\\Flare"}}},"require":{"php":"^7.1","ext-json":"*","ext-mbstring":"*","facade/flare-client-php":"^1.0.4","facade/ignition-contracts":"^1.0","filp/whoops":"^2.4","illuminate/support":"~5.5.0 || ~5.6.0 || ~5.7.0 || ~5.8.0 || ^6.0","monolog/monolog":"^1.12 || ^2.0","scrivo/highlight.php":"^9.15","symfony/console":"^3.4 || ^4.0","symfony/var-dumper":"^3.4 || ^4.0"},"require-dev":{"friendsofphp/php-cs-fixer":"^2.14","mockery/mockery":"^1.2","orchestra/testbench":"^3.5 || ^3.6 || ^3.7 || ^3.8 || ^4.0"},"suggest":{"laravel/telescope":"^2.0"},"uid":3229659},"1.6.3":{"name":"facade/ignition","description":"A beautiful error page for Laravel applications.","keywords":["page","error","laravel","flare"],"homepage":"https://github.com/facade/ignition","version":"1.6.3","version_normalized":"1.6.3.0","license":["MIT"],"authors":[],"source":{"type":"git","url":"https://github.com/facade/ignition.git","reference":"69d7687cb9a4b43978c532b46f05dcdd80be812c"},"dist":{"type":"zip","url":"https://api.github.com/repos/facade/ignition/zipball/69d7687cb9a4b43978c532b46f05dcdd80be812c","reference":"69d7687cb9a4b43978c532b46f05dcdd80be812c","shasum":""},"type":"library","time":"2019-09-12T12:36:31+00:00","autoload":{"psr-4":{"Facade\\Ignition\\":"src"}},"extra":{"branch-alias":{"dev-master":"1.0-dev"},"laravel":{"providers":["Facade\\Ignition\\IgnitionServiceProvider"],"aliases":{"Flare":"Facade\\Ignition\\Facades\\Flare"}}},"require":{"php":"^7.1","ext-json":"*","ext-mbstring":"*","facade/flare-client-php":"^1.0.4","facade/ignition-contracts":"^1.0","filp/whoops":"^2.4","illuminate/support":"~5.5.0 || ~5.6.0 || ~5.7.0 || ~5.8.0 || ^6.0","monolog/monolog":"^1.12 || ^2.0","scrivo/highlight.php":"^9.15","symfony/console":"^3.4 || ^4.0","symfony/var-dumper":"^3.4 || ^4.0"},"require-dev":{"friendsofphp/php-cs-fixer":"^2.14","mockery/mockery":"^1.2","orchestra/testbench":"^3.5 || ^3.6 || ^3.7 || ^3.8 || ^4.0"},"suggest":{"laravel/telescope":"^2.0"},"uid":3230076},"1.6.4":{"name":"facade/ignition","description":"A beautiful error page for Laravel applications.","keywords":["page","error","laravel","flare"],"homepage":"https://github.com/facade/ignition","version":"1.6.4","version_normalized":"1.6.4.0","license":["MIT"],"authors":[],"source":{"type":"git","url":"https://github.com/facade/ignition.git","reference":"43b825a2f77805d1d5495c64eecd272b05ab0e33"},"dist":{"type":"zip","url":"https://api.github.com/repos/facade/ignition/zipball/43b825a2f77805d1d5495c64eecd272b05ab0e33","reference":"43b825a2f77805d1d5495c64eecd272b05ab0e33","shasum":""},"type":"library","time":"2019-09-13T07:41:17+00:00","autoload":{"psr-4":{"Facade\\Ignition\\":"src"}},"extra":{"branch-alias":{"dev-master":"1.0-dev"},"laravel":{"providers":["Facade\\Ignition\\IgnitionServiceProvider"],"aliases":{"Flare":"Facade\\Ignition\\Facades\\Flare"}}},"require":{"php":"^7.1","ext-json":"*","ext-mbstring":"*","facade/flare-client-php":"^1.0.4","facade/ignition-contracts":"^1.0","filp/whoops":"^2.4","illuminate/support":"~5.5.0 || ~5.6.0 || ~5.7.0 || ~5.8.0 || ^6.0","monolog/monolog":"^1.12 || ^2.0","scrivo/highlight.php":"^9.15","symfony/console":"^3.4 || ^4.0","symfony/var-dumper":"^3.4 || ^4.0"},"require-dev":{"friendsofphp/php-cs-fixer":"^2.14","mockery/mockery":"^1.2","orchestra/testbench":"^3.5 || ^3.6 || ^3.7 || ^3.8 || ^4.0"},"suggest":{"laravel/telescope":"^2.0"},"uid":3231461},"1.6.5":{"name":"facade/ignition","description":"A beautiful error page for Laravel applications.","keywords":["page","error","laravel","flare"],"homepage":"https://github.com/facade/ignition","version":"1.6.5","version_normalized":"1.6.5.0","license":["MIT"],"authors":[],"source":{"type":"git","url":"https://github.com/facade/ignition.git","reference":"97244f6d511332f3574acab8242c09ddcfda892b"},"dist":{"type":"zip","url":"https://api.github.com/repos/facade/ignition/zipball/97244f6d511332f3574acab8242c09ddcfda892b","reference":"97244f6d511332f3574acab8242c09ddcfda892b","shasum":""},"type":"library","time":"2019-09-13T13:38:04+00:00","autoload":{"psr-4":{"Facade\\Ignition\\":"src"}},"extra":{"branch-alias":{"dev-master":"1.0-dev"},"laravel":{"providers":["Facade\\Ignition\\IgnitionServiceProvider"],"aliases":{"Flare":"Facade\\Ignition\\Facades\\Flare"}}},"require":{"php":"^7.1","ext-json":"*","ext-mbstring":"*","facade/flare-client-php":"^1.0.4","facade/ignition-contracts":"^1.0","filp/whoops":"^2.4","illuminate/support":"~5.5.0 || ~5.6.0 || ~5.7.0 || ~5.8.0 || ^6.0","monolog/monolog":"^1.12 || ^2.0","scrivo/highlight.php":"^9.15","symfony/console":"^3.4 || ^4.0","symfony/var-dumper":"^3.4 || ^4.0"},"require-dev":{"friendsofphp/php-cs-fixer":"^2.14","mockery/mockery":"^1.2","orchestra/testbench":"^3.5 || ^3.6 || ^3.7 || ^3.8 || ^4.0"},"suggest":{"laravel/telescope":"^2.0"},"uid":3232710},"1.6.6":{"name":"facade/ignition","description":"A beautiful error page for Laravel applications.","keywords":["page","error","laravel","flare"],"homepage":"https://github.com/facade/ignition","version":"1.6.6","version_normalized":"1.6.6.0","license":["MIT"],"authors":[],"source":{"type":"git","url":"https://github.com/facade/ignition.git","reference":"8fe0ab9850e92aa5e4492c44145b28bc5b83051a"},"dist":{"type":"zip","url":"https://api.github.com/repos/facade/ignition/zipball/8fe0ab9850e92aa5e4492c44145b28bc5b83051a","reference":"8fe0ab9850e92aa5e4492c44145b28bc5b83051a","shasum":""},"type":"library","time":"2019-09-16T19:55:14+00:00","autoload":{"psr-4":{"Facade\\Ignition\\":"src"}},"extra":{"branch-alias":{"dev-master":"1.0-dev"},"laravel":{"providers":["Facade\\Ignition\\IgnitionServiceProvider"],"aliases":{"Flare":"Facade\\Ignition\\Facades\\Flare"}}},"require":{"php":"^7.1","ext-json":"*","ext-mbstring":"*","facade/flare-client-php":"^1.0.4","facade/ignition-contracts":"^1.0","filp/whoops":"^2.4","illuminate/support":"~5.5.0 || ~5.6.0 || ~5.7.0 || ~5.8.0 || ^6.0","monolog/monolog":"^1.12 || ^2.0","scrivo/highlight.php":"^9.15","symfony/console":"^3.4 || ^4.0","symfony/var-dumper":"^3.4 || ^4.0"},"require-dev":{"friendsofphp/php-cs-fixer":"^2.14","mockery/mockery":"^1.2","orchestra/testbench":"^3.5 || ^3.6 || ^3.7 || ^3.8 || ^4.0"},"suggest":{"laravel/telescope":"^2.0"},"uid":3238319},"1.6.7":{"name":"facade/ignition","description":"A beautiful error page for Laravel applications.","keywords":["page","error","laravel","flare"],"homepage":"https://github.com/facade/ignition","version":"1.6.7","version_normalized":"1.6.7.0","license":["MIT"],"authors":[],"source":{"type":"git","url":"https://github.com/facade/ignition.git","reference":"bd3e6616b413ffb894f4af5243d4dadd79c964d8"},"dist":{"type":"zip","url":"https://api.github.com/repos/facade/ignition/zipball/bd3e6616b413ffb894f4af5243d4dadd79c964d8","reference":"bd3e6616b413ffb894f4af5243d4dadd79c964d8","shasum":""},"type":"library","time":"2019-09-18T08:11:06+00:00","autoload":{"psr-4":{"Facade\\Ignition\\":"src"}},"extra":{"branch-alias":{"dev-master":"1.0-dev"},"laravel":{"providers":["Facade\\Ignition\\IgnitionServiceProvider"],"aliases":{"Flare":"Facade\\Ignition\\Facades\\Flare"}}},"require":{"php":"^7.1","ext-json":"*","ext-mbstring":"*","facade/flare-client-php":"^1.0.4","facade/ignition-contracts":"^1.0","filp/whoops":"^2.4","illuminate/support":"~5.5.0 || ~5.6.0 || ~5.7.0 || ~5.8.0 || ^6.0","monolog/monolog":"^1.12 || ^2.0","scrivo/highlight.php":"^9.15","symfony/console":"^3.4 || ^4.0","symfony/var-dumper":"^3.4 || ^4.0"},"require-dev":{"friendsofphp/php-cs-fixer":"^2.14","mockery/mockery":"^1.2","orchestra/testbench":"^3.5 || ^3.6 || ^3.7 || ^3.8 || ^4.0"},"suggest":{"laravel/telescope":"^2.0"},"uid":3241850},"1.6.8":{"name":"facade/ignition","description":"A beautiful error page for Laravel applications.","keywords":["page","error","laravel","flare"],"homepage":"https://github.com/facade/ignition","version":"1.6.8","version_normalized":"1.6.8.0","license":["MIT"],"authors":[],"source":{"type":"git","url":"https://github.com/facade/ignition.git","reference":"f733d7c6da2604a2c235d362bc402adc6ca58519"},"dist":{"type":"zip","url":"https://api.github.com/repos/facade/ignition/zipball/f733d7c6da2604a2c235d362bc402adc6ca58519","reference":"f733d7c6da2604a2c235d362bc402adc6ca58519","shasum":""},"type":"library","time":"2019-09-18T12:08:48+00:00","autoload":{"psr-4":{"Facade\\Ignition\\":"src"}},"extra":{"branch-alias":{"dev-master":"1.0-dev"},"laravel":{"providers":["Facade\\Ignition\\IgnitionServiceProvider"],"aliases":{"Flare":"Facade\\Ignition\\Facades\\Flare"}}},"require":{"php":"^7.1","ext-json":"*","ext-mbstring":"*","facade/flare-client-php":"^1.0.4","facade/ignition-contracts":"^1.0","filp/whoops":"^2.4","illuminate/support":"~5.5.0 || ~5.6.0 || ~5.7.0 || ~5.8.0 || ^6.0","monolog/monolog":"^1.12 || ^2.0","scrivo/highlight.php":"^9.15","symfony/console":"^3.4 || ^4.0","symfony/var-dumper":"^3.4 || ^4.0"},"require-dev":{"friendsofphp/php-cs-fixer":"^2.14","mockery/mockery":"^1.2","orchestra/testbench":"^3.5 || ^3.6 || ^3.7 || ^3.8 || ^4.0"},"suggest":{"laravel/telescope":"^2.0"},"uid":3242612},"1.6.9":{"name":"facade/ignition","description":"A beautiful error page for Laravel applications.","keywords":["page","error","laravel","flare"],"homepage":"https://github.com/facade/ignition","version":"1.6.9","version_normalized":"1.6.9.0","license":["MIT"],"authors":[],"source":{"type":"git","url":"https://github.com/facade/ignition.git","reference":"4dbd143c5d7c4dd0cf01d1fc416cb8c65e4e12c7"},"dist":{"type":"zip","url":"https://api.github.com/repos/facade/ignition/zipball/4dbd143c5d7c4dd0cf01d1fc416cb8c65e4e12c7","reference":"4dbd143c5d7c4dd0cf01d1fc416cb8c65e4e12c7","shasum":""},"type":"library","time":"2019-09-18T13:02:46+00:00","autoload":{"psr-4":{"Facade\\Ignition\\":"src"}},"extra":{"branch-alias":{"dev-master":"1.0-dev"},"laravel":{"providers":["Facade\\Ignition\\IgnitionServiceProvider"],"aliases":{"Flare":"Facade\\Ignition\\Facades\\Flare"}}},"require":{"php":"^7.1","ext-json":"*","ext-mbstring":"*","facade/flare-client-php":"^1.0.4","facade/ignition-contracts":"^1.0","filp/whoops":"^2.4","illuminate/support":"~5.5.0 || ~5.6.0 || ~5.7.0 || ~5.8.0 || ^6.0","monolog/monolog":"^1.12 || ^2.0","scrivo/highlight.php":"^9.15","symfony/console":"^3.4 || ^4.0","symfony/var-dumper":"^3.4 || ^4.0"},"require-dev":{"friendsofphp/php-cs-fixer":"^2.14","mockery/mockery":"^1.2","orchestra/testbench":"^3.5 || ^3.6 || ^3.7 || ^3.8 || ^4.0"},"suggest":{"laravel/telescope":"^2.0"},"uid":3242728},"1.7.0":{"name":"facade/ignition","description":"A beautiful error page for Laravel applications.","keywords":["page","error","laravel","flare"],"homepage":"https://github.com/facade/ignition","version":"1.7.0","version_normalized":"1.7.0.0","license":["MIT"],"authors":[],"source":{"type":"git","url":"https://github.com/facade/ignition.git","reference":"bbdfd8e15f4352c6358e81e3c3e32e89a039da11"},"dist":{"type":"zip","url":"https://api.github.com/repos/facade/ignition/zipball/bbdfd8e15f4352c6358e81e3c3e32e89a039da11","reference":"bbdfd8e15f4352c6358e81e3c3e32e89a039da11","shasum":""},"type":"library","time":"2019-09-18T15:15:30+00:00","autoload":{"psr-4":{"Facade\\Ignition\\":"src"}},"extra":{"branch-alias":{"dev-master":"1.0-dev"},"laravel":{"providers":["Facade\\Ignition\\IgnitionServiceProvider"],"aliases":{"Flare":"Facade\\Ignition\\Facades\\Flare"}}},"require":{"php":"^7.1","ext-json":"*","ext-mbstring":"*","facade/flare-client-php":"^1.0.4","facade/ignition-contracts":"^1.0","filp/whoops":"^2.4","illuminate/support":"~5.5.0 || ~5.6.0 || ~5.7.0 || ~5.8.0 || ^6.0","monolog/monolog":"^1.12 || ^2.0","scrivo/highlight.php":"^9.15","symfony/console":"^3.4 || ^4.0","symfony/var-dumper":"^3.4 || ^4.0"},"require-dev":{"friendsofphp/php-cs-fixer":"^2.14","mockery/mockery":"^1.2","orchestra/testbench":"^3.5 || ^3.6 || ^3.7 || ^3.8 || ^4.0"},"suggest":{"laravel/telescope":"^2.0"},"uid":3243208},"1.7.1":{"name":"facade/ignition","description":"A beautiful error page for Laravel applications.","keywords":["page","error","laravel","flare"],"homepage":"https://github.com/facade/ignition","version":"1.7.1","version_normalized":"1.7.1.0","license":["MIT"],"authors":[],"source":{"type":"git","url":"https://github.com/facade/ignition.git","reference":"65a329b7bcc01f879de3b62c35aef69e44060363"},"dist":{"type":"zip","url":"https://api.github.com/repos/facade/ignition/zipball/65a329b7bcc01f879de3b62c35aef69e44060363","reference":"65a329b7bcc01f879de3b62c35aef69e44060363","shasum":""},"type":"library","time":"2019-09-18T19:00:20+00:00","autoload":{"psr-4":{"Facade\\Ignition\\":"src"}},"extra":{"branch-alias":{"dev-master":"1.0-dev"},"laravel":{"providers":["Facade\\Ignition\\IgnitionServiceProvider"],"aliases":{"Flare":"Facade\\Ignition\\Facades\\Flare"}}},"require":{"php":"^7.1","ext-json":"*","ext-mbstring":"*","facade/flare-client-php":"^1.0.4","facade/ignition-contracts":"^1.0","filp/whoops":"^2.4","illuminate/support":"~5.5.0 || ~5.6.0 || ~5.7.0 || ~5.8.0 || ^6.0","monolog/monolog":"^1.12 || ^2.0","scrivo/highlight.php":"^9.15","symfony/console":"^3.4 || ^4.0","symfony/var-dumper":"^3.4 || ^4.0"},"require-dev":{"friendsofphp/php-cs-fixer":"^2.14","mockery/mockery":"^1.2","orchestra/testbench":"^3.5 || ^3.6 || ^3.7 || ^3.8 || ^4.0"},"suggest":{"laravel/telescope":"^2.0"},"uid":3243566},"1.8.0":{"name":"facade/ignition","description":"A beautiful error page for Laravel applications.","keywords":["page","error","laravel","flare"],"homepage":"https://github.com/facade/ignition","version":"1.8.0","version_normalized":"1.8.0.0","license":["MIT"],"authors":[],"source":{"type":"git","url":"https://github.com/facade/ignition.git","reference":"c4aae328c58b5a6e6ff731050db56901c02451c0"},"dist":{"type":"zip","url":"https://api.github.com/repos/facade/ignition/zipball/c4aae328c58b5a6e6ff731050db56901c02451c0","reference":"c4aae328c58b5a6e6ff731050db56901c02451c0","shasum":""},"type":"library","time":"2019-09-18T19:06:14+00:00","autoload":{"psr-4":{"Facade\\Ignition\\":"src"}},"extra":{"branch-alias":{"dev-master":"1.0-dev"},"laravel":{"providers":["Facade\\Ignition\\IgnitionServiceProvider"],"aliases":{"Flare":"Facade\\Ignition\\Facades\\Flare"}}},"require":{"php":"^7.1","ext-json":"*","ext-mbstring":"*","facade/flare-client-php":"^1.0.4","facade/ignition-contracts":"^1.0","filp/whoops":"^2.4","illuminate/support":"~5.5.0 || ~5.6.0 || ~5.7.0 || ~5.8.0 || ^6.0","monolog/monolog":"^1.12 || ^2.0","scrivo/highlight.php":"^9.15","symfony/console":"^3.4 || ^4.0","symfony/var-dumper":"^3.4 || ^4.0"},"require-dev":{"friendsofphp/php-cs-fixer":"^2.14","mockery/mockery":"^1.2","orchestra/testbench":"^3.5 || ^3.6 || ^3.7 || ^3.8 || ^4.0"},"suggest":{"laravel/telescope":"^2.0"},"uid":3243572},"1.8.1":{"name":"facade/ignition","description":"A beautiful error page for Laravel applications.","keywords":["page","error","laravel","flare"],"homepage":"https://github.com/facade/ignition","version":"1.8.1","version_normalized":"1.8.1.0","license":["MIT"],"authors":[],"source":{"type":"git","url":"https://github.com/facade/ignition.git","reference":"ca8bd4398faa1ec8d22a7539cb6aa348f805f08e"},"dist":{"type":"zip","url":"https://api.github.com/repos/facade/ignition/zipball/ca8bd4398faa1ec8d22a7539cb6aa348f805f08e","reference":"ca8bd4398faa1ec8d22a7539cb6aa348f805f08e","shasum":""},"type":"library","time":"2019-09-20T08:00:15+00:00","autoload":{"psr-4":{"Facade\\Ignition\\":"src"}},"extra":{"branch-alias":{"dev-master":"1.0-dev"},"laravel":{"providers":["Facade\\Ignition\\IgnitionServiceProvider"],"aliases":{"Flare":"Facade\\Ignition\\Facades\\Flare"}}},"require":{"php":"^7.1","ext-json":"*","ext-mbstring":"*","facade/flare-client-php":"^1.0.4","facade/ignition-contracts":"^1.0","filp/whoops":"^2.4","illuminate/support":"~5.5.0 || ~5.6.0 || ~5.7.0 || ~5.8.0 || ^6.0","monolog/monolog":"^1.12 || ^2.0","scrivo/highlight.php":"^9.15","symfony/console":"^3.4 || ^4.0","symfony/var-dumper":"^3.4 || ^4.0"},"require-dev":{"friendsofphp/php-cs-fixer":"^2.14","mockery/mockery":"^1.2","orchestra/testbench":"^3.5 || ^3.6 || ^3.7 || ^3.8 || ^4.0"},"suggest":{"laravel/telescope":"^2.0"},"uid":3247879},"1.8.2":{"name":"facade/ignition","description":"A beautiful error page for Laravel applications.","keywords":["page","error","laravel","flare"],"homepage":"https://github.com/facade/ignition","version":"1.8.2","version_normalized":"1.8.2.0","license":["MIT"],"authors":[],"source":{"type":"git","url":"https://github.com/facade/ignition.git","reference":"4ff9397a24da58b35382802e2d22325b640123ea"},"dist":{"type":"zip","url":"https://api.github.com/repos/facade/ignition/zipball/4ff9397a24da58b35382802e2d22325b640123ea","reference":"4ff9397a24da58b35382802e2d22325b640123ea","shasum":""},"type":"library","time":"2019-09-20T09:37:06+00:00","autoload":{"psr-4":{"Facade\\Ignition\\":"src"}},"extra":{"branch-alias":{"dev-master":"1.0-dev"},"laravel":{"providers":["Facade\\Ignition\\IgnitionServiceProvider"],"aliases":{"Flare":"Facade\\Ignition\\Facades\\Flare"}}},"require":{"php":"^7.1","ext-json":"*","ext-mbstring":"*","facade/flare-client-php":"^1.0.4","facade/ignition-contracts":"^1.0","filp/whoops":"^2.4","illuminate/support":"~5.5.0 || ~5.6.0 || ~5.7.0 || ~5.8.0 || ^6.0","monolog/monolog":"^1.12 || ^2.0","scrivo/highlight.php":"^9.15","symfony/console":"^3.4 || ^4.0","symfony/var-dumper":"^3.4 || ^4.0"},"require-dev":{"friendsofphp/php-cs-fixer":"^2.14","mockery/mockery":"^1.2","orchestra/testbench":"^3.5 || ^3.6 || ^3.7 || ^3.8 || ^4.0"},"suggest":{"laravel/telescope":"^2.0"},"uid":3248179},"1.8.4":{"name":"facade/ignition","description":"A beautiful error page for Laravel applications.","keywords":["page","error","laravel","flare"],"homepage":"https://github.com/facade/ignition","version":"1.8.4","version_normalized":"1.8.4.0","license":["MIT"],"authors":[],"source":{"type":"git","url":"https://github.com/facade/ignition.git","reference":"d951e4bc3bdc519838a0438f8e7b0637f8470f39"},"dist":{"type":"zip","url":"https://api.github.com/repos/facade/ignition/zipball/d951e4bc3bdc519838a0438f8e7b0637f8470f39","reference":"d951e4bc3bdc519838a0438f8e7b0637f8470f39","shasum":""},"type":"library","time":"2019-09-26T22:53:50+00:00","autoload":{"psr-4":{"Facade\\Ignition\\":"src"}},"extra":{"branch-alias":{"dev-master":"1.0-dev"},"laravel":{"providers":["Facade\\Ignition\\IgnitionServiceProvider"],"aliases":{"Flare":"Facade\\Ignition\\Facades\\Flare"}}},"require":{"php":"^7.1","ext-json":"*","ext-mbstring":"*","facade/flare-client-php":"^1.0.4","facade/ignition-contracts":"^1.0","filp/whoops":"^2.4","illuminate/support":"~5.5.0 || ~5.6.0 || ~5.7.0 || ~5.8.0 || ^6.0","monolog/monolog":"^1.12 || ^2.0","scrivo/highlight.php":"^9.15","symfony/console":"^3.4 || ^4.0","symfony/var-dumper":"^3.4 || ^4.0"},"require-dev":{"friendsofphp/php-cs-fixer":"^2.14","mockery/mockery":"^1.2","orchestra/testbench":"^3.5 || ^3.6 || ^3.7 || ^3.8 || ^4.0"},"suggest":{"laravel/telescope":"^2.0"},"uid":3262107},"1.9.0":{"name":"facade/ignition","description":"A beautiful error page for Laravel applications.","keywords":["page","error","laravel","flare"],"homepage":"https://github.com/facade/ignition","version":"1.9.0","version_normalized":"1.9.0.0","license":["MIT"],"authors":[],"source":{"type":"git","url":"https://github.com/facade/ignition.git","reference":"40461a1f680171876c186dfff419b2a4c892995c"},"dist":{"type":"zip","url":"https://api.github.com/repos/facade/ignition/zipball/40461a1f680171876c186dfff419b2a4c892995c","reference":"40461a1f680171876c186dfff419b2a4c892995c","shasum":""},"type":"library","time":"2019-09-27T16:49:08+00:00","autoload":{"psr-4":{"Facade\\Ignition\\":"src"},"files":["src/helpers.php"]},"extra":{"branch-alias":{"dev-master":"1.0-dev"},"laravel":{"providers":["Facade\\Ignition\\IgnitionServiceProvider"],"aliases":{"Flare":"Facade\\Ignition\\Facades\\Flare"}}},"require":{"php":"^7.1","ext-json":"*","ext-mbstring":"*","facade/flare-client-php":"^1.1","facade/ignition-contracts":"^1.0","filp/whoops":"^2.4","illuminate/support":"~5.5.0 || ~5.6.0 || ~5.7.0 || ~5.8.0 || ^6.0","monolog/monolog":"^1.12 || ^2.0","scrivo/highlight.php":"^9.15","symfony/console":"^3.4 || ^4.0","symfony/var-dumper":"^3.4 || ^4.0"},"require-dev":{"friendsofphp/php-cs-fixer":"^2.14","mockery/mockery":"^1.2","orchestra/testbench":"^3.5 || ^3.6 || ^3.7 || ^3.8 || ^4.0"},"suggest":{"laravel/telescope":"^2.0"},"uid":3263882},"1.9.1":{"name":"facade/ignition","description":"A beautiful error page for Laravel applications.","keywords":["page","error","laravel","flare"],"homepage":"https://github.com/facade/ignition","version":"1.9.1","version_normalized":"1.9.1.0","license":["MIT"],"authors":[],"source":{"type":"git","url":"https://github.com/facade/ignition.git","reference":"ca7ab4f49230cb57c62fedddc5245f5496b82065"},"dist":{"type":"zip","url":"https://api.github.com/repos/facade/ignition/zipball/ca7ab4f49230cb57c62fedddc5245f5496b82065","reference":"ca7ab4f49230cb57c62fedddc5245f5496b82065","shasum":""},"type":"library","time":"2019-10-01T17:44:44+00:00","autoload":{"psr-4":{"Facade\\Ignition\\":"src"},"files":["src/helpers.php"]},"extra":{"branch-alias":{"dev-master":"1.0-dev"},"laravel":{"providers":["Facade\\Ignition\\IgnitionServiceProvider"],"aliases":{"Flare":"Facade\\Ignition\\Facades\\Flare"}}},"require":{"php":"^7.1","ext-json":"*","ext-mbstring":"*","facade/flare-client-php":"^1.1","facade/ignition-contracts":"^1.0","filp/whoops":"^2.4","illuminate/support":"~5.5.0 || ~5.6.0 || ~5.7.0 || ~5.8.0 || ^6.0","monolog/monolog":"^1.12 || ^2.0","scrivo/highlight.php":"^9.15","symfony/console":"^3.4 || ^4.0","symfony/var-dumper":"^3.4 || ^4.0"},"require-dev":{"friendsofphp/php-cs-fixer":"^2.14","mockery/mockery":"^1.2","orchestra/testbench":"^3.5 || ^3.6 || ^3.7 || ^3.8 || ^4.0"},"suggest":{"laravel/telescope":"^2.0"},"uid":3271413},"1.9.2":{"name":"facade/ignition","description":"A beautiful error page for Laravel applications.","keywords":["page","error","laravel","flare"],"homepage":"https://github.com/facade/ignition","version":"1.9.2","version_normalized":"1.9.2.0","license":["MIT"],"authors":[],"source":{"type":"git","url":"https://github.com/facade/ignition.git","reference":"9b312a29fb6c781d5e2f4e41fb42ce3fde63a237"},"dist":{"type":"zip","url":"https://api.github.com/repos/facade/ignition/zipball/9b312a29fb6c781d5e2f4e41fb42ce3fde63a237","reference":"9b312a29fb6c781d5e2f4e41fb42ce3fde63a237","shasum":""},"type":"library","time":"2019-10-04T09:34:40+00:00","autoload":{"psr-4":{"Facade\\Ignition\\":"src"},"files":["src/helpers.php"]},"extra":{"branch-alias":{"dev-master":"1.0-dev"},"laravel":{"providers":["Facade\\Ignition\\IgnitionServiceProvider"],"aliases":{"Flare":"Facade\\Ignition\\Facades\\Flare"}}},"require":{"php":"^7.1","ext-json":"*","ext-mbstring":"*","facade/flare-client-php":"^1.1","facade/ignition-contracts":"^1.0","filp/whoops":"^2.4","illuminate/support":"~5.5.0 || ~5.6.0 || ~5.7.0 || ~5.8.0 || ^6.0","monolog/monolog":"^1.12 || ^2.0","scrivo/highlight.php":"^9.15","symfony/console":"^3.4 || ^4.0","symfony/var-dumper":"^3.4 || ^4.0"},"require-dev":{"friendsofphp/php-cs-fixer":"^2.14","mockery/mockery":"^1.2","orchestra/testbench":"^3.5 || ^3.6 || ^3.7 || ^3.8 || ^4.0"},"suggest":{"laravel/telescope":"^2.0"},"uid":3277635},"dev-master":{"name":"facade/ignition","description":"A beautiful error page for Laravel applications.","keywords":["page","error","laravel","flare"],"homepage":"https://github.com/facade/ignition","version":"dev-master","version_normalized":"9999999-dev","license":["MIT"],"authors":[],"source":{"type":"git","url":"https://github.com/facade/ignition.git","reference":"bc09b638435def2bce221015b23a69389c86d6d4"},"dist":{"type":"zip","url":"https://api.github.com/repos/facade/ignition/zipball/bc09b638435def2bce221015b23a69389c86d6d4","reference":"bc09b638435def2bce221015b23a69389c86d6d4","shasum":""},"type":"library","time":"2020-01-23T23:34:00+00:00","autoload":{"psr-4":{"Facade\\Ignition\\":"src"},"files":["src/helpers.php"]},"extra":{"branch-alias":{"dev-master":"v2.x-dev"},"laravel":{"providers":["Facade\\Ignition\\IgnitionServiceProvider"],"aliases":{"Flare":"Facade\\Ignition\\Facades\\Flare"}}},"require":{"php":"^7.1","scrivo/highlight.php":"^9.15","ext-json":"*","facade/ignition-contracts":"^1.0","ext-mbstring":"*","filp/whoops":"^2.4","illuminate/support":"~5.5.0 || ~5.6.0 || ~5.7.0 || ~5.8.0 || ^6.0","monolog/monolog":"^1.12 || ^2.0","symfony/console":"^3.4 || ^4.0","symfony/var-dumper":"^3.4 || ^4.0","facade/flare-client-php":"^1.3"},"require-dev":{"friendsofphp/php-cs-fixer":"^2.14","mockery/mockery":"^1.2","orchestra/testbench":"^3.5 || ^3.6 || ^3.7 || ^3.8 || ^4.0"},"suggest":{"laravel/telescope":"^2.0"},"uid":3199045},"dev-solutions-without-titles":{"name":"facade/ignition","description":"A beautiful error page for Laravel applications.","keywords":["page","error","laravel","flare"],"homepage":"https://github.com/facade/ignition","version":"dev-solutions-without-titles","version_normalized":"dev-solutions-without-titles","license":["MIT"],"authors":[],"source":{"type":"git","url":"https://github.com/facade/ignition.git","reference":"e1c2dbac90fef432d94f1db9bb3c1577abd8b69e"},"dist":{"type":"zip","url":"https://api.github.com/repos/facade/ignition/zipball/e1c2dbac90fef432d94f1db9bb3c1577abd8b69e","reference":"e1c2dbac90fef432d94f1db9bb3c1577abd8b69e","shasum":""},"type":"library","time":"2019-10-11T07:17:00+00:00","autoload":{"psr-4":{"Facade\\Ignition\\":"src"},"files":["src/helpers.php"]},"extra":{"branch-alias":{"dev-master":"1.0-dev"},"laravel":{"providers":["Facade\\Ignition\\IgnitionServiceProvider"],"aliases":{"Flare":"Facade\\Ignition\\Facades\\Flare"}}},"require":{"php":"^7.1","ext-json":"*","ext-mbstring":"*","facade/flare-client-php":"^1.1","facade/ignition-contracts":"^1.0","filp/whoops":"^2.4","illuminate/support":"~5.5.0 || ~5.6.0 || ~5.7.0 || ~5.8.0 || ^6.0","monolog/monolog":"^1.12 || ^2.0","scrivo/highlight.php":"^9.15","symfony/console":"^3.4 || ^4.0","symfony/var-dumper":"^3.4 || ^4.0"},"require-dev":{"friendsofphp/php-cs-fixer":"^2.14","mockery/mockery":"^1.2","orchestra/testbench":"^3.5 || ^3.6 || ^3.7 || ^3.8 || ^4.0"},"suggest":{"laravel/telescope":"^2.0"},"uid":3292902},"v2.x-dev":{"name":"facade/ignition","description":"A beautiful error page for Laravel applications.","keywords":["page","error","laravel","flare"],"homepage":"https://github.com/facade/ignition","version":"v2.x-dev","version_normalized":"2.9999999.9999999.9999999-dev","license":["MIT"],"authors":[],"source":{"type":"git","url":"https://github.com/facade/ignition.git","reference":"8b20ecc7d891526d3307921a29e9aeacf42c31c3"},"dist":{"type":"zip","url":"https://api.github.com/repos/facade/ignition/zipball/8b20ecc7d891526d3307921a29e9aeacf42c31c3","reference":"8b20ecc7d891526d3307921a29e9aeacf42c31c3","shasum":""},"type":"library","time":"2020-01-21T17:47:09+00:00","autoload":{"psr-4":{"Facade\\Ignition\\":"src"},"files":["src/helpers.php"]},"extra":{"branch-alias":{"dev-master":"v2.x-dev"},"laravel":{"providers":["Facade\\Ignition\\IgnitionServiceProvider"],"aliases":{"Flare":"Facade\\Ignition\\Facades\\Flare"}}},"require":{"php":"^7.2.5","ext-json":"*","ext-mbstring":"*","facade/flare-client-php":"dev-laravel-7","facade/ignition-contracts":"^1.0","filp/whoops":"^2.4","illuminate/support":"7.x-dev","monolog/monolog":"^2.0","scrivo/highlight.php":"^9.15","symfony/console":"^5.0","symfony/var-dumper":"^5.0"},"require-dev":{"friendsofphp/php-cs-fixer":"^2.14","mockery/mockery":"^1.3","orchestra/testbench":"5.0.x-dev"},"suggest":{"laravel/telescope":"^2.0"},"uid":3553179}}}}