{"packages":{"nunomaduro/collision":{"dev-analysis-8PwgNe":{"name":"nunomaduro/collision","description":"Cli error handling for console/command-line PHP applications.","keywords":["symfony","php","cli","error","console","command-line","laravel","handling","artisan","laravel-zero"],"homepage":"","version":"dev-analysis-8PwgNe","version_normalized":"dev-analysis-8PwgNe","license":["MIT"],"authors":[{"name":"Nuno Maduro","email":"enunomaduro@gmail.com"}],"source":{"type":"git","url":"https://github.com/nunomaduro/collision.git","reference":"9515d843c179746b75b27e4c60dc75d9babcca51"},"dist":{"type":"zip","url":"https://api.github.com/repos/nunomaduro/collision/zipball/9515d843c179746b75b27e4c60dc75d9babcca51","reference":"9515d843c179746b75b27e4c60dc75d9babcca51","shasum":""},"type":"library","time":"2018-06-06T20:39:57+00:00","autoload":{"psr-4":{"NunoMaduro\\Collision\\":"src/"}},"extra":{"laravel":{"providers":["NunoMaduro\\Collision\\Adapters\\Laravel\\CollisionServiceProvider"]}},"require":{"php":"^7.1","filp/whoops":"^2.1.4","symfony/console":"~2.8|~3.3|~4.0","jakub-onderka/php-console-highlighter":"0.3.*"},"require-dev":{"phpunit/phpunit":"~7.0","laravel/framework":"5.6.*"},"uid":2245186},"dev-analysis-8byprA":{"name":"nunomaduro/collision","description":"Cli error handling for console/command-line PHP applications.","keywords":["symfony","php","cli","error","console","command-line","laravel","handling","artisan","laravel-zero"],"homepage":"","version":"dev-analysis-8byprA","version_normalized":"dev-analysis-8byprA","license":["MIT"],"authors":[{"name":"Nuno Maduro","email":"enunomaduro@gmail.com"}],"source":{"type":"git","url":"https://github.com/nunomaduro/collision.git","reference":"3ba39a2e70ac9be14dee62eded97fbd03841aa84"},"dist":{"type":"zip","url":"https://api.github.com/repos/nunomaduro/collision/zipball/3ba39a2e70ac9be14dee62eded97fbd03841aa84","reference":"3ba39a2e70ac9be14dee62eded97fbd03841aa84","shasum":""},"type":"library","time":"2018-01-10T22:05:29+00:00","autoload":{"psr-4":{"NunoMaduro\\Collision\\":"src/"}},"extra":{"laravel":{"providers":["NunoMaduro\\Collision\\Adapters\\Laravel\\CollisionServiceProvider"]}},"require":{"php":"^7.1","filp/whoops":"^2.1.4","symfony/console":"~2.8|~3.3|~4.0"},"require-dev":{"phpunit/phpunit":"~6.5","laravel/framework":"5.5.*"},"uid":1836027},"dev-analysis-8wBaMN":{"name":"nunomaduro/collision","description":"Cli error handling for console/command-line PHP applications.","keywords":["symfony","php","cli","error","console","command-line","laravel","handling","artisan","laravel-zero"],"homepage":"","version":"dev-analysis-8wBaMN","version_normalized":"dev-analysis-8wBaMN","license":["MIT"],"authors":[{"name":"Nuno Maduro","email":"enunomaduro@gmail.com"}],"source":{"type":"git","url":"https://github.com/nunomaduro/collision.git","reference":"772866abaad23a09285e4e8aa51364f5e604526f"},"dist":{"type":"zip","url":"https://api.github.com/repos/nunomaduro/collision/zipball/772866abaad23a09285e4e8aa51364f5e604526f","reference":"772866abaad23a09285e4e8aa51364f5e604526f","shasum":""},"type":"library","time":"2018-02-17T23:40:08+00:00","autoload":{"psr-4":{"NunoMaduro\\Collision\\":"src/"}},"extra":{"laravel":{"providers":["NunoMaduro\\Collision\\Adapters\\Laravel\\CollisionServiceProvider"]}},"require":{"php":"^7.1","filp/whoops":"^2.1.4","symfony/console":"~2.8|~3.3|~4.0","jakub-onderka/php-console-highlighter":"0.3.*"},"require-dev":{"phpunit/phpunit":"~7.0","laravel/framework":"5.6.*"},"uid":1923333},"dev-analysis-VrB4jD":{"name":"nunomaduro/collision","description":"Cli error handling for console/command-line PHP applications.","keywords":["symfony","php","cli","error","console","command-line","laravel","handling","artisan","laravel-zero"],"homepage":"","version":"dev-analysis-VrB4jD","version_normalized":"dev-analysis-VrB4jD","license":["MIT"],"authors":[{"name":"Nuno Maduro","email":"enunomaduro@gmail.com"}],"source":{"type":"git","url":"https://github.com/nunomaduro/collision.git","reference":"9d354671c477451ab46261c2888425f1c50d1fd5"},"dist":{"type":"zip","url":"https://api.github.com/repos/nunomaduro/collision/zipball/9d354671c477451ab46261c2888425f1c50d1fd5","reference":"9d354671c477451ab46261c2888425f1c50d1fd5","shasum":""},"type":"library","time":"2020-01-22T21:24:04+00:00","autoload":{"psr-4":{"NunoMaduro\\Collision\\":"src/"}},"extra":{"laravel":{"providers":["NunoMaduro\\Collision\\Adapters\\Laravel\\CollisionServiceProvider"]},"branch-alias":{"dev-stable":"3.x-dev"}},"require":{"php":"^7.2.5","facade/ignition-contracts":"^1.0","filp/whoops":"^2.4","jakub-onderka/php-console-highlighter":"^0.4","symfony/console":"^5.0"},"require-dev":{"nunomaduro/larastan":"^0.5","phpstan/phpstan":"^0.12.3","orchestra/testbench":"^5.0","laravel/framework":"^7.0","phpunit/phpunit":"^8.5.1"},"uid":3557932},"dev-analysis-XNg4Vp":{"name":"nunomaduro/collision","description":"Cli error handling for console/command-line PHP applications.","keywords":["symfony","php","cli","error","console","command-line","laravel","handling","artisan","laravel-zero"],"homepage":"","version":"dev-analysis-XNg4Vp","version_normalized":"dev-analysis-XNg4Vp","license":["MIT"],"authors":[{"name":"Nuno Maduro","email":"enunomaduro@gmail.com"}],"source":{"type":"git","url":"https://github.com/nunomaduro/collision.git","reference":"7f1400ddc6834ba1674e7e4b1a59ada346712e03"},"dist":{"type":"zip","url":"https://api.github.com/repos/nunomaduro/collision/zipball/7f1400ddc6834ba1674e7e4b1a59ada346712e03","reference":"7f1400ddc6834ba1674e7e4b1a59ada346712e03","shasum":""},"type":"library","time":"2017-10-11T22:43:12+00:00","autoload":{"psr-4":{"NunoMaduro\\Collision\\":"src/"}},"extra":{"laravel":{"providers":["NunoMaduro\\Collision\\Adapters\\Laravel\\CollisionServiceProvider"]}},"require":{"php":">=7.1","filp/whoops":"^2.1.4","symfony/console":"~3.3"},"uid":1660642},"dev-analysis-XVxAn6":{"name":"nunomaduro/collision","description":"Cli error handling for console/command-line PHP applications.","keywords":["symfony","php","cli","error","console","command-line","laravel","handling","artisan","laravel-zero"],"homepage":"","version":"dev-analysis-XVxAn6","version_normalized":"dev-analysis-XVxAn6","license":["MIT"],"authors":[{"name":"Nuno Maduro","email":"enunomaduro@gmail.com"}],"source":{"type":"git","url":"https://github.com/nunomaduro/collision.git","reference":"e1d6cdc4374288a345c760196c17db3905c9dcca"},"dist":{"type":"zip","url":"https://api.github.com/repos/nunomaduro/collision/zipball/e1d6cdc4374288a345c760196c17db3905c9dcca","reference":"e1d6cdc4374288a345c760196c17db3905c9dcca","shasum":""},"type":"library","time":"2017-12-17T21:13:32+00:00","autoload":{"psr-4":{"NunoMaduro\\Collision\\":"src/"}},"extra":{"laravel":{"providers":["NunoMaduro\\Collision\\Adapters\\Laravel\\CollisionServiceProvider"]}},"require":{"php":"^7.1","filp/whoops":"^2.1.4","symfony/console":"~2.8|~3.3|~4.0"},"uid":1794953},"dev-analysis-XZMVdD":{"name":"nunomaduro/collision","description":"Cli error handling for console/command-line PHP applications.","keywords":["symfony","php","cli","error","console","command-line","laravel","handling","artisan","laravel-zero"],"homepage":"","version":"dev-analysis-XZMVdD","version_normalized":"dev-analysis-XZMVdD","license":["MIT"],"authors":[{"name":"Nuno Maduro","email":"enunomaduro@gmail.com"}],"source":{"type":"git","url":"https://github.com/nunomaduro/collision.git","reference":"4d80f1b8b12e8fc08d40f7448c2bef7addda3ff7"},"dist":{"type":"zip","url":"https://api.github.com/repos/nunomaduro/collision/zipball/4d80f1b8b12e8fc08d40f7448c2bef7addda3ff7","reference":"4d80f1b8b12e8fc08d40f7448c2bef7addda3ff7","shasum":""},"type":"library","time":"2018-01-07T22:23:05+00:00","autoload":{"psr-4":{"NunoMaduro\\Collision\\":"src/"}},"extra":{"laravel":{"providers":["NunoMaduro\\Collision\\Adapters\\Laravel\\CollisionServiceProvider"]}},"require":{"php":"^7.1","filp/whoops":"^2.1.4","symfony/console":"~2.8|~3.3|~4.0"},"require-dev":{"phpunit/phpunit":"~6.5","laravel/framework":"5.5.*"},"uid":1829415},"dev-analysis-XZrpna":{"name":"nunomaduro/collision","description":"Cli error handling for console/command-line PHP applications.","keywords":["symfony","php","cli","error","console","command-line","laravel","handling","artisan","laravel-zero"],"homepage":"","version":"dev-analysis-XZrpna","version_normalized":"dev-analysis-XZrpna","license":["MIT"],"authors":[{"name":"Nuno Maduro","email":"enunomaduro@gmail.com"}],"source":{"type":"git","url":"https://github.com/nunomaduro/collision.git","reference":"ce1d844fc111c556c31f8d4cdb3ca87cf34874d1"},"dist":{"type":"zip","url":"https://api.github.com/repos/nunomaduro/collision/zipball/ce1d844fc111c556c31f8d4cdb3ca87cf34874d1","reference":"ce1d844fc111c556c31f8d4cdb3ca87cf34874d1","shasum":""},"type":"library","time":"2017-10-08T20:42:42+00:00","autoload":{"psr-4":{"NunoMaduro\\Collision\\":"src/"}},"extra":{"laravel":{"providers":["NunoMaduro\\Collision\\Adapters\\Laravel\\CollisionServiceProvider"]}},"require":{"php":">=7.1","filp/whoops":"^2.1.4","symfony/console":"~3.3"},"uid":1654019},"dev-analysis-Xk50P4":{"name":"nunomaduro/collision","description":"Cli error handling for console/command-line PHP applications.","keywords":["symfony","php","cli","error","console","command-line","laravel","handling","artisan","laravel-zero"],"homepage":"","version":"dev-analysis-Xk50P4","version_normalized":"dev-analysis-Xk50P4","license":["MIT"],"authors":[{"name":"Nuno Maduro","email":"enunomaduro@gmail.com"}],"source":{"type":"git","url":"https://github.com/nunomaduro/collision.git","reference":"69cb328c465654e93a0cc4215c4244eb22f5761d"},"dist":{"type":"zip","url":"https://api.github.com/repos/nunomaduro/collision/zipball/69cb328c465654e93a0cc4215c4244eb22f5761d","reference":"69cb328c465654e93a0cc4215c4244eb22f5761d","shasum":""},"type":"library","time":"2017-10-10T23:09:35+00:00","autoload":{"psr-4":{"NunoMaduro\\Collision\\":"src/"}},"extra":{"laravel":{"providers":["NunoMaduro\\Collision\\Adapters\\Laravel\\CollisionServiceProvider"]}},"require":{"php":">=7.1","filp/whoops":"^2.1.4","symfony/console":"~3.3"},"uid":1658630},"dev-analysis-qrlEK9":{"name":"nunomaduro/collision","description":"Cli error handling for console/command-line PHP applications.","keywords":["symfony","php","cli","error","console","command-line","laravel","handling","artisan","laravel-zero"],"homepage":"","version":"dev-analysis-qrlEK9","version_normalized":"dev-analysis-qrlEK9","license":["MIT"],"authors":[{"name":"Nuno Maduro","email":"enunomaduro@gmail.com"}],"source":{"type":"git","url":"https://github.com/nunomaduro/collision.git","reference":"6b578dd2eb32402879de2556f43e55515c0a9bd5"},"dist":{"type":"zip","url":"https://api.github.com/repos/nunomaduro/collision/zipball/6b578dd2eb32402879de2556f43e55515c0a9bd5","reference":"6b578dd2eb32402879de2556f43e55515c0a9bd5","shasum":""},"type":"library","time":"2018-01-17T22:31:53+00:00","autoload":{"psr-4":{"NunoMaduro\\Collision\\":"src/"}},"extra":{"laravel":{"providers":["NunoMaduro\\Collision\\Adapters\\Laravel\\CollisionServiceProvider"]}},"require":{"php":"^7.1","filp/whoops":"^2.1.4","symfony/console":"~2.8|~3.3|~4.0"},"require-dev":{"phpunit/phpunit":"~6.5","laravel/framework":"5.5.*"},"uid":1849030},"dev-analysis-zDlmL9":{"name":"nunomaduro/collision","description":"Cli error handling for console/command-line PHP applications.","keywords":["symfony","php","cli","error","console","command-line","laravel","handling","artisan","laravel-zero"],"homepage":"","version":"dev-analysis-zDlmL9","version_normalized":"dev-analysis-zDlmL9","license":["MIT"],"authors":[{"name":"Nuno Maduro","email":"enunomaduro@gmail.com"}],"source":{"type":"git","url":"https://github.com/nunomaduro/collision.git","reference":"0454f0668c1ec1f1b88a3b5b6c5661bb5be5b42e"},"dist":{"type":"zip","url":"https://api.github.com/repos/nunomaduro/collision/zipball/0454f0668c1ec1f1b88a3b5b6c5661bb5be5b42e","reference":"0454f0668c1ec1f1b88a3b5b6c5661bb5be5b42e","shasum":""},"type":"library","time":"2017-10-22T17:59:33+00:00","autoload":{"psr-4":{"NunoMaduro\\Collision\\":"src/"}},"extra":{"laravel":{"providers":["NunoMaduro\\Collision\\Adapters\\Laravel\\CollisionServiceProvider"]}},"require":{"php":"^7.1","filp/whoops":"^2.1.4","symfony/console":"~2.8|~3.3"},"uid":1680931},"dev-analysis-zG097A":{"name":"nunomaduro/collision","description":"Cli error handling for console/command-line PHP applications.","keywords":["symfony","php","cli","error","console","command-line","laravel","handling","artisan","laravel-zero"],"homepage":"","version":"dev-analysis-zG097A","version_normalized":"dev-analysis-zG097A","license":["MIT"],"authors":[{"name":"Nuno Maduro","email":"enunomaduro@gmail.com"}],"source":{"type":"git","url":"https://github.com/nunomaduro/collision.git","reference":"d7960f39c6f9b802ed5d2da37980ae59f7b4e843"},"dist":{"type":"zip","url":"https://api.github.com/repos/nunomaduro/collision/zipball/d7960f39c6f9b802ed5d2da37980ae59f7b4e843","reference":"d7960f39c6f9b802ed5d2da37980ae59f7b4e843","shasum":""},"type":"library","time":"2018-01-10T22:08:54+00:00","autoload":{"psr-4":{"NunoMaduro\\Collision\\":"src/"}},"extra":{"laravel":{"providers":["NunoMaduro\\Collision\\Adapters\\Laravel\\CollisionServiceProvider"]}},"require":{"php":"^7.1","filp/whoops":"^2.1.4","symfony/console":"~2.8|~3.3|~4.0"},"require-dev":{"phpunit/phpunit":"~6.5","laravel/framework":"5.5.*"},"uid":1836033},"dev-analysis-zOd9Qk":{"name":"nunomaduro/collision","description":"Cli error handling for console/command-line PHP applications.","keywords":["symfony","php","cli","error","console","command-line","laravel","handling","artisan","laravel-zero"],"homepage":"","version":"dev-analysis-zOd9Qk","version_normalized":"dev-analysis-zOd9Qk","license":["MIT"],"authors":[{"name":"Nuno Maduro","email":"enunomaduro@gmail.com"}],"source":{"type":"git","url":"https://github.com/nunomaduro/collision.git","reference":"464f9b11ee0ce6a505afeeacf7781c2a06b9bc81"},"dist":{"type":"zip","url":"https://api.github.com/repos/nunomaduro/collision/zipball/464f9b11ee0ce6a505afeeacf7781c2a06b9bc81","reference":"464f9b11ee0ce6a505afeeacf7781c2a06b9bc81","shasum":""},"type":"library","time":"2017-10-08T19:28:27+00:00","autoload":{"psr-4":{"NunoMaduro\\Collision\\":"src/"}},"extra":{"laravel":{"providers":["NunoMaduro\\Collision\\Adapters\\Laravel\\CollisionServiceProvider"]}},"require":{"php":">=7.1","filp/whoops":"^2.1.4","symfony/console":"~3.3"},"uid":1654018},"dev-analysis-zYgYjG":{"name":"nunomaduro/collision","description":"Cli error handling for console/command-line PHP applications.","keywords":["symfony","php","cli","error","console","command-line","laravel","handling","artisan","laravel-zero"],"homepage":"","version":"dev-analysis-zYgYjG","version_normalized":"dev-analysis-zYgYjG","license":["MIT"],"authors":[{"name":"Nuno Maduro","email":"enunomaduro@gmail.com"}],"source":{"type":"git","url":"https://github.com/nunomaduro/collision.git","reference":"0bd1af9392ab0ebb8da47de369413bb6765d2267"},"dist":{"type":"zip","url":"https://api.github.com/repos/nunomaduro/collision/zipball/0bd1af9392ab0ebb8da47de369413bb6765d2267","reference":"0bd1af9392ab0ebb8da47de369413bb6765d2267","shasum":""},"type":"library","time":"2017-11-05T21:29:50+00:00","autoload":{"psr-4":{"NunoMaduro\\Collision\\":"src/"}},"extra":{"laravel":{"providers":["NunoMaduro\\Collision\\Adapters\\Laravel\\CollisionServiceProvider"]}},"require":{"php":"^7.1","filp/whoops":"^2.1.4","symfony/console":"~2.8|~3.3"},"uid":1706499},"dev-analysis-zYmdB0":{"name":"nunomaduro/collision","description":"Cli error handling for console/command-line PHP applications.","keywords":["symfony","php","cli","error","console","command-line","laravel","handling","artisan","laravel-zero"],"homepage":"","version":"dev-analysis-zYmdB0","version_normalized":"dev-analysis-zYmdB0","license":["MIT"],"authors":[{"name":"Nuno Maduro","email":"enunomaduro@gmail.com"}],"source":{"type":"git","url":"https://github.com/nunomaduro/collision.git","reference":"dcfdc5cf2bb7ce1a778affd13af2a4de81c121cb"},"dist":{"type":"zip","url":"https://api.github.com/repos/nunomaduro/collision/zipball/dcfdc5cf2bb7ce1a778affd13af2a4de81c121cb","reference":"dcfdc5cf2bb7ce1a778affd13af2a4de81c121cb","shasum":""},"type":"library","time":"2018-03-20T21:07:39+00:00","autoload":{"psr-4":{"NunoMaduro\\Collision\\":"src/"}},"extra":{"laravel":{"providers":["NunoMaduro\\Collision\\Adapters\\Laravel\\CollisionServiceProvider"]}},"require":{"php":"^7.1","filp/whoops":"^2.1.4","symfony/console":"~2.8|~3.3|~4.0","jakub-onderka/php-console-highlighter":"0.3.*"},"require-dev":{"phpunit/phpunit":"~7.0","laravel/framework":"5.6.*"},"uid":2011331},"dev-analysis-zdrym7":{"name":"nunomaduro/collision","description":"Cli error handling for console/command-line PHP applications.","keywords":["symfony","php","cli","error","console","command-line","laravel","handling","artisan","laravel-zero"],"homepage":"","version":"dev-analysis-zdrym7","version_normalized":"dev-analysis-zdrym7","license":["MIT"],"authors":[{"name":"Nuno Maduro","email":"enunomaduro@gmail.com"}],"source":{"type":"git","url":"https://github.com/nunomaduro/collision.git","reference":"006eeb79da2c4b56ed4afbf5d5067fb57c08909a"},"dist":{"type":"zip","url":"https://api.github.com/repos/nunomaduro/collision/zipball/006eeb79da2c4b56ed4afbf5d5067fb57c08909a","reference":"006eeb79da2c4b56ed4afbf5d5067fb57c08909a","shasum":""},"type":"library","time":"2018-01-01T21:35:17+00:00","autoload":{"psr-4":{"NunoMaduro\\Collision\\":"src/"}},"extra":{"laravel":{"providers":["NunoMaduro\\Collision\\Adapters\\Laravel\\CollisionServiceProvider"]}},"require":{"php":"^7.1","filp/whoops":"^2.1.4","symfony/console":"~2.8|~3.3|~4.0"},"require-dev":{"phpunit/phpunit":"~6.5"},"uid":1819524},"dev-develop":{"name":"nunomaduro/collision","description":"Cli error handling for console/command-line PHP applications.","keywords":["symfony","php","cli","error","console","command-line","laravel","handling","artisan","laravel-zero"],"homepage":"","version":"dev-develop","version_normalized":"dev-develop","license":["MIT"],"authors":[{"name":"Nuno Maduro","email":"enunomaduro@gmail.com"}],"source":{"type":"git","url":"https://github.com/nunomaduro/collision.git","reference":"af42d339fe2742295a54f6fdd42aaa6f8c4aca68"},"dist":{"type":"zip","url":"https://api.github.com/repos/nunomaduro/collision/zipball/af42d339fe2742295a54f6fdd42aaa6f8c4aca68","reference":"af42d339fe2742295a54f6fdd42aaa6f8c4aca68","shasum":""},"type":"library","time":"2019-03-07T21:35:13+00:00","autoload":{"psr-4":{"NunoMaduro\\Collision\\":"src/"}},"extra":{"laravel":{"providers":["NunoMaduro\\Collision\\Adapters\\Laravel\\CollisionServiceProvider"]}},"require":{"php":"^7.1","filp/whoops":"^2.1.4","symfony/console":"~2.8|~3.3|~4.0","jakub-onderka/php-console-highlighter":"0.3.*|0.4.*"},"require-dev":{"nunomaduro/larastan":"^0.3.0","laravel/framework":"5.8.*","phpstan/phpstan":"^0.11","phpunit/phpunit":"~8.0"},"uid":2710201},"dev-feat/handle-ignition-solutions":{"name":"nunomaduro/collision","description":"Cli error handling for console/command-line PHP applications.","keywords":["symfony","php","cli","error","console","command-line","laravel","handling","artisan","laravel-zero"],"homepage":"","version":"dev-feat/handle-ignition-solutions","version_normalized":"dev-feat/handle-ignition-solutions","license":["MIT"],"authors":[{"name":"Nuno Maduro","email":"enunomaduro@gmail.com"}],"source":{"type":"git","url":"https://github.com/nunomaduro/collision.git","reference":"e662d260052ccc6eaa9537f6a73c07e08c91d896"},"dist":{"type":"zip","url":"https://api.github.com/repos/nunomaduro/collision/zipball/e662d260052ccc6eaa9537f6a73c07e08c91d896","reference":"e662d260052ccc6eaa9537f6a73c07e08c91d896","shasum":""},"type":"library","time":"2019-09-06T09:29:33+00:00","autoload":{"psr-4":{"NunoMaduro\\Collision\\":"src/"}},"extra":{"laravel":{"providers":["NunoMaduro\\Collision\\Adapters\\Laravel\\CollisionServiceProvider"]}},"require":{"php":"^7.1","facade/ignition-contracts":"^1.0","filp/whoops":"^2.1.4","symfony/console":"~2.8|~3.3|~4.0","jakub-onderka/php-console-highlighter":"0.3.*|0.4.*"},"require-dev":{"laravel/framework":"^6.0","nunomaduro/larastan":"^0.4","orchestra/testbench":"^3.8","phpstan/phpstan":"^0.11","phpunit/phpunit":"~8.0"},"uid":3215522},"dev-feature-symfony":{"name":"nunomaduro/collision","description":"Cli error handling for console/command-line PHP applications.","keywords":["symfony","php","cli","error","console","command-line","laravel","handling","artisan","laravel-zero"],"homepage":"","version":"dev-feature-symfony","version_normalized":"dev-feature-symfony","license":["MIT"],"authors":[{"name":"Nuno Maduro","email":"enunomaduro@gmail.com"}],"source":{"type":"git","url":"https://github.com/nunomaduro/collision.git","reference":"a266e3e04d36f43fa72bfd1726c4f96f88a08d84"},"dist":{"type":"zip","url":"https://api.github.com/repos/nunomaduro/collision/zipball/a266e3e04d36f43fa72bfd1726c4f96f88a08d84","reference":"a266e3e04d36f43fa72bfd1726c4f96f88a08d84","shasum":""},"type":"library","time":"2018-06-05T21:56:59+00:00","autoload":{"psr-4":{"NunoMaduro\\Collision\\":"src/"}},"extra":{"laravel":{"providers":["NunoMaduro\\Collision\\Adapters\\Laravel\\CollisionServiceProvider"]}},"require":{"php":"^7.1","filp/whoops":"^2.1.4","symfony/console":"~2.8|~3.3|~4.0","jakub-onderka/php-console-highlighter":"0.3.*"},"require-dev":{"phpunit/phpunit":"~7.0","laravel/framework":"5.6.*"},"uid":2242734},"dev-feature-symfony-adapter":{"name":"nunomaduro/collision","description":"Cli error handling for console/command-line PHP applications.","keywords":["symfony","php","cli","error","console","command-line","laravel","handling","artisan","laravel-zero"],"homepage":"","version":"dev-feature-symfony-adapter","version_normalized":"dev-feature-symfony-adapter","license":["MIT"],"authors":[{"name":"Nuno Maduro","email":"enunomaduro@gmail.com"}],"source":{"type":"git","url":"https://github.com/nunomaduro/collision.git","reference":"98866d199e034e5568de6872aeb8875fb684823a"},"dist":{"type":"zip","url":"https://api.github.com/repos/nunomaduro/collision/zipball/98866d199e034e5568de6872aeb8875fb684823a","reference":"98866d199e034e5568de6872aeb8875fb684823a","shasum":""},"type":"library","time":"2018-06-06T20:39:23+00:00","autoload":{"psr-4":{"NunoMaduro\\Collision\\":"src/"}},"extra":{"laravel":{"providers":["NunoMaduro\\Collision\\Adapters\\Laravel\\CollisionServiceProvider"]}},"require":{"php":"^7.1","filp/whoops":"^2.1.4","symfony/console":"~2.8|~3.3|~4.0","jakub-onderka/php-console-highlighter":"0.3.*"},"require-dev":{"phpunit/phpunit":"~7.0","laravel/framework":"5.6.*"},"uid":2245182},"dev-master":{"name":"nunomaduro/collision","description":"Cli error handling for console/command-line PHP applications.","keywords":["symfony","php","cli","error","console","command-line","laravel","handling","artisan","laravel-zero"],"homepage":"","version":"dev-master","version_normalized":"9999999-dev","license":["MIT"],"authors":[{"name":"Nuno Maduro","email":"enunomaduro@gmail.com"}],"source":{"type":"git","url":"https://github.com/nunomaduro/collision.git","reference":"9a2b22701e5664a7bb4ca2ae70ef870102cfc70f"},"dist":{"type":"zip","url":"https://api.github.com/repos/nunomaduro/collision/zipball/9a2b22701e5664a7bb4ca2ae70ef870102cfc70f","reference":"9a2b22701e5664a7bb4ca2ae70ef870102cfc70f","shasum":""},"type":"library","time":"2020-01-22T21:20:41+00:00","autoload":{"psr-4":{"NunoMaduro\\Collision\\":"src/"}},"extra":{"laravel":{"providers":["NunoMaduro\\Collision\\Adapters\\Laravel\\CollisionServiceProvider"]}},"require":{"php":"^7.2.5","facade/ignition-contracts":"^1.0","filp/whoops":"^2.4","jakub-onderka/php-console-highlighter":"^0.4","symfony/console":"^5.0"},"require-dev":{"nunomaduro/larastan":"^0.5","phpstan/phpstan":"^0.12.3","orchestra/testbench":"^5.0","laravel/framework":"^7.0","phpunit/phpunit":"^8.5.1"},"uid":1653832},"dev-next":{"name":"nunomaduro/collision","description":"Cli error handling for console/command-line PHP applications.","keywords":["symfony","php","cli","error","console","command-line","laravel","handling","artisan","laravel-zero"],"homepage":"","version":"dev-next","version_normalized":"dev-next","license":["MIT"],"authors":[{"name":"Nuno Maduro","email":"enunomaduro@gmail.com"}],"source":{"type":"git","url":"https://github.com/nunomaduro/collision.git","reference":"f0ebb12c60a1fbe688168156cba0ed797ec40b63"},"dist":{"type":"zip","url":"https://api.github.com/repos/nunomaduro/collision/zipball/f0ebb12c60a1fbe688168156cba0ed797ec40b63","reference":"f0ebb12c60a1fbe688168156cba0ed797ec40b63","shasum":""},"type":"library","time":"2020-01-22T21:17:14+00:00","autoload":{"psr-4":{"NunoMaduro\\Collision\\":"src/"}},"extra":{"laravel":{"providers":["NunoMaduro\\Collision\\Adapters\\Laravel\\CollisionServiceProvider"]},"branch-alias":{"dev-next":"4.x-dev"}},"require":{"php":"^7.2.5","filp/whoops":"^2.4","symfony/console":"^5.0","jakub-onderka/php-console-highlighter":"^0.4","facade/ignition-contracts":"^1.0"},"require-dev":{"laravel/framework":"^7.0","orchestra/testbench":"^5.0","nunomaduro/larastan":"^0.5","phpstan/phpstan":"^0.12.3","phpunit/phpunit":"^8.5.1"},"uid":3408745},"dev-stable":{"name":"nunomaduro/collision","description":"Cli error handling for console/command-line PHP applications.","keywords":["symfony","php","cli","error","console","command-line","laravel","handling","artisan","laravel-zero"],"homepage":"","version":"dev-stable","version_normalized":"dev-stable","license":["MIT"],"authors":[{"name":"Nuno Maduro","email":"enunomaduro@gmail.com"}],"source":{"type":"git","url":"https://github.com/nunomaduro/collision.git","reference":"4f2bc853693b3b74e3083c3edfdfb4395fecf8f8"},"dist":{"type":"zip","url":"https://api.github.com/repos/nunomaduro/collision/zipball/4f2bc853693b3b74e3083c3edfdfb4395fecf8f8","reference":"4f2bc853693b3b74e3083c3edfdfb4395fecf8f8","shasum":""},"type":"library","time":"2020-01-22T21:47:54+00:00","autoload":{"psr-4":{"NunoMaduro\\Collision\\":"src/"}},"extra":{"laravel":{"providers":["NunoMaduro\\Collision\\Adapters\\Laravel\\CollisionServiceProvider"]}},"require":{"php":"^7.2.5","facade/ignition-contracts":"^1.0","filp/whoops":"^2.4","jakub-onderka/php-console-highlighter":"^0.4","symfony/console":"^5.0"},"require-dev":{"nunomaduro/larastan":"^0.5","phpstan/phpstan":"^0.12.3","orchestra/testbench":"^5.0","laravel/framework":"^7.0","phpunit/phpunit":"^8.5.1"},"uid":1653833},"v0.1.0":{"name":"nunomaduro/collision","description":"Cli error handling for console/command-line PHP applications.","keywords":["cli","error","console","handling","laravel-zero"],"homepage":"","version":"v0.1.0","version_normalized":"0.1.0.0","license":["MIT"],"authors":[{"name":"Nuno Maduro","email":"enunomaduro@gmail.com"}],"source":{"type":"git","url":"https://github.com/nunomaduro/collision.git","reference":"35422996dfc0573a873d363daf5b24152e823e71"},"dist":{"type":"zip","url":"https://api.github.com/repos/nunomaduro/collision/zipball/35422996dfc0573a873d363daf5b24152e823e71","reference":"35422996dfc0573a873d363daf5b24152e823e71","shasum":""},"type":"library","time":"2017-10-08T16:49:09+00:00","autoload":{"psr-4":{"NunoMaduro\\Collision\\":"src/"}},"require":{"php":">=7.1","filp/whoops":"^2.1.4","symfony/console":"~3.3"},"uid":1653831},"v1.0.0":{"name":"nunomaduro/collision","description":"Cli error handling for console/command-line PHP applications.","keywords":["symfony","php","cli","error","console","command-line","laravel","handling","artisan","laravel-zero"],"homepage":"","version":"v1.0.0","version_normalized":"1.0.0.0","license":["MIT"],"authors":[{"name":"Nuno Maduro","email":"enunomaduro@gmail.com"}],"source":{"type":"git","url":"https://github.com/nunomaduro/collision.git","reference":"8d75366d0bfd89f5b8a399b461e55882bb524127"},"dist":{"type":"zip","url":"https://api.github.com/repos/nunomaduro/collision/zipball/8d75366d0bfd89f5b8a399b461e55882bb524127","reference":"8d75366d0bfd89f5b8a399b461e55882bb524127","shasum":""},"type":"library","time":"2017-10-08T21:00:36+00:00","autoload":{"psr-4":{"NunoMaduro\\Collision\\":"src/"}},"extra":{"laravel":{"providers":["NunoMaduro\\Collision\\Adapters\\Laravel\\CollisionServiceProvider"]}},"require":{"php":">=7.1","filp/whoops":"^2.1.4","symfony/console":"~3.3"},"uid":1654016},"v1.0.1":{"name":"nunomaduro/collision","description":"Cli error handling for console/command-line PHP applications.","keywords":["symfony","php","cli","error","console","command-line","laravel","handling","artisan","laravel-zero"],"homepage":"","version":"v1.0.1","version_normalized":"1.0.1.0","license":["MIT"],"authors":[{"name":"Nuno Maduro","email":"enunomaduro@gmail.com"}],"source":{"type":"git","url":"https://github.com/nunomaduro/collision.git","reference":"7e9b149721ab20e16dea53b6bf4c51b92684e98b"},"dist":{"type":"zip","url":"https://api.github.com/repos/nunomaduro/collision/zipball/7e9b149721ab20e16dea53b6bf4c51b92684e98b","reference":"7e9b149721ab20e16dea53b6bf4c51b92684e98b","shasum":""},"type":"library","time":"2017-10-08T21:04:51+00:00","autoload":{"psr-4":{"NunoMaduro\\Collision\\":"src/"}},"extra":{"laravel":{"providers":["NunoMaduro\\Collision\\Adapters\\Laravel\\CollisionServiceProvider"]}},"require":{"php":">=7.1","filp/whoops":"^2.1.4","symfony/console":"~3.3"},"uid":1654017},"v1.0.2":{"name":"nunomaduro/collision","description":"Cli error handling for console/command-line PHP applications.","keywords":["symfony","php","cli","error","console","command-line","laravel","handling","artisan","laravel-zero"],"homepage":"","version":"v1.0.2","version_normalized":"1.0.2.0","license":["MIT"],"authors":[{"name":"Nuno Maduro","email":"enunomaduro@gmail.com"}],"source":{"type":"git","url":"https://github.com/nunomaduro/collision.git","reference":"9379057c7e0f93cb6a43db499a28be1519c40e02"},"dist":{"type":"zip","url":"https://api.github.com/repos/nunomaduro/collision/zipball/9379057c7e0f93cb6a43db499a28be1519c40e02","reference":"9379057c7e0f93cb6a43db499a28be1519c40e02","shasum":""},"type":"library","time":"2017-10-08T21:09:37+00:00","autoload":{"psr-4":{"NunoMaduro\\Collision\\":"src/"}},"extra":{"laravel":{"providers":["NunoMaduro\\Collision\\Adapters\\Laravel\\CollisionServiceProvider"]}},"require":{"php":">=7.1","filp/whoops":"^2.1.4","symfony/console":"~3.3"},"uid":1654040},"v1.0.3":{"name":"nunomaduro/collision","description":"Cli error handling for console/command-line PHP applications.","keywords":["symfony","php","cli","error","console","command-line","laravel","handling","artisan","laravel-zero"],"homepage":"","version":"v1.0.3","version_normalized":"1.0.3.0","license":["MIT"],"authors":[{"name":"Nuno Maduro","email":"enunomaduro@gmail.com"}],"source":{"type":"git","url":"https://github.com/nunomaduro/collision.git","reference":"6c7e76eb769e70149c166e393338ed5295280bf9"},"dist":{"type":"zip","url":"https://api.github.com/repos/nunomaduro/collision/zipball/6c7e76eb769e70149c166e393338ed5295280bf9","reference":"6c7e76eb769e70149c166e393338ed5295280bf9","shasum":""},"type":"library","time":"2017-10-08T21:19:28+00:00","autoload":{"psr-4":{"NunoMaduro\\Collision\\":"src/"}},"extra":{"laravel":{"providers":["NunoMaduro\\Collision\\Adapters\\Laravel\\CollisionServiceProvider"]}},"require":{"php":">=7.1","filp/whoops":"^2.1.4","symfony/console":"~3.3"},"uid":1654082},"v1.0.4":{"name":"nunomaduro/collision","description":"Cli error handling for console/command-line PHP applications.","keywords":["symfony","php","cli","error","console","command-line","laravel","handling","artisan","laravel-zero"],"homepage":"","version":"v1.0.4","version_normalized":"1.0.4.0","license":["MIT"],"authors":[{"name":"Nuno Maduro","email":"enunomaduro@gmail.com"}],"source":{"type":"git","url":"https://github.com/nunomaduro/collision.git","reference":"54ae9f9fd30ad08a0854a837a04c160ed274add9"},"dist":{"type":"zip","url":"https://api.github.com/repos/nunomaduro/collision/zipball/54ae9f9fd30ad08a0854a837a04c160ed274add9","reference":"54ae9f9fd30ad08a0854a837a04c160ed274add9","shasum":""},"type":"library","time":"2017-10-09T22:25:40+00:00","autoload":{"psr-4":{"NunoMaduro\\Collision\\":"src/"}},"extra":{"laravel":{"providers":["NunoMaduro\\Collision\\Adapters\\Laravel\\CollisionServiceProvider"]}},"require":{"php":">=7.1","filp/whoops":"^2.1.4","symfony/console":"~3.3"},"uid":1656169},"v1.1.0":{"name":"nunomaduro/collision","description":"Cli error handling for console/command-line PHP applications.","keywords":["symfony","php","cli","error","console","command-line","laravel","handling","artisan","laravel-zero"],"homepage":"","version":"v1.1.0","version_normalized":"1.1.0.0","license":["MIT"],"authors":[{"name":"Nuno Maduro","email":"enunomaduro@gmail.com"}],"source":{"type":"git","url":"https://github.com/nunomaduro/collision.git","reference":"b056b13d258f77ede4699705925dc8187bc0569e"},"dist":{"type":"zip","url":"https://api.github.com/repos/nunomaduro/collision/zipball/b056b13d258f77ede4699705925dc8187bc0569e","reference":"b056b13d258f77ede4699705925dc8187bc0569e","shasum":""},"type":"library","time":"2017-10-10T23:06:39+00:00","autoload":{"psr-4":{"NunoMaduro\\Collision\\":"src/"}},"extra":{"laravel":{"providers":["NunoMaduro\\Collision\\Adapters\\Laravel\\CollisionServiceProvider"]}},"require":{"php":">=7.1","filp/whoops":"^2.1.4","symfony/console":"~3.3"},"uid":1658624},"v1.1.1":{"name":"nunomaduro/collision","description":"Cli error handling for console/command-line PHP applications.","keywords":["symfony","php","cli","error","console","command-line","laravel","handling","artisan","laravel-zero"],"homepage":"","version":"v1.1.1","version_normalized":"1.1.1.0","license":["MIT"],"authors":[{"name":"Nuno Maduro","email":"enunomaduro@gmail.com"}],"source":{"type":"git","url":"https://github.com/nunomaduro/collision.git","reference":"c8573ed1e29fa1449184fad1ce4bba332d836ea4"},"dist":{"type":"zip","url":"https://api.github.com/repos/nunomaduro/collision/zipball/c8573ed1e29fa1449184fad1ce4bba332d836ea4","reference":"c8573ed1e29fa1449184fad1ce4bba332d836ea4","shasum":""},"type":"library","time":"2017-10-10T23:11:44+00:00","autoload":{"psr-4":{"NunoMaduro\\Collision\\":"src/"}},"extra":{"laravel":{"providers":["NunoMaduro\\Collision\\Adapters\\Laravel\\CollisionServiceProvider"]}},"require":{"php":">=7.1","filp/whoops":"^2.1.4","symfony/console":"~3.3"},"uid":1658632},"v1.1.10":{"name":"nunomaduro/collision","description":"Cli error handling for console/command-line PHP applications.","keywords":["symfony","php","cli","error","console","command-line","laravel","handling","artisan","laravel-zero"],"homepage":"","version":"v1.1.10","version_normalized":"1.1.10.0","license":["MIT"],"authors":[{"name":"Nuno Maduro","email":"enunomaduro@gmail.com"}],"source":{"type":"git","url":"https://github.com/nunomaduro/collision.git","reference":"671569d5f1362a320120de1432d1af53ddd17e72"},"dist":{"type":"zip","url":"https://api.github.com/repos/nunomaduro/collision/zipball/671569d5f1362a320120de1432d1af53ddd17e72","reference":"671569d5f1362a320120de1432d1af53ddd17e72","shasum":""},"type":"library","time":"2017-12-04T21:04:40+00:00","autoload":{"psr-4":{"NunoMaduro\\Collision\\":"src/"}},"extra":{"laravel":{"providers":["NunoMaduro\\Collision\\Adapters\\Laravel\\CollisionServiceProvider"]}},"require":{"php":"^7.1","filp/whoops":"^2.1.4","symfony/console":"~2.8|~3.3"},"uid":1763851},"v1.1.11":{"name":"nunomaduro/collision","description":"Cli error handling for console/command-line PHP applications.","keywords":["symfony","php","cli","error","console","command-line","laravel","handling","artisan","laravel-zero"],"homepage":"","version":"v1.1.11","version_normalized":"1.1.11.0","license":["MIT"],"authors":[{"name":"Nuno Maduro","email":"enunomaduro@gmail.com"}],"source":{"type":"git","url":"https://github.com/nunomaduro/collision.git","reference":"c612fecd810b8511ffa7b6bf4f1587e85bbbe949"},"dist":{"type":"zip","url":"https://api.github.com/repos/nunomaduro/collision/zipball/c612fecd810b8511ffa7b6bf4f1587e85bbbe949","reference":"c612fecd810b8511ffa7b6bf4f1587e85bbbe949","shasum":""},"type":"library","time":"2017-12-04T21:22:02+00:00","autoload":{"psr-4":{"NunoMaduro\\Collision\\":"src/"}},"extra":{"laravel":{"providers":["NunoMaduro\\Collision\\Adapters\\Laravel\\CollisionServiceProvider"]}},"require":{"php":"^7.1","filp/whoops":"^2.1.4","symfony/console":"~2.8|~3.3"},"uid":1763869},"v1.1.12":{"name":"nunomaduro/collision","description":"Cli error handling for console/command-line PHP applications.","keywords":["symfony","php","cli","error","console","command-line","laravel","handling","artisan","laravel-zero"],"homepage":"","version":"v1.1.12","version_normalized":"1.1.12.0","license":["MIT"],"authors":[{"name":"Nuno Maduro","email":"enunomaduro@gmail.com"}],"source":{"type":"git","url":"https://github.com/nunomaduro/collision.git","reference":"67f5612e092cf0e87e97448e3826df08a2b7b759"},"dist":{"type":"zip","url":"https://api.github.com/repos/nunomaduro/collision/zipball/67f5612e092cf0e87e97448e3826df08a2b7b759","reference":"67f5612e092cf0e87e97448e3826df08a2b7b759","shasum":""},"type":"library","time":"2017-12-11T19:23:44+00:00","autoload":{"psr-4":{"NunoMaduro\\Collision\\":"src/"}},"extra":{"laravel":{"providers":["NunoMaduro\\Collision\\Adapters\\Laravel\\CollisionServiceProvider"]}},"require":{"php":"^7.1","filp/whoops":"^2.1.4","symfony/console":"~2.8|~3.3|~4.0"},"uid":1778747},"v1.1.13":{"name":"nunomaduro/collision","description":"Cli error handling for console/command-line PHP applications.","keywords":["symfony","php","cli","error","console","command-line","laravel","handling","artisan","laravel-zero"],"homepage":"","version":"v1.1.13","version_normalized":"1.1.13.0","license":["MIT"],"authors":[{"name":"Nuno Maduro","email":"enunomaduro@gmail.com"}],"source":{"type":"git","url":"https://github.com/nunomaduro/collision.git","reference":"39d437a2d0e703336cfbd957588fed51d7e50b3c"},"dist":{"type":"zip","url":"https://api.github.com/repos/nunomaduro/collision/zipball/39d437a2d0e703336cfbd957588fed51d7e50b3c","reference":"39d437a2d0e703336cfbd957588fed51d7e50b3c","shasum":""},"type":"library","time":"2017-12-11T19:24:08+00:00","autoload":{"psr-4":{"NunoMaduro\\Collision\\":"src/"}},"extra":{"laravel":{"providers":["NunoMaduro\\Collision\\Adapters\\Laravel\\CollisionServiceProvider"]}},"require":{"php":"^7.1","filp/whoops":"^2.1.4","symfony/console":"~2.8|~3.3|~4.0"},"uid":1782918},"v1.1.14":{"name":"nunomaduro/collision","description":"Cli error handling for console/command-line PHP applications.","keywords":["symfony","php","cli","error","console","command-line","laravel","handling","artisan","laravel-zero"],"homepage":"","version":"v1.1.14","version_normalized":"1.1.14.0","license":["MIT"],"authors":[{"name":"Nuno Maduro","email":"enunomaduro@gmail.com"}],"source":{"type":"git","url":"https://github.com/nunomaduro/collision.git","reference":"97cd596c1f696517c9c92ce210284b353088115e"},"dist":{"type":"zip","url":"https://api.github.com/repos/nunomaduro/collision/zipball/97cd596c1f696517c9c92ce210284b353088115e","reference":"97cd596c1f696517c9c92ce210284b353088115e","shasum":""},"type":"library","time":"2017-12-17T00:14:56+00:00","autoload":{"psr-4":{"NunoMaduro\\Collision\\":"src/"}},"extra":{"laravel":{"providers":["NunoMaduro\\Collision\\Adapters\\Laravel\\CollisionServiceProvider"]}},"require":{"php":"^7.1","filp/whoops":"^2.1.4","symfony/console":"~2.8|~3.3|~4.0"},"uid":1794076},"v1.1.15":{"name":"nunomaduro/collision","description":"Cli error handling for console/command-line PHP applications.","keywords":["symfony","php","cli","error","console","command-line","laravel","handling","artisan","laravel-zero"],"homepage":"","version":"v1.1.15","version_normalized":"1.1.15.0","license":["MIT"],"authors":[{"name":"Nuno Maduro","email":"enunomaduro@gmail.com"}],"source":{"type":"git","url":"https://github.com/nunomaduro/collision.git","reference":"b1edf8086c12df42e2ef2a51edda35a3550fbd28"},"dist":{"type":"zip","url":"https://api.github.com/repos/nunomaduro/collision/zipball/b1edf8086c12df42e2ef2a51edda35a3550fbd28","reference":"b1edf8086c12df42e2ef2a51edda35a3550fbd28","shasum":""},"type":"library","time":"2017-12-17T20:48:36+00:00","autoload":{"psr-4":{"NunoMaduro\\Collision\\":"src/"}},"extra":{"laravel":{"providers":["NunoMaduro\\Collision\\Adapters\\Laravel\\CollisionServiceProvider"]}},"require":{"php":"^7.1","filp/whoops":"^2.1.4","symfony/console":"~2.8|~3.3|~4.0"},"uid":1794936},"v1.1.16":{"name":"nunomaduro/collision","description":"Cli error handling for console/command-line PHP applications.","keywords":["symfony","php","cli","error","console","command-line","laravel","handling","artisan","laravel-zero"],"homepage":"","version":"v1.1.16","version_normalized":"1.1.16.0","license":["MIT"],"authors":[{"name":"Nuno Maduro","email":"enunomaduro@gmail.com"}],"source":{"type":"git","url":"https://github.com/nunomaduro/collision.git","reference":"12d1dc55ecafcdcb83ebdc1af9d7cb4f7608c4e3"},"dist":{"type":"zip","url":"https://api.github.com/repos/nunomaduro/collision/zipball/12d1dc55ecafcdcb83ebdc1af9d7cb4f7608c4e3","reference":"12d1dc55ecafcdcb83ebdc1af9d7cb4f7608c4e3","shasum":""},"type":"library","time":"2017-12-17T21:12:10+00:00","autoload":{"psr-4":{"NunoMaduro\\Collision\\":"src/"}},"extra":{"laravel":{"providers":["NunoMaduro\\Collision\\Adapters\\Laravel\\CollisionServiceProvider"]}},"require":{"php":"^7.1","filp/whoops":"^2.1.4","symfony/console":"~2.8|~3.3|~4.0"},"uid":1794950},"v1.1.17":{"name":"nunomaduro/collision","description":"Cli error handling for console/command-line PHP applications.","keywords":["symfony","php","cli","error","console","command-line","laravel","handling","artisan","laravel-zero"],"homepage":"","version":"v1.1.17","version_normalized":"1.1.17.0","license":["MIT"],"authors":[{"name":"Nuno Maduro","email":"enunomaduro@gmail.com"}],"source":{"type":"git","url":"https://github.com/nunomaduro/collision.git","reference":"312f56cf740185ed831301096890a54ea5a02eb9"},"dist":{"type":"zip","url":"https://api.github.com/repos/nunomaduro/collision/zipball/312f56cf740185ed831301096890a54ea5a02eb9","reference":"312f56cf740185ed831301096890a54ea5a02eb9","shasum":""},"type":"library","time":"2017-12-19T20:01:32+00:00","autoload":{"psr-4":{"NunoMaduro\\Collision\\":"src/"}},"extra":{"laravel":{"providers":["NunoMaduro\\Collision\\Adapters\\Laravel\\CollisionServiceProvider"]}},"require":{"php":"^7.1","filp/whoops":"^2.1.4","symfony/console":"~2.8|~3.3|~4.0"},"require-dev":{"phpunit/phpunit":"~6.5"},"uid":1799395},"v1.1.18":{"name":"nunomaduro/collision","description":"Cli error handling for console/command-line PHP applications.","keywords":["symfony","php","cli","error","console","command-line","laravel","handling","artisan","laravel-zero"],"homepage":"","version":"v1.1.18","version_normalized":"1.1.18.0","license":["MIT"],"authors":[{"name":"Nuno Maduro","email":"enunomaduro@gmail.com"}],"source":{"type":"git","url":"https://github.com/nunomaduro/collision.git","reference":"b117d73eadcf7dd490faeaaa80ddde2bdb03bf1f"},"dist":{"type":"zip","url":"https://api.github.com/repos/nunomaduro/collision/zipball/b117d73eadcf7dd490faeaaa80ddde2bdb03bf1f","reference":"b117d73eadcf7dd490faeaaa80ddde2bdb03bf1f","shasum":""},"type":"library","time":"2017-12-22T21:57:56+00:00","autoload":{"psr-4":{"NunoMaduro\\Collision\\":"src/"}},"extra":{"laravel":{"providers":["NunoMaduro\\Collision\\Adapters\\Laravel\\CollisionServiceProvider"]}},"require":{"php":"^7.1","filp/whoops":"^2.1.4","symfony/console":"~2.8|~3.3|~4.0"},"require-dev":{"phpunit/phpunit":"~6.5"},"uid":1806387},"v1.1.19":{"name":"nunomaduro/collision","description":"Cli error handling for console/command-line PHP applications.","keywords":["symfony","php","cli","error","console","command-line","laravel","handling","artisan","laravel-zero"],"homepage":"","version":"v1.1.19","version_normalized":"1.1.19.0","license":["MIT"],"authors":[{"name":"Nuno Maduro","email":"enunomaduro@gmail.com"}],"source":{"type":"git","url":"https://github.com/nunomaduro/collision.git","reference":"c6384cb9962721e3b4ee9551c2ea564fdc5577fa"},"dist":{"type":"zip","url":"https://api.github.com/repos/nunomaduro/collision/zipball/c6384cb9962721e3b4ee9551c2ea564fdc5577fa","reference":"c6384cb9962721e3b4ee9551c2ea564fdc5577fa","shasum":""},"type":"library","time":"2018-01-10T21:11:37+00:00","autoload":{"psr-4":{"NunoMaduro\\Collision\\":"src/"}},"extra":{"laravel":{"providers":["NunoMaduro\\Collision\\Adapters\\Laravel\\CollisionServiceProvider"]}},"require":{"php":"^7.1","filp/whoops":"^2.1.4","symfony/console":"~2.8|~3.3|~4.0"},"require-dev":{"phpunit/phpunit":"~6.5","laravel/framework":"5.5.*"},"uid":1835981},"v1.1.2":{"name":"nunomaduro/collision","description":"Cli error handling for console/command-line PHP applications.","keywords":["symfony","php","cli","error","console","command-line","laravel","handling","artisan","laravel-zero"],"homepage":"","version":"v1.1.2","version_normalized":"1.1.2.0","license":["MIT"],"authors":[{"name":"Nuno Maduro","email":"enunomaduro@gmail.com"}],"source":{"type":"git","url":"https://github.com/nunomaduro/collision.git","reference":"74e11a78e621e32a785161d71094b6eff93349da"},"dist":{"type":"zip","url":"https://api.github.com/repos/nunomaduro/collision/zipball/74e11a78e621e32a785161d71094b6eff93349da","reference":"74e11a78e621e32a785161d71094b6eff93349da","shasum":""},"type":"library","time":"2017-10-11T22:43:44+00:00","autoload":{"psr-4":{"NunoMaduro\\Collision\\":"src/"}},"extra":{"laravel":{"providers":["NunoMaduro\\Collision\\Adapters\\Laravel\\CollisionServiceProvider"]}},"require":{"php":">=7.1","filp/whoops":"^2.1.4","symfony/console":"~3.3"},"uid":1660643},"v1.1.20":{"name":"nunomaduro/collision","description":"Cli error handling for console/command-line PHP applications.","keywords":["symfony","php","cli","error","console","command-line","laravel","handling","artisan","laravel-zero"],"homepage":"","version":"v1.1.20","version_normalized":"1.1.20.0","license":["MIT"],"authors":[{"name":"Nuno Maduro","email":"enunomaduro@gmail.com"}],"source":{"type":"git","url":"https://github.com/nunomaduro/collision.git","reference":"6db3dc2d9a357a85534292d7a4f00e731d3c81aa"},"dist":{"type":"zip","url":"https://api.github.com/repos/nunomaduro/collision/zipball/6db3dc2d9a357a85534292d7a4f00e731d3c81aa","reference":"6db3dc2d9a357a85534292d7a4f00e731d3c81aa","shasum":""},"type":"library","time":"2018-01-10T22:08:37+00:00","autoload":{"psr-4":{"NunoMaduro\\Collision\\":"src/"}},"extra":{"laravel":{"providers":["NunoMaduro\\Collision\\Adapters\\Laravel\\CollisionServiceProvider"]}},"require":{"php":"^7.1","filp/whoops":"^2.1.4","symfony/console":"~2.8|~3.3|~4.0"},"require-dev":{"phpunit/phpunit":"~6.5","laravel/framework":"5.5.*"},"uid":1836030},"v1.1.21":{"name":"nunomaduro/collision","description":"Cli error handling for console/command-line PHP applications.","keywords":["symfony","php","cli","error","console","command-line","laravel","handling","artisan","laravel-zero"],"homepage":"","version":"v1.1.21","version_normalized":"1.1.21.0","license":["MIT"],"authors":[{"name":"Nuno Maduro","email":"enunomaduro@gmail.com"}],"source":{"type":"git","url":"https://github.com/nunomaduro/collision.git","reference":"80f46ba5646ede4c6f6071e48a4b476a6b5c740f"},"dist":{"type":"zip","url":"https://api.github.com/repos/nunomaduro/collision/zipball/80f46ba5646ede4c6f6071e48a4b476a6b5c740f","reference":"80f46ba5646ede4c6f6071e48a4b476a6b5c740f","shasum":""},"type":"library","time":"2018-01-18T22:43:42+00:00","autoload":{"psr-4":{"NunoMaduro\\Collision\\":"src/"}},"extra":{"laravel":{"providers":["NunoMaduro\\Collision\\Adapters\\Laravel\\CollisionServiceProvider"]}},"require":{"php":"^7.1","filp/whoops":"^2.1.4","symfony/console":"~2.8|~3.3|~4.0"},"require-dev":{"phpunit/phpunit":"~6.5","laravel/framework":"5.5.*"},"uid":1851089},"v1.1.22":{"name":"nunomaduro/collision","description":"Cli error handling for console/command-line PHP applications.","keywords":["symfony","php","cli","error","console","command-line","laravel","handling","artisan","laravel-zero"],"homepage":"","version":"v1.1.22","version_normalized":"1.1.22.0","license":["MIT"],"authors":[{"name":"Nuno Maduro","email":"enunomaduro@gmail.com"}],"source":{"type":"git","url":"https://github.com/nunomaduro/collision.git","reference":"236609bd5a067587f600bc55c5d683b840798b22"},"dist":{"type":"zip","url":"https://api.github.com/repos/nunomaduro/collision/zipball/236609bd5a067587f600bc55c5d683b840798b22","reference":"236609bd5a067587f600bc55c5d683b840798b22","shasum":""},"type":"library","time":"2018-02-07T10:42:20+00:00","autoload":{"psr-4":{"NunoMaduro\\Collision\\":"src/"}},"extra":{"laravel":{"providers":["NunoMaduro\\Collision\\Adapters\\Laravel\\CollisionServiceProvider"]}},"require":{"php":"^7.1","filp/whoops":"^2.1.4","symfony/console":"~2.8|~3.3|~4.0"},"require-dev":{"phpunit/phpunit":"~6.5","laravel/framework":"5.5.*"},"uid":1897828},"v1.1.3":{"name":"nunomaduro/collision","description":"Cli error handling for console/command-line PHP applications.","keywords":["symfony","php","cli","error","console","command-line","laravel","handling","artisan","laravel-zero"],"homepage":"","version":"v1.1.3","version_normalized":"1.1.3.0","license":["MIT"],"authors":[{"name":"Nuno Maduro","email":"enunomaduro@gmail.com"}],"source":{"type":"git","url":"https://github.com/nunomaduro/collision.git","reference":"6be35cea338cc6e56229700607befe5f4cc16fab"},"dist":{"type":"zip","url":"https://api.github.com/repos/nunomaduro/collision/zipball/6be35cea338cc6e56229700607befe5f4cc16fab","reference":"6be35cea338cc6e56229700607befe5f4cc16fab","shasum":""},"type":"library","time":"2017-10-11T23:29:07+00:00","autoload":{"psr-4":{"NunoMaduro\\Collision\\":"src/"}},"extra":{"laravel":{"providers":["NunoMaduro\\Collision\\Adapters\\Laravel\\CollisionServiceProvider"]}},"require":{"php":">=7.1","filp/whoops":"^2.1.4","symfony/console":"~3.3"},"uid":1660670},"v1.1.4":{"name":"nunomaduro/collision","description":"Cli error handling for console/command-line PHP applications.","keywords":["symfony","php","cli","error","console","command-line","laravel","handling","artisan","laravel-zero"],"homepage":"","version":"v1.1.4","version_normalized":"1.1.4.0","license":["MIT"],"authors":[{"name":"Nuno Maduro","email":"enunomaduro@gmail.com"}],"source":{"type":"git","url":"https://github.com/nunomaduro/collision.git","reference":"e9581e545cdc2d659ae2144b3b3a645609411fd4"},"dist":{"type":"zip","url":"https://api.github.com/repos/nunomaduro/collision/zipball/e9581e545cdc2d659ae2144b3b3a645609411fd4","reference":"e9581e545cdc2d659ae2144b3b3a645609411fd4","shasum":""},"type":"library","time":"2017-10-12T18:24:48+00:00","autoload":{"psr-4":{"NunoMaduro\\Collision\\":"src/"}},"extra":{"laravel":{"providers":["NunoMaduro\\Collision\\Adapters\\Laravel\\CollisionServiceProvider"]}},"require":{"php":">=7.1","filp/whoops":"^2.1.4","symfony/console":"~3.3"},"uid":1671231},"v1.1.5":{"name":"nunomaduro/collision","description":"Cli error handling for console/command-line PHP applications.","keywords":["symfony","php","cli","error","console","command-line","laravel","handling","artisan","laravel-zero"],"homepage":"","version":"v1.1.5","version_normalized":"1.1.5.0","license":["MIT"],"authors":[{"name":"Nuno Maduro","email":"enunomaduro@gmail.com"}],"source":{"type":"git","url":"https://github.com/nunomaduro/collision.git","reference":"98f85f27aa9e40a4199dad33c3b532208a0d40e1"},"dist":{"type":"zip","url":"https://api.github.com/repos/nunomaduro/collision/zipball/98f85f27aa9e40a4199dad33c3b532208a0d40e1","reference":"98f85f27aa9e40a4199dad33c3b532208a0d40e1","shasum":""},"type":"library","time":"2017-10-17T19:42:21+00:00","autoload":{"psr-4":{"NunoMaduro\\Collision\\":"src/"}},"extra":{"laravel":{"providers":["NunoMaduro\\Collision\\Adapters\\Laravel\\CollisionServiceProvider"]}},"require":{"php":"^7.1","filp/whoops":"^2.1.4","symfony/console":"~2.8|~3.3"},"uid":1671232},"v1.1.6":{"name":"nunomaduro/collision","description":"Cli error handling for console/command-line PHP applications.","keywords":["symfony","php","cli","error","console","command-line","laravel","handling","artisan","laravel-zero"],"homepage":"","version":"v1.1.6","version_normalized":"1.1.6.0","license":["MIT"],"authors":[{"name":"Nuno Maduro","email":"enunomaduro@gmail.com"}],"source":{"type":"git","url":"https://github.com/nunomaduro/collision.git","reference":"e5ab3adab581a9a6c59ee4c786e7ecab79883fd6"},"dist":{"type":"zip","url":"https://api.github.com/repos/nunomaduro/collision/zipball/e5ab3adab581a9a6c59ee4c786e7ecab79883fd6","reference":"e5ab3adab581a9a6c59ee4c786e7ecab79883fd6","shasum":""},"type":"library","time":"2017-10-22T17:58:30+00:00","autoload":{"psr-4":{"NunoMaduro\\Collision\\":"src/"}},"extra":{"laravel":{"providers":["NunoMaduro\\Collision\\Adapters\\Laravel\\CollisionServiceProvider"]}},"require":{"php":"^7.1","filp/whoops":"^2.1.4","symfony/console":"~2.8|~3.3"},"uid":1680928},"v1.1.7":{"name":"nunomaduro/collision","description":"Cli error handling for console/command-line PHP applications.","keywords":["symfony","php","cli","error","console","command-line","laravel","handling","artisan","laravel-zero"],"homepage":"","version":"v1.1.7","version_normalized":"1.1.7.0","license":["MIT"],"authors":[{"name":"Nuno Maduro","email":"enunomaduro@gmail.com"}],"source":{"type":"git","url":"https://github.com/nunomaduro/collision.git","reference":"6b5c0bd55f2768e16c5fb32085c1af22b48e6aea"},"dist":{"type":"zip","url":"https://api.github.com/repos/nunomaduro/collision/zipball/6b5c0bd55f2768e16c5fb32085c1af22b48e6aea","reference":"6b5c0bd55f2768e16c5fb32085c1af22b48e6aea","shasum":""},"type":"library","time":"2017-11-05T21:27:51+00:00","autoload":{"psr-4":{"NunoMaduro\\Collision\\":"src/"}},"extra":{"laravel":{"providers":["NunoMaduro\\Collision\\Adapters\\Laravel\\CollisionServiceProvider"]}},"require":{"php":"^7.1","filp/whoops":"^2.1.4","symfony/console":"~2.8|~3.3"},"uid":1706496},"v1.1.8":{"name":"nunomaduro/collision","description":"Cli error handling for console/command-line PHP applications.","keywords":["symfony","php","cli","error","console","command-line","laravel","handling","artisan","laravel-zero"],"homepage":"","version":"v1.1.8","version_normalized":"1.1.8.0","license":["MIT"],"authors":[{"name":"Nuno Maduro","email":"enunomaduro@gmail.com"}],"source":{"type":"git","url":"https://github.com/nunomaduro/collision.git","reference":"4958cf29a6fb342101ecf64965a45598f0444f1e"},"dist":{"type":"zip","url":"https://api.github.com/repos/nunomaduro/collision/zipball/4958cf29a6fb342101ecf64965a45598f0444f1e","reference":"4958cf29a6fb342101ecf64965a45598f0444f1e","shasum":""},"type":"library","time":"2017-11-05T21:32:49+00:00","autoload":{"psr-4":{"NunoMaduro\\Collision\\":"src/"}},"extra":{"laravel":{"providers":["NunoMaduro\\Collision\\Adapters\\Laravel\\CollisionServiceProvider"]}},"require":{"php":"^7.1","filp/whoops":"^2.1.4","symfony/console":"~2.8|~3.3"},"uid":1706502},"v1.1.9":{"name":"nunomaduro/collision","description":"Cli error handling for console/command-line PHP applications.","keywords":["symfony","php","cli","error","console","command-line","laravel","handling","artisan","laravel-zero"],"homepage":"","version":"v1.1.9","version_normalized":"1.1.9.0","license":["MIT"],"authors":[{"name":"Nuno Maduro","email":"enunomaduro@gmail.com"}],"source":{"type":"git","url":"https://github.com/nunomaduro/collision.git","reference":"276db430a4b1c12caf8d0a47cac73cf2aa4bffe4"},"dist":{"type":"zip","url":"https://api.github.com/repos/nunomaduro/collision/zipball/276db430a4b1c12caf8d0a47cac73cf2aa4bffe4","reference":"276db430a4b1c12caf8d0a47cac73cf2aa4bffe4","shasum":""},"type":"library","time":"2017-11-15T21:15:11+00:00","autoload":{"psr-4":{"NunoMaduro\\Collision\\":"src/"}},"extra":{"laravel":{"providers":["NunoMaduro\\Collision\\Adapters\\Laravel\\CollisionServiceProvider"]}},"require":{"php":"^7.1","filp/whoops":"^2.1.4","symfony/console":"~2.8|~3.3"},"uid":1729543},"v2.0.0":{"name":"nunomaduro/collision","description":"Cli error handling for console/command-line PHP applications.","keywords":["symfony","php","cli","error","console","command-line","laravel","handling","artisan","laravel-zero"],"homepage":"","version":"v2.0.0","version_normalized":"2.0.0.0","license":["MIT"],"authors":[{"name":"Nuno Maduro","email":"enunomaduro@gmail.com"}],"source":{"type":"git","url":"https://github.com/nunomaduro/collision.git","reference":"4e310ef9384f53ee8dda8736afb3cbaf320753a0"},"dist":{"type":"zip","url":"https://api.github.com/repos/nunomaduro/collision/zipball/4e310ef9384f53ee8dda8736afb3cbaf320753a0","reference":"4e310ef9384f53ee8dda8736afb3cbaf320753a0","shasum":""},"type":"library","time":"2018-02-18T12:29:27+00:00","autoload":{"psr-4":{"NunoMaduro\\Collision\\":"src/"}},"extra":{"laravel":{"providers":["NunoMaduro\\Collision\\Adapters\\Laravel\\CollisionServiceProvider"]}},"require":{"php":"^7.1","filp/whoops":"^2.1.4","symfony/console":"~2.8|~3.3|~4.0","jakub-onderka/php-console-highlighter":"0.3.*"},"require-dev":{"phpunit/phpunit":"~7.0","laravel/framework":"5.6.*"},"uid":1923792},"v2.0.1":{"name":"nunomaduro/collision","description":"Cli error handling for console/command-line PHP applications.","keywords":["symfony","php","cli","error","console","command-line","laravel","handling","artisan","laravel-zero"],"homepage":"","version":"v2.0.1","version_normalized":"2.0.1.0","license":["MIT"],"authors":[{"name":"Nuno Maduro","email":"enunomaduro@gmail.com"}],"source":{"type":"git","url":"https://github.com/nunomaduro/collision.git","reference":"e60011a179d97f33ee394865b1cec472247df3b9"},"dist":{"type":"zip","url":"https://api.github.com/repos/nunomaduro/collision/zipball/e60011a179d97f33ee394865b1cec472247df3b9","reference":"e60011a179d97f33ee394865b1cec472247df3b9","shasum":""},"type":"library","time":"2018-03-20T21:27:23+00:00","autoload":{"psr-4":{"NunoMaduro\\Collision\\":"src/"}},"extra":{"laravel":{"providers":["NunoMaduro\\Collision\\Adapters\\Laravel\\CollisionServiceProvider"]}},"require":{"php":"^7.1","filp/whoops":"^2.1.4","symfony/console":"~2.8|~3.3|~4.0","jakub-onderka/php-console-highlighter":"0.3.*"},"require-dev":{"phpunit/phpunit":"~7.0","laravel/framework":"5.6.*"},"uid":2011360},"v2.0.2":{"name":"nunomaduro/collision","description":"Cli error handling for console/command-line PHP applications.","keywords":["symfony","php","cli","error","console","command-line","laravel","handling","artisan","laravel-zero"],"homepage":"","version":"v2.0.2","version_normalized":"2.0.2.0","license":["MIT"],"authors":[{"name":"Nuno Maduro","email":"enunomaduro@gmail.com"}],"source":{"type":"git","url":"https://github.com/nunomaduro/collision.git","reference":"245958b02c6a9edf24627380f368333ac5413a51"},"dist":{"type":"zip","url":"https://api.github.com/repos/nunomaduro/collision/zipball/245958b02c6a9edf24627380f368333ac5413a51","reference":"245958b02c6a9edf24627380f368333ac5413a51","shasum":""},"type":"library","time":"2018-03-21T20:11:24+00:00","autoload":{"psr-4":{"NunoMaduro\\Collision\\":"src/"}},"extra":{"laravel":{"providers":["NunoMaduro\\Collision\\Adapters\\Laravel\\CollisionServiceProvider"]}},"require":{"php":"^7.1","filp/whoops":"^2.1.4","symfony/console":"~2.8|~3.3|~4.0","jakub-onderka/php-console-highlighter":"0.3.*"},"require-dev":{"phpunit/phpunit":"~7.0","laravel/framework":"5.6.*"},"uid":2016831},"v2.0.3":{"name":"nunomaduro/collision","description":"Cli error handling for console/command-line PHP applications.","keywords":["symfony","php","cli","error","console","command-line","laravel","handling","artisan","laravel-zero"],"homepage":"","version":"v2.0.3","version_normalized":"2.0.3.0","license":["MIT"],"authors":[{"name":"Nuno Maduro","email":"enunomaduro@gmail.com"}],"source":{"type":"git","url":"https://github.com/nunomaduro/collision.git","reference":"b1f606399ae77e9479b5597cd1aa3d8ea0078176"},"dist":{"type":"zip","url":"https://api.github.com/repos/nunomaduro/collision/zipball/b1f606399ae77e9479b5597cd1aa3d8ea0078176","reference":"b1f606399ae77e9479b5597cd1aa3d8ea0078176","shasum":""},"type":"library","time":"2018-06-16T22:05:52+00:00","autoload":{"psr-4":{"NunoMaduro\\Collision\\":"src/"}},"extra":{"laravel":{"providers":["NunoMaduro\\Collision\\Adapters\\Laravel\\CollisionServiceProvider"]}},"require":{"php":"^7.1","filp/whoops":"^2.1.4","symfony/console":"~2.8|~3.3|~4.0","jakub-onderka/php-console-highlighter":"0.3.*"},"require-dev":{"phpunit/phpunit":"~7.2","phpstan/phpstan":"^0.9.2","laravel/framework":"5.6.*"},"uid":2268079},"v2.1.0":{"name":"nunomaduro/collision","description":"Cli error handling for console/command-line PHP applications.","keywords":["symfony","php","cli","error","console","command-line","laravel","handling","artisan","laravel-zero"],"homepage":"","version":"v2.1.0","version_normalized":"2.1.0.0","license":["MIT"],"authors":[{"name":"Nuno Maduro","email":"enunomaduro@gmail.com"}],"source":{"type":"git","url":"https://github.com/nunomaduro/collision.git","reference":"1149ad9f36f61b121ae61f5f6de820fc77b51e6b"},"dist":{"type":"zip","url":"https://api.github.com/repos/nunomaduro/collision/zipball/1149ad9f36f61b121ae61f5f6de820fc77b51e6b","reference":"1149ad9f36f61b121ae61f5f6de820fc77b51e6b","shasum":""},"type":"library","time":"2018-10-03T20:01:54+00:00","autoload":{"psr-4":{"NunoMaduro\\Collision\\":"src/"}},"extra":{"laravel":{"providers":["NunoMaduro\\Collision\\Adapters\\Laravel\\CollisionServiceProvider"]}},"require":{"php":"^7.1","filp/whoops":"^2.1.4","symfony/console":"~2.8|~3.3|~4.0","jakub-onderka/php-console-highlighter":"0.3.*"},"require-dev":{"phpunit/phpunit":"~7.3","phpstan/phpstan":"^0.10","laravel/framework":"5.7.*"},"uid":2500044},"v2.1.1":{"name":"nunomaduro/collision","description":"Cli error handling for console/command-line PHP applications.","keywords":["symfony","php","cli","error","console","command-line","laravel","handling","artisan","laravel-zero"],"homepage":"","version":"v2.1.1","version_normalized":"2.1.1.0","license":["MIT"],"authors":[{"name":"Nuno Maduro","email":"enunomaduro@gmail.com"}],"source":{"type":"git","url":"https://github.com/nunomaduro/collision.git","reference":"b5feb0c0d92978ec7169232ce5d70d6da6b29f63"},"dist":{"type":"zip","url":"https://api.github.com/repos/nunomaduro/collision/zipball/b5feb0c0d92978ec7169232ce5d70d6da6b29f63","reference":"b5feb0c0d92978ec7169232ce5d70d6da6b29f63","shasum":""},"type":"library","time":"2018-11-21T21:40:54+00:00","autoload":{"psr-4":{"NunoMaduro\\Collision\\":"src/"}},"extra":{"laravel":{"providers":["NunoMaduro\\Collision\\Adapters\\Laravel\\CollisionServiceProvider"]}},"require":{"php":"^7.1","filp/whoops":"^2.1.4","symfony/console":"~2.8|~3.3|~4.0","jakub-onderka/php-console-highlighter":"0.3.*|0.4.*"},"require-dev":{"laravel/framework":"5.7.*","nunomaduro/larastan":"^0.3.0","phpstan/phpstan":"^0.10","phpunit/phpunit":"~7.3"},"uid":2593754},"v3.0.0":{"name":"nunomaduro/collision","description":"Cli error handling for console/command-line PHP applications.","keywords":["symfony","php","cli","error","console","command-line","laravel","handling","artisan","laravel-zero"],"homepage":"","version":"v3.0.0","version_normalized":"3.0.0.0","license":["MIT"],"authors":[{"name":"Nuno Maduro","email":"enunomaduro@gmail.com"}],"source":{"type":"git","url":"https://github.com/nunomaduro/collision.git","reference":"af42d339fe2742295a54f6fdd42aaa6f8c4aca68"},"dist":{"type":"zip","url":"https://api.github.com/repos/nunomaduro/collision/zipball/af42d339fe2742295a54f6fdd42aaa6f8c4aca68","reference":"af42d339fe2742295a54f6fdd42aaa6f8c4aca68","shasum":""},"type":"library","time":"2019-03-07T21:35:13+00:00","autoload":{"psr-4":{"NunoMaduro\\Collision\\":"src/"}},"extra":{"laravel":{"providers":["NunoMaduro\\Collision\\Adapters\\Laravel\\CollisionServiceProvider"]}},"require":{"php":"^7.1","filp/whoops":"^2.1.4","symfony/console":"~2.8|~3.3|~4.0","jakub-onderka/php-console-highlighter":"0.3.*|0.4.*"},"require-dev":{"laravel/framework":"5.8.*","nunomaduro/larastan":"^0.3.0","phpstan/phpstan":"^0.11","phpunit/phpunit":"~8.0"},"uid":2819095},"v3.0.1":{"name":"nunomaduro/collision","description":"Cli error handling for console/command-line PHP applications.","keywords":["symfony","php","cli","error","console","command-line","laravel","handling","artisan","laravel-zero"],"homepage":"","version":"v3.0.1","version_normalized":"3.0.1.0","license":["MIT"],"authors":[{"name":"Nuno Maduro","email":"enunomaduro@gmail.com"}],"source":{"type":"git","url":"https://github.com/nunomaduro/collision.git","reference":"af42d339fe2742295a54f6fdd42aaa6f8c4aca68"},"dist":{"type":"zip","url":"https://api.github.com/repos/nunomaduro/collision/zipball/af42d339fe2742295a54f6fdd42aaa6f8c4aca68","reference":"af42d339fe2742295a54f6fdd42aaa6f8c4aca68","shasum":""},"type":"library","time":"2019-03-07T21:35:13+00:00","autoload":{"psr-4":{"NunoMaduro\\Collision\\":"src/"}},"extra":{"laravel":{"providers":["NunoMaduro\\Collision\\Adapters\\Laravel\\CollisionServiceProvider"]}},"require":{"php":"^7.1","filp/whoops":"^2.1.4","symfony/console":"~2.8|~3.3|~4.0","jakub-onderka/php-console-highlighter":"0.3.*|0.4.*"},"require-dev":{"laravel/framework":"5.8.*","nunomaduro/larastan":"^0.3.0","phpstan/phpstan":"^0.11","phpunit/phpunit":"~8.0"},"uid":2819117},"v4.0.0":{"name":"nunomaduro/collision","description":"Cli error handling for console/command-line PHP applications.","keywords":["symfony","php","cli","error","console","command-line","laravel","handling","artisan","laravel-zero"],"homepage":"","version":"v4.0.0","version_normalized":"4.0.0.0","license":["MIT"],"authors":[{"name":"Nuno Maduro","email":"enunomaduro@gmail.com"}],"source":{"type":"git","url":"https://github.com/nunomaduro/collision.git","reference":"556b2ee357cd40ed5bf7d230cf2ba85528fc0714"},"dist":{"type":"zip","url":"https://api.github.com/repos/nunomaduro/collision/zipball/556b2ee357cd40ed5bf7d230cf2ba85528fc0714","reference":"556b2ee357cd40ed5bf7d230cf2ba85528fc0714","shasum":""},"type":"library","time":"2020-01-22T21:36:14+00:00","autoload":{"psr-4":{"NunoMaduro\\Collision\\":"src/"}},"extra":{"laravel":{"providers":["NunoMaduro\\Collision\\Adapters\\Laravel\\CollisionServiceProvider"]}},"require":{"php":"^7.2.5","facade/ignition-contracts":"^1.0","filp/whoops":"^2.4","jakub-onderka/php-console-highlighter":"^0.4","symfony/console":"^5.0"},"require-dev":{"nunomaduro/larastan":"^0.5","phpstan/phpstan":"^0.12.3","orchestra/testbench":"^5.0","laravel/framework":"^7.0","phpunit/phpunit":"^8.5.1"},"uid":3557945},"v4.0.1":{"name":"nunomaduro/collision","description":"Cli error handling for console/command-line PHP applications.","keywords":["symfony","php","cli","error","console","command-line","laravel","handling","artisan","laravel-zero"],"homepage":"","version":"v4.0.1","version_normalized":"4.0.1.0","license":["MIT"],"authors":[{"name":"Nuno Maduro","email":"enunomaduro@gmail.com"}],"source":{"type":"git","url":"https://github.com/nunomaduro/collision.git","reference":"4f2bc853693b3b74e3083c3edfdfb4395fecf8f8"},"dist":{"type":"zip","url":"https://api.github.com/repos/nunomaduro/collision/zipball/4f2bc853693b3b74e3083c3edfdfb4395fecf8f8","reference":"4f2bc853693b3b74e3083c3edfdfb4395fecf8f8","shasum":""},"type":"library","time":"2020-01-22T21:47:54+00:00","autoload":{"psr-4":{"NunoMaduro\\Collision\\":"src/"}},"extra":{"laravel":{"providers":["NunoMaduro\\Collision\\Adapters\\Laravel\\CollisionServiceProvider"]}},"require":{"php":"^7.2.5","facade/ignition-contracts":"^1.0","filp/whoops":"^2.4","jakub-onderka/php-console-highlighter":"^0.4","symfony/console":"^5.0"},"require-dev":{"nunomaduro/larastan":"^0.5","phpstan/phpstan":"^0.12.3","orchestra/testbench":"^5.0","laravel/framework":"^7.0","phpunit/phpunit":"^8.5.1"},"uid":3557953}}}}