{"packages":{"voku/portable-ascii":{"1.0.0":{"name":"voku/portable-ascii","description":"Portable ASCII library - performance optimized (ascii) string functions for php.","keywords":["php","ascii","clean"],"homepage":"https://github.com/voku/portable-ascii","version":"1.0.0","version_normalized":"1.0.0.0","license":["MIT"],"authors":[{"name":"Lars Moelleken","homepage":"http://www.moelleken.org/"}],"source":{"type":"git","url":"https://github.com/voku/portable-ascii.git","reference":"81f049ce8779aa85e2292b8031fc25ddc5231ade"},"dist":{"type":"zip","url":"https://api.github.com/repos/voku/portable-ascii/zipball/81f049ce8779aa85e2292b8031fc25ddc5231ade","reference":"81f049ce8779aa85e2292b8031fc25ddc5231ade","shasum":""},"type":"library","time":"2019-09-05T16:54:55+00:00","autoload":{"psr-4":{"voku\\":"src/voku/","voku\\tests\\":"tests/"}},"require":{"php":">=7.0.0"},"require-dev":{"phpunit/phpunit":"~6.0 || ~7.0"},"suggest":{"ext-intl":"Use Intl for transliterator_transliterate() support"},"uid":3213802},"1.1.0":{"name":"voku/portable-ascii","description":"Portable ASCII library - performance optimized (ascii) string functions for php.","keywords":["php","ascii","clean"],"homepage":"https://github.com/voku/portable-ascii","version":"1.1.0","version_normalized":"1.1.0.0","license":["MIT"],"authors":[{"name":"Lars Moelleken","homepage":"http://www.moelleken.org/"}],"source":{"type":"git","url":"https://github.com/voku/portable-ascii.git","reference":"b018c8d1caef9c038824eee01e297838eb275d7d"},"dist":{"type":"zip","url":"https://api.github.com/repos/voku/portable-ascii/zipball/b018c8d1caef9c038824eee01e297838eb275d7d","reference":"b018c8d1caef9c038824eee01e297838eb275d7d","shasum":""},"type":"library","time":"2019-09-06T22:26:25+00:00","autoload":{"psr-4":{"voku\\":"src/voku/","voku\\tests\\":"tests/"}},"require":{"php":">=7.0.0"},"require-dev":{"phpunit/phpunit":"~6.0 || ~7.0"},"suggest":{"ext-intl":"Use Intl for transliterator_transliterate() support"},"uid":3217752},"1.2.0":{"name":"voku/portable-ascii","description":"Portable ASCII library - performance optimized (ascii) string functions for php.","keywords":["php","ascii","clean"],"homepage":"https://github.com/voku/portable-ascii","version":"1.2.0","version_normalized":"1.2.0.0","license":["MIT"],"authors":[{"name":"Lars Moelleken","homepage":"http://www.moelleken.org/"}],"source":{"type":"git","url":"https://github.com/voku/portable-ascii.git","reference":"6281c772b136e433348a8fd445f23c108bf54329"},"dist":{"type":"zip","url":"https://api.github.com/repos/voku/portable-ascii/zipball/6281c772b136e433348a8fd445f23c108bf54329","reference":"6281c772b136e433348a8fd445f23c108bf54329","shasum":""},"type":"library","time":"2019-09-06T22:47:15+00:00","autoload":{"psr-4":{"voku\\":"src/voku/","voku\\tests\\":"tests/"}},"require":{"php":">=7.0.0"},"require-dev":{"phpunit/phpunit":"~6.0 || ~7.0"},"suggest":{"ext-intl":"Use Intl for transliterator_transliterate() support"},"uid":3217765},"1.2.1":{"name":"voku/portable-ascii","description":"Portable ASCII library - performance optimized (ascii) string functions for php.","keywords":["php","ascii","clean"],"homepage":"https://github.com/voku/portable-ascii","version":"1.2.1","version_normalized":"1.2.1.0","license":["MIT"],"authors":[{"name":"Lars Moelleken","homepage":"http://www.moelleken.org/"}],"source":{"type":"git","url":"https://github.com/voku/portable-ascii.git","reference":"dffbceda245fe7a07e1948cc79a9ca885b68aa53"},"dist":{"type":"zip","url":"https://api.github.com/repos/voku/portable-ascii/zipball/dffbceda245fe7a07e1948cc79a9ca885b68aa53","reference":"dffbceda245fe7a07e1948cc79a9ca885b68aa53","shasum":""},"type":"library","time":"2019-09-07T00:53:19+00:00","autoload":{"psr-4":{"voku\\":"src/voku/","voku\\tests\\":"tests/"}},"require":{"php":">=7.0.0"},"require-dev":{"phpunit/phpunit":"~6.0 || ~7.0"},"suggest":{"ext-intl":"Use Intl for transliterator_transliterate() support"},"uid":3217838},"1.2.2":{"name":"voku/portable-ascii","description":"Portable ASCII library - performance optimized (ascii) string functions for php.","keywords":["php","ascii","clean"],"homepage":"https://github.com/voku/portable-ascii","version":"1.2.2","version_normalized":"1.2.2.0","license":["MIT"],"authors":[{"name":"Lars Moelleken","homepage":"http://www.moelleken.org/"}],"source":{"type":"git","url":"https://github.com/voku/portable-ascii.git","reference":"dcf442df263e58d7b5f3a6565e12f712eae44f88"},"dist":{"type":"zip","url":"https://api.github.com/repos/voku/portable-ascii/zipball/dcf442df263e58d7b5f3a6565e12f712eae44f88","reference":"dcf442df263e58d7b5f3a6565e12f712eae44f88","shasum":""},"type":"library","time":"2019-09-10T05:08:41+00:00","autoload":{"psr-4":{"voku\\":"src/voku/","voku\\tests\\":"tests/"}},"require":{"php":">=7.0.0"},"require-dev":{"phpunit/phpunit":"~6.0 || ~7.0"},"suggest":{"ext-intl":"Use Intl for transliterator_transliterate() support"},"uid":3223559},"1.2.3":{"name":"voku/portable-ascii","description":"Portable ASCII library - performance optimized (ascii) string functions for php.","keywords":["php","ascii","clean"],"homepage":"https://github.com/voku/portable-ascii","version":"1.2.3","version_normalized":"1.2.3.0","license":["MIT"],"authors":[{"name":"Lars Moelleken","homepage":"http://www.moelleken.org/"}],"source":{"type":"git","url":"https://github.com/voku/portable-ascii.git","reference":"d29f78e8ead9cfef6a09208c27716737c1ac56be"},"dist":{"type":"zip","url":"https://api.github.com/repos/voku/portable-ascii/zipball/d29f78e8ead9cfef6a09208c27716737c1ac56be","reference":"d29f78e8ead9cfef6a09208c27716737c1ac56be","shasum":""},"type":"library","time":"2019-09-10T13:53:07+00:00","autoload":{"psr-4":{"voku\\":"src/voku/","voku\\tests\\":"tests/"}},"require":{"php":">=7.0.0"},"require-dev":{"phpunit/phpunit":"~6.0 || ~7.0"},"suggest":{"ext-intl":"Use Intl for transliterator_transliterate() support"},"uid":3225067},"1.3.0":{"name":"voku/portable-ascii","description":"Portable ASCII library - performance optimized (ascii) string functions for php.","keywords":["php","ascii","clean"],"homepage":"https://github.com/voku/portable-ascii","version":"1.3.0","version_normalized":"1.3.0.0","license":["MIT"],"authors":[{"name":"Lars Moelleken","homepage":"http://www.moelleken.org/"}],"source":{"type":"git","url":"https://github.com/voku/portable-ascii.git","reference":"d3ed958330f805e5666b4fe4b56a73764a6f3f3e"},"dist":{"type":"zip","url":"https://api.github.com/repos/voku/portable-ascii/zipball/d3ed958330f805e5666b4fe4b56a73764a6f3f3e","reference":"d3ed958330f805e5666b4fe4b56a73764a6f3f3e","shasum":""},"type":"library","time":"2019-10-12T11:55:32+00:00","autoload":{"psr-4":{"voku\\":"src/voku/","voku\\tests\\":"tests/"}},"require":{"php":">=7.0.0"},"require-dev":{"phpunit/phpunit":"~6.0 || ~7.0"},"suggest":{"ext-intl":"Use Intl for transliterator_transliterate() support"},"uid":3295494},"1.3.1":{"name":"voku/portable-ascii","description":"Portable ASCII library - performance optimized (ascii) string functions for php.","keywords":["php","ascii","clean"],"homepage":"https://github.com/voku/portable-ascii","version":"1.3.1","version_normalized":"1.3.1.0","license":["MIT"],"authors":[{"name":"Lars Moelleken","homepage":"http://www.moelleken.org/"}],"source":{"type":"git","url":"https://github.com/voku/portable-ascii.git","reference":"19ab889ecde53544f7eb5dfcec57362037007fb6"},"dist":{"type":"zip","url":"https://api.github.com/repos/voku/portable-ascii/zipball/19ab889ecde53544f7eb5dfcec57362037007fb6","reference":"19ab889ecde53544f7eb5dfcec57362037007fb6","shasum":""},"type":"library","time":"2019-10-13T00:37:57+00:00","autoload":{"psr-4":{"voku\\":"src/voku/","voku\\tests\\":"tests/"}},"require":{"php":">=7.0.0"},"require-dev":{"phpunit/phpunit":"~6.0 || ~7.0"},"suggest":{"ext-intl":"Use Intl for transliterator_transliterate() support"},"uid":3296195},"1.3.2":{"name":"voku/portable-ascii","description":"Portable ASCII library - performance optimized (ascii) string functions for php.","keywords":["php","ascii","clean"],"homepage":"https://github.com/voku/portable-ascii","version":"1.3.2","version_normalized":"1.3.2.0","license":["MIT"],"authors":[{"name":"Lars Moelleken","homepage":"http://www.moelleken.org/"}],"source":{"type":"git","url":"https://github.com/voku/portable-ascii.git","reference":"10eea3c9608689b4974a071f162eb7f3e962808b"},"dist":{"type":"zip","url":"https://api.github.com/repos/voku/portable-ascii/zipball/10eea3c9608689b4974a071f162eb7f3e962808b","reference":"10eea3c9608689b4974a071f162eb7f3e962808b","shasum":""},"type":"library","time":"2019-10-14T09:23:02+00:00","autoload":{"psr-4":{"voku\\":"src/voku/","voku\\tests\\":"tests/"}},"require":{"php":">=7.0.0"},"require-dev":{"phpunit/phpunit":"~6.0 || ~7.0"},"suggest":{"ext-intl":"Use Intl for transliterator_transliterate() support"},"uid":3298630},"1.3.3":{"name":"voku/portable-ascii","description":"Portable ASCII library - performance optimized (ascii) string functions for php.","keywords":["php","ascii","clean"],"homepage":"https://github.com/voku/portable-ascii","version":"1.3.3","version_normalized":"1.3.3.0","license":["MIT"],"authors":[{"name":"Lars Moelleken","homepage":"http://www.moelleken.org/"}],"source":{"type":"git","url":"https://github.com/voku/portable-ascii.git","reference":"eea459d94cf29971533adf25ec037d3ebf8aecd0"},"dist":{"type":"zip","url":"https://api.github.com/repos/voku/portable-ascii/zipball/eea459d94cf29971533adf25ec037d3ebf8aecd0","reference":"eea459d94cf29971533adf25ec037d3ebf8aecd0","shasum":""},"type":"library","time":"2019-10-14T09:31:02+00:00","autoload":{"psr-4":{"voku\\":"src/voku/","voku\\tests\\":"tests/"}},"require":{"php":">=7.0.0"},"require-dev":{"phpunit/phpunit":"~6.0 || ~7.0"},"suggest":{"ext-intl":"Use Intl for transliterator_transliterate() support"},"uid":3298657},"1.3.4":{"name":"voku/portable-ascii","description":"Portable ASCII library - performance optimized (ascii) string functions for php.","keywords":["php","ascii","clean"],"homepage":"https://github.com/voku/portable-ascii","version":"1.3.4","version_normalized":"1.3.4.0","license":["MIT"],"authors":[{"name":"Lars Moelleken","homepage":"http://www.moelleken.org/"}],"source":{"type":"git","url":"https://github.com/voku/portable-ascii.git","reference":"d3553af811794c377ea2afff5494b343bcef5b76"},"dist":{"type":"zip","url":"https://api.github.com/repos/voku/portable-ascii/zipball/d3553af811794c377ea2afff5494b343bcef5b76","reference":"d3553af811794c377ea2afff5494b343bcef5b76","shasum":""},"type":"library","time":"2019-10-14T09:49:39+00:00","autoload":{"psr-4":{"voku\\":"src/voku/","voku\\tests\\":"tests/"}},"require":{"php":">=7.0.0"},"require-dev":{"phpunit/phpunit":"~6.0 || ~7.0"},"suggest":{"ext-intl":"Use Intl for transliterator_transliterate() support"},"uid":3298713},"1.3.5":{"name":"voku/portable-ascii","description":"Portable ASCII library - performance optimized (ascii) string functions for php.","keywords":["php","ascii","clean"],"homepage":"https://github.com/voku/portable-ascii","version":"1.3.5","version_normalized":"1.3.5.0","license":["MIT"],"authors":[{"name":"Lars Moelleken","homepage":"http://www.moelleken.org/"}],"source":{"type":"git","url":"https://github.com/voku/portable-ascii.git","reference":"056000d679a44b06ee61a63114f587cde066b1a8"},"dist":{"type":"zip","url":"https://api.github.com/repos/voku/portable-ascii/zipball/056000d679a44b06ee61a63114f587cde066b1a8","reference":"056000d679a44b06ee61a63114f587cde066b1a8","shasum":""},"type":"library","time":"2019-11-11T16:55:47+00:00","autoload":{"psr-4":{"voku\\":"src/voku/","voku\\tests\\":"tests/"}},"require":{"php":">=7.0.0"},"require-dev":{"phpunit/phpunit":"~6.0 || ~7.0"},"suggest":{"ext-intl":"Use Intl for transliterator_transliterate() support"},"uid":3368371},"1.3.6":{"name":"voku/portable-ascii","description":"Portable ASCII library - performance optimized (ascii) string functions for php.","keywords":["php","ascii","clean"],"homepage":"https://github.com/voku/portable-ascii","version":"1.3.6","version_normalized":"1.3.6.0","license":["MIT"],"authors":[{"name":"Lars Moelleken","homepage":"http://www.moelleken.org/"}],"source":{"type":"git","url":"https://github.com/voku/portable-ascii.git","reference":"50be4c32f8a52d33cc6fe6aae6a875c326a80060"},"dist":{"type":"zip","url":"https://api.github.com/repos/voku/portable-ascii/zipball/50be4c32f8a52d33cc6fe6aae6a875c326a80060","reference":"50be4c32f8a52d33cc6fe6aae6a875c326a80060","shasum":""},"type":"library","time":"2019-12-12T23:55:16+00:00","autoload":{"psr-4":{"voku\\":"src/voku/","voku\\tests\\":"tests/"}},"require":{"php":">=7.0.0"},"require-dev":{"phpunit/phpunit":"~6.0 || ~7.0"},"suggest":{"ext-intl":"Use Intl for transliterator_transliterate() support"},"uid":3453329},"1.4.0":{"name":"voku/portable-ascii","description":"Portable ASCII library - performance optimized (ascii) string functions for php.","keywords":["php","ascii","clean"],"homepage":"https://github.com/voku/portable-ascii","version":"1.4.0","version_normalized":"1.4.0.0","license":["MIT"],"authors":[{"name":"Lars Moelleken","homepage":"http://www.moelleken.org/"}],"source":{"type":"git","url":"https://github.com/voku/portable-ascii.git","reference":"e906da67cf2dad57a02d574d90e5c66a8a26050c"},"dist":{"type":"zip","url":"https://api.github.com/repos/voku/portable-ascii/zipball/e906da67cf2dad57a02d574d90e5c66a8a26050c","reference":"e906da67cf2dad57a02d574d90e5c66a8a26050c","shasum":""},"type":"library","time":"2019-12-13T02:05:54+00:00","autoload":{"psr-4":{"voku\\":"src/voku/","voku\\tests\\":"tests/"}},"require":{"php":">=7.0.0"},"require-dev":{"phpunit/phpunit":"~6.0 || ~7.0"},"suggest":{"ext-intl":"Use Intl for transliterator_transliterate() support"},"uid":3453461},"1.4.1":{"name":"voku/portable-ascii","description":"Portable ASCII library - performance optimized (ascii) string functions for php.","keywords":["php","ascii","clean"],"homepage":"https://github.com/voku/portable-ascii","version":"1.4.1","version_normalized":"1.4.1.0","license":["MIT"],"authors":[{"name":"Lars Moelleken","homepage":"http://www.moelleken.org/"}],"source":{"type":"git","url":"https://github.com/voku/portable-ascii.git","reference":"01b43130417c28802f279c49b6751db7b79fd345"},"dist":{"type":"zip","url":"https://api.github.com/repos/voku/portable-ascii/zipball/01b43130417c28802f279c49b6751db7b79fd345","reference":"01b43130417c28802f279c49b6751db7b79fd345","shasum":""},"type":"library","time":"2019-12-13T02:23:00+00:00","autoload":{"psr-4":{"voku\\":"src/voku/","voku\\tests\\":"tests/"}},"require":{"php":">=7.0.0"},"require-dev":{"phpunit/phpunit":"~6.0 || ~7.0"},"suggest":{"ext-intl":"Use Intl for transliterator_transliterate() support"},"uid":3453470},"1.4.2":{"name":"voku/portable-ascii","description":"Portable ASCII library - performance optimized (ascii) string functions for php.","keywords":["php","ascii","clean"],"homepage":"https://github.com/voku/portable-ascii","version":"1.4.2","version_normalized":"1.4.2.0","license":["MIT"],"authors":[{"name":"Lars Moelleken","homepage":"http://www.moelleken.org/"}],"source":{"type":"git","url":"https://github.com/voku/portable-ascii.git","reference":"8b26da3760a6de80eb319493a7e4684f80097e41"},"dist":{"type":"zip","url":"https://api.github.com/repos/voku/portable-ascii/zipball/8b26da3760a6de80eb319493a7e4684f80097e41","reference":"8b26da3760a6de80eb319493a7e4684f80097e41","shasum":""},"type":"library","time":"2019-12-13T02:54:15+00:00","autoload":{"psr-4":{"voku\\":"src/voku/","voku\\tests\\":"tests/"}},"require":{"php":">=7.0.0"},"require-dev":{"phpunit/phpunit":"~6.0 || ~7.0"},"suggest":{"ext-intl":"Use Intl for transliterator_transliterate() support"},"uid":3453499},"1.4.3":{"name":"voku/portable-ascii","description":"Portable ASCII library - performance optimized (ascii) string functions for php.","keywords":["php","ascii","clean"],"homepage":"https://github.com/voku/portable-ascii","version":"1.4.3","version_normalized":"1.4.3.0","license":["MIT"],"authors":[{"name":"Lars Moelleken","homepage":"http://www.moelleken.org/"}],"source":{"type":"git","url":"https://github.com/voku/portable-ascii.git","reference":"1551979e8da7bf4ed227b5c3783bf5fa9b4bdb09"},"dist":{"type":"zip","url":"https://api.github.com/repos/voku/portable-ascii/zipball/1551979e8da7bf4ed227b5c3783bf5fa9b4bdb09","reference":"1551979e8da7bf4ed227b5c3783bf5fa9b4bdb09","shasum":""},"type":"library","time":"2019-12-18T23:32:58+00:00","autoload":{"psr-4":{"voku\\":"src/voku/","voku\\tests\\":"tests/"}},"require":{"php":">=7.0.0"},"require-dev":{"phpunit/phpunit":"~6.0 || ~7.0"},"suggest":{"ext-intl":"Use Intl for transliterator_transliterate() support"},"uid":3469489},"1.4.4":{"name":"voku/portable-ascii","description":"Portable ASCII library - performance optimized (ascii) string functions for php.","keywords":["php","ascii","clean"],"homepage":"https://github.com/voku/portable-ascii","version":"1.4.4","version_normalized":"1.4.4.0","license":["MIT"],"authors":[{"name":"Lars Moelleken","homepage":"http://www.moelleken.org/"}],"source":{"type":"git","url":"https://github.com/voku/portable-ascii.git","reference":"ffc97edd6d2b5c7072059ae7ad7ffbf1e2214a81"},"dist":{"type":"zip","url":"https://api.github.com/repos/voku/portable-ascii/zipball/ffc97edd6d2b5c7072059ae7ad7ffbf1e2214a81","reference":"ffc97edd6d2b5c7072059ae7ad7ffbf1e2214a81","shasum":""},"type":"library","time":"2019-12-19T00:09:32+00:00","autoload":{"psr-4":{"voku\\":"src/voku/","voku\\tests\\":"tests/"}},"require":{"php":">=7.0.0"},"require-dev":{"phpunit/phpunit":"~6.0 || ~7.0"},"suggest":{"ext-intl":"Use Intl for transliterator_transliterate() support"},"uid":3469531},"1.4.5":{"name":"voku/portable-ascii","description":"Portable ASCII library - performance optimized (ascii) string functions for php.","keywords":["php","ascii","clean"],"homepage":"https://github.com/voku/portable-ascii","version":"1.4.5","version_normalized":"1.4.5.0","license":["MIT"],"authors":[{"name":"Lars Moelleken","homepage":"http://www.moelleken.org/"}],"source":{"type":"git","url":"https://github.com/voku/portable-ascii.git","reference":"8cba623f3a5af2b31ad1c70565bde4698c2834b3"},"dist":{"type":"zip","url":"https://api.github.com/repos/voku/portable-ascii/zipball/8cba623f3a5af2b31ad1c70565bde4698c2834b3","reference":"8cba623f3a5af2b31ad1c70565bde4698c2834b3","shasum":""},"type":"library","time":"2019-12-19T00:46:43+00:00","autoload":{"psr-4":{"voku\\":"src/voku/","voku\\tests\\":"tests/"}},"require":{"php":">=7.0.0"},"require-dev":{"phpunit/phpunit":"~6.0 || ~7.0"},"suggest":{"ext-intl":"Use Intl for transliterator_transliterate() support"},"uid":3469561},"1.4.6":{"name":"voku/portable-ascii","description":"Portable ASCII library - performance optimized (ascii) string functions for php.","keywords":["php","ascii","clean"],"homepage":"https://github.com/voku/portable-ascii","version":"1.4.6","version_normalized":"1.4.6.0","license":["MIT"],"authors":[{"name":"Lars Moelleken","homepage":"http://www.moelleken.org/"}],"source":{"type":"git","url":"https://github.com/voku/portable-ascii.git","reference":"8b23920025c9b040301e3d1443b302547560f48d"},"dist":{"type":"zip","url":"https://api.github.com/repos/voku/portable-ascii/zipball/8b23920025c9b040301e3d1443b302547560f48d","reference":"8b23920025c9b040301e3d1443b302547560f48d","shasum":""},"type":"library","time":"2019-12-23T12:30:26+00:00","autoload":{"psr-4":{"voku\\":"src/voku/","voku\\tests\\":"tests/"}},"require":{"php":">=7.0.0"},"require-dev":{"phpunit/phpunit":"~6.0 || ~7.0"},"suggest":{"ext-intl":"Use Intl for transliterator_transliterate() support"},"uid":3478986},"dev-master":{"name":"voku/portable-ascii","description":"Portable ASCII library - performance optimized (ascii) string functions for php.","keywords":["php","ascii","clean"],"homepage":"https://github.com/voku/portable-ascii","version":"dev-master","version_normalized":"9999999-dev","license":["MIT"],"authors":[{"name":"Lars Moelleken","homepage":"http://www.moelleken.org/"}],"source":{"type":"git","url":"https://github.com/voku/portable-ascii.git","reference":"8b23920025c9b040301e3d1443b302547560f48d"},"dist":{"type":"zip","url":"https://api.github.com/repos/voku/portable-ascii/zipball/8b23920025c9b040301e3d1443b302547560f48d","reference":"8b23920025c9b040301e3d1443b302547560f48d","shasum":""},"type":"library","time":"2019-12-23T12:30:26+00:00","autoload":{"psr-4":{"voku\\":"src/voku/","voku\\tests\\":"tests/"}},"require":{"php":">=7.0.0"},"require-dev":{"phpunit/phpunit":"~6.0 || ~7.0"},"suggest":{"ext-intl":"Use Intl for transliterator_transliterate() support"},"uid":3210598}}}}