{"packages":{"facade/flare-client-php":{"1.0.0":{"name":"facade/flare-client-php","description":"Send PHP errors to Flare","keywords":["exception","facade","reporting","flare"],"homepage":"https://github.com/facade/flare-client-php","version":"1.0.0","version_normalized":"1.0.0.0","license":["MIT"],"authors":[],"source":{"type":"git","url":"https://github.com/facade/flare-client-php.git","reference":"243e211e919352d827f85cfad43e521b8d1cdc6e"},"dist":{"type":"zip","url":"https://api.github.com/repos/facade/flare-client-php/zipball/243e211e919352d827f85cfad43e521b8d1cdc6e","reference":"243e211e919352d827f85cfad43e521b8d1cdc6e","shasum":""},"type":"library","time":"2019-08-30T14:46:27+00:00","autoload":{"psr-4":{"Facade\\FlareClient\\":"src"},"files":["src/helpers.php"]},"extra":{"branch-alias":{"dev-master":"1.0-dev"}},"require":{"php":"^7.1","illuminate/pipeline":"~5.5|~5.6|~5.7|~5.8|^6.0","symfony/http-foundation":"~3.3|~4.1","symfony/var-dumper":"^3.4|^4.0","facade/ignition-contracts":"~1.0"},"require-dev":{"larapack/dd":"^1.1","spatie/phpunit-snapshot-assertions":"^2.0","phpunit/phpunit":"^7.0"},"uid":3199038},"1.0.1":{"name":"facade/flare-client-php","description":"Send PHP errors to Flare","keywords":["exception","facade","reporting","flare"],"homepage":"https://github.com/facade/flare-client-php","version":"1.0.1","version_normalized":"1.0.1.0","license":["MIT"],"authors":[],"source":{"type":"git","url":"https://github.com/facade/flare-client-php.git","reference":"6c3509372c20255ac19b3b5583216daea0c2f992"},"dist":{"type":"zip","url":"https://api.github.com/repos/facade/flare-client-php/zipball/6c3509372c20255ac19b3b5583216daea0c2f992","reference":"6c3509372c20255ac19b3b5583216daea0c2f992","shasum":""},"type":"library","time":"2019-09-02T18:43:12+00:00","autoload":{"psr-4":{"Facade\\FlareClient\\":"src"},"files":["src/helpers.php"]},"extra":{"branch-alias":{"dev-master":"1.0-dev"}},"require":{"php":"^7.1","illuminate/pipeline":"~5.5|~5.6|~5.7|~5.8|^6.0","symfony/http-foundation":"~3.3|~4.1","symfony/var-dumper":"^3.4|^4.0","facade/ignition-contracts":"~1.0"},"require-dev":{"larapack/dd":"^1.1","spatie/phpunit-snapshot-assertions":"^2.0","phpunit/phpunit":"^7.0"},"uid":3203642},"1.0.2":{"name":"facade/flare-client-php","description":"Send PHP errors to Flare","keywords":["exception","facade","reporting","flare"],"homepage":"https://github.com/facade/flare-client-php","version":"1.0.2","version_normalized":"1.0.2.0","license":["MIT"],"authors":[],"source":{"type":"git","url":"https://github.com/facade/flare-client-php.git","reference":"d72e698798efa53f576d533d40955cae857be0ec"},"dist":{"type":"zip","url":"https://api.github.com/repos/facade/flare-client-php/zipball/d72e698798efa53f576d533d40955cae857be0ec","reference":"d72e698798efa53f576d533d40955cae857be0ec","shasum":""},"type":"library","time":"2019-09-05T19:11:51+00:00","autoload":{"psr-4":{"Facade\\FlareClient\\":"src"},"files":["src/helpers.php"]},"extra":{"branch-alias":{"dev-master":"1.0-dev"}},"require":{"php":"^7.1","illuminate/pipeline":"~5.5|~5.6|~5.7|~5.8|^6.0","symfony/http-foundation":"~3.3|~4.1","symfony/var-dumper":"^3.4|^4.0","facade/ignition-contracts":"~1.0"},"require-dev":{"larapack/dd":"^1.1","spatie/phpunit-snapshot-assertions":"^2.0","phpunit/phpunit":"^7.0"},"uid":3213976},"1.0.3":{"name":"facade/flare-client-php","description":"Send PHP errors to Flare","keywords":["exception","facade","reporting","flare"],"homepage":"https://github.com/facade/flare-client-php","version":"1.0.3","version_normalized":"1.0.3.0","license":["MIT"],"authors":[],"source":{"type":"git","url":"https://github.com/facade/flare-client-php.git","reference":"a276603dbb7b9b35636d573d5709df5816dd4d2b"},"dist":{"type":"zip","url":"https://api.github.com/repos/facade/flare-client-php/zipball/a276603dbb7b9b35636d573d5709df5816dd4d2b","reference":"a276603dbb7b9b35636d573d5709df5816dd4d2b","shasum":""},"type":"library","time":"2019-09-05T20:24:51+00:00","autoload":{"psr-4":{"Facade\\FlareClient\\":"src"},"files":["src/helpers.php"]},"extra":{"branch-alias":{"dev-master":"1.0-dev"}},"require":{"php":"^7.1","illuminate/pipeline":"~5.5|~5.6|~5.7|~5.8|^6.0","symfony/http-foundation":"~3.3|~4.1","symfony/var-dumper":"^3.4|^4.0","facade/ignition-contracts":"~1.0"},"require-dev":{"larapack/dd":"^1.1","spatie/phpunit-snapshot-assertions":"^2.0","phpunit/phpunit":"^7.0"},"uid":3214137},"1.0.4":{"name":"facade/flare-client-php","description":"Send PHP errors to Flare","keywords":["exception","facade","reporting","flare"],"homepage":"https://github.com/facade/flare-client-php","version":"1.0.4","version_normalized":"1.0.4.0","license":["MIT"],"authors":[],"source":{"type":"git","url":"https://github.com/facade/flare-client-php.git","reference":"7128b251b48f24ef64e5cddd7f8d40cc3a06fd3e"},"dist":{"type":"zip","url":"https://api.github.com/repos/facade/flare-client-php/zipball/7128b251b48f24ef64e5cddd7f8d40cc3a06fd3e","reference":"7128b251b48f24ef64e5cddd7f8d40cc3a06fd3e","shasum":""},"type":"library","time":"2019-09-11T14:19:56+00:00","autoload":{"psr-4":{"Facade\\FlareClient\\":"src"},"files":["src/helpers.php"]},"extra":{"branch-alias":{"dev-master":"1.0-dev"}},"require":{"php":"^7.1","illuminate/pipeline":"~5.5|~5.6|~5.7|~5.8|^6.0","symfony/http-foundation":"~3.3|~4.1","symfony/var-dumper":"^3.4|^4.0","facade/ignition-contracts":"~1.0"},"require-dev":{"larapack/dd":"^1.1","spatie/phpunit-snapshot-assertions":"^2.0","phpunit/phpunit":"^7.0"},"uid":3227823},"1.1.0":{"name":"facade/flare-client-php","description":"Send PHP errors to Flare","keywords":["exception","facade","reporting","flare"],"homepage":"https://github.com/facade/flare-client-php","version":"1.1.0","version_normalized":"1.1.0.0","license":["MIT"],"authors":[],"source":{"type":"git","url":"https://github.com/facade/flare-client-php.git","reference":"4de2e8062e66edadbff261ebb5baae6eccfb799c"},"dist":{"type":"zip","url":"https://api.github.com/repos/facade/flare-client-php/zipball/4de2e8062e66edadbff261ebb5baae6eccfb799c","reference":"4de2e8062e66edadbff261ebb5baae6eccfb799c","shasum":""},"type":"library","time":"2019-09-27T14:54:17+00:00","autoload":{"psr-4":{"Facade\\FlareClient\\":"src"},"files":["src/helpers.php"]},"extra":{"branch-alias":{"dev-master":"1.0-dev"}},"require":{"php":"^7.1","illuminate/pipeline":"~5.5|~5.6|~5.7|~5.8|^6.0","symfony/http-foundation":"~3.3|~4.1","symfony/var-dumper":"^3.4|^4.0","facade/ignition-contracts":"~1.0"},"require-dev":{"larapack/dd":"^1.1","spatie/phpunit-snapshot-assertions":"^2.0","phpunit/phpunit":"^7.5.16"},"uid":3263715},"1.1.1":{"name":"facade/flare-client-php","description":"Send PHP errors to Flare","keywords":["exception","facade","reporting","flare"],"homepage":"https://github.com/facade/flare-client-php","version":"1.1.1","version_normalized":"1.1.1.0","license":["MIT"],"authors":[],"source":{"type":"git","url":"https://github.com/facade/flare-client-php.git","reference":"608c2be3157b09f1868ca97ea4ddf3434ee83d63"},"dist":{"type":"zip","url":"https://api.github.com/repos/facade/flare-client-php/zipball/608c2be3157b09f1868ca97ea4ddf3434ee83d63","reference":"608c2be3157b09f1868ca97ea4ddf3434ee83d63","shasum":""},"type":"library","time":"2019-10-07T19:15:46+00:00","autoload":{"psr-4":{"Facade\\FlareClient\\":"src"},"files":["src/helpers.php"]},"extra":{"branch-alias":{"dev-master":"1.0-dev"}},"require":{"php":"^7.1","illuminate/pipeline":"~5.5|~5.6|~5.7|~5.8|^6.0","symfony/http-foundation":"~3.3|~4.1","symfony/var-dumper":"^3.4|^4.0","facade/ignition-contracts":"~1.0"},"require-dev":{"larapack/dd":"^1.1","spatie/phpunit-snapshot-assertions":"^2.0","phpunit/phpunit":"^7.5.16"},"uid":3283613},"1.1.2":{"name":"facade/flare-client-php","description":"Send PHP errors to Flare","keywords":["exception","facade","reporting","flare"],"homepage":"https://github.com/facade/flare-client-php","version":"1.1.2","version_normalized":"1.1.2.0","license":["MIT"],"authors":[],"source":{"type":"git","url":"https://github.com/facade/flare-client-php.git","reference":"04c0bbd1881942f59e27877bac3b29ba57519666"},"dist":{"type":"zip","url":"https://api.github.com/repos/facade/flare-client-php/zipball/04c0bbd1881942f59e27877bac3b29ba57519666","reference":"04c0bbd1881942f59e27877bac3b29ba57519666","shasum":""},"type":"library","time":"2019-11-08T11:11:17+00:00","autoload":{"psr-4":{"Facade\\FlareClient\\":"src"},"files":["src/helpers.php"]},"extra":{"branch-alias":{"dev-master":"1.0-dev"}},"require":{"php":"^7.1","illuminate/pipeline":"~5.5|~5.6|~5.7|~5.8|^6.0","symfony/http-foundation":"~3.3|~4.1","symfony/var-dumper":"^3.4|^4.0","facade/ignition-contracts":"~1.0"},"require-dev":{"larapack/dd":"^1.1","spatie/phpunit-snapshot-assertions":"^2.0","phpunit/phpunit":"^7.5.16"},"uid":3362315},"1.2.0":{"name":"facade/flare-client-php","description":"Send PHP errors to Flare","keywords":["exception","facade","reporting","flare"],"homepage":"https://github.com/facade/flare-client-php","version":"1.2.0","version_normalized":"1.2.0.0","license":["MIT"],"authors":[],"source":{"type":"git","url":"https://github.com/facade/flare-client-php.git","reference":"35780f32c9559b2d89af4df254f2c0c4e33ab878"},"dist":{"type":"zip","url":"https://api.github.com/repos/facade/flare-client-php/zipball/35780f32c9559b2d89af4df254f2c0c4e33ab878","reference":"35780f32c9559b2d89af4df254f2c0c4e33ab878","shasum":""},"type":"library","time":"2019-11-19T08:29:32+00:00","autoload":{"psr-4":{"Facade\\FlareClient\\":"src"},"files":["src/helpers.php"]},"extra":{"branch-alias":{"dev-master":"1.0-dev"}},"require":{"php":"^7.1","illuminate/pipeline":"~5.5|~5.6|~5.7|~5.8|^6.0","symfony/http-foundation":"~3.3|~4.1","symfony/var-dumper":"^3.4|^4.0","facade/ignition-contracts":"~1.0"},"require-dev":{"larapack/dd":"^1.1","spatie/phpunit-snapshot-assertions":"^2.0","phpunit/phpunit":"^7.5.16"},"uid":3389580},"1.2.1":{"name":"facade/flare-client-php","description":"Send PHP errors to Flare","keywords":["exception","facade","reporting","flare"],"homepage":"https://github.com/facade/flare-client-php","version":"1.2.1","version_normalized":"1.2.1.0","license":["MIT"],"authors":[],"source":{"type":"git","url":"https://github.com/facade/flare-client-php.git","reference":"5a1bfe4425974d17addeefce737d66a4c921a8df"},"dist":{"type":"zip","url":"https://api.github.com/repos/facade/flare-client-php/zipball/5a1bfe4425974d17addeefce737d66a4c921a8df","reference":"5a1bfe4425974d17addeefce737d66a4c921a8df","shasum":""},"type":"library","time":"2019-11-19T08:42:39+00:00","autoload":{"psr-4":{"Facade\\FlareClient\\":"src"},"files":["src/helpers.php"]},"extra":{"branch-alias":{"dev-master":"1.0-dev"}},"require":{"php":"^7.1","illuminate/pipeline":"~5.5|~5.6|~5.7|~5.8|^6.0","symfony/http-foundation":"~3.3|~4.1","symfony/var-dumper":"^3.4|^4.0","facade/ignition-contracts":"~1.0"},"require-dev":{"larapack/dd":"^1.1","spatie/phpunit-snapshot-assertions":"^2.0","phpunit/phpunit":"^7.5.16"},"uid":3389601},"1.3.0":{"name":"facade/flare-client-php","description":"Send PHP errors to Flare","keywords":["exception","facade","reporting","flare"],"homepage":"https://github.com/facade/flare-client-php","version":"1.3.0","version_normalized":"1.3.0.0","license":["MIT"],"authors":[],"source":{"type":"git","url":"https://github.com/facade/flare-client-php.git","reference":"0fd0c0a5c75a5acf04578311a08a7832e06a981c"},"dist":{"type":"zip","url":"https://api.github.com/repos/facade/flare-client-php/zipball/0fd0c0a5c75a5acf04578311a08a7832e06a981c","reference":"0fd0c0a5c75a5acf04578311a08a7832e06a981c","shasum":""},"type":"library","time":"2019-11-27T10:09:46+00:00","autoload":{"psr-4":{"Facade\\FlareClient\\":"src"},"files":["src/helpers.php"]},"extra":{"branch-alias":{"dev-master":"1.0-dev"}},"require":{"php":"^7.1","illuminate/pipeline":"~5.5|~5.6|~5.7|~5.8|^6.0","symfony/http-foundation":"~3.3|~4.1","symfony/var-dumper":"^3.4|^4.0","facade/ignition-contracts":"~1.0"},"require-dev":{"larapack/dd":"^1.1","spatie/phpunit-snapshot-assertions":"^2.0","phpunit/phpunit":"^7.5.16"},"uid":3413267},"1.3.1":{"name":"facade/flare-client-php","description":"Send PHP errors to Flare","keywords":["exception","facade","reporting","flare"],"homepage":"https://github.com/facade/flare-client-php","version":"1.3.1","version_normalized":"1.3.1.0","license":["MIT"],"authors":[],"source":{"type":"git","url":"https://github.com/facade/flare-client-php.git","reference":"24444ea0e1556f0a4b5fc8e61802caf72ae9a408"},"dist":{"type":"zip","url":"https://api.github.com/repos/facade/flare-client-php/zipball/24444ea0e1556f0a4b5fc8e61802caf72ae9a408","reference":"24444ea0e1556f0a4b5fc8e61802caf72ae9a408","shasum":""},"type":"library","time":"2019-12-15T18:28:38+00:00","autoload":{"psr-4":{"Facade\\FlareClient\\":"src"},"files":["src/helpers.php"]},"extra":{"branch-alias":{"dev-master":"1.0-dev"}},"require":{"php":"^7.1","illuminate/pipeline":"~5.5|~5.6|~5.7|~5.8|^6.0","symfony/http-foundation":"~3.3|~4.1","symfony/var-dumper":"^3.4|^4.0|^5.0","facade/ignition-contracts":"~1.0"},"require-dev":{"larapack/dd":"^1.1","spatie/phpunit-snapshot-assertions":"^2.0","phpunit/phpunit":"^7.5.16"},"uid":3459047},"dev-allow-custom-grouping-types":{"name":"facade/flare-client-php","description":"Send PHP errors to Flare","keywords":["exception","facade","reporting","flare"],"homepage":"https://github.com/facade/flare-client-php","version":"dev-allow-custom-grouping-types","version_normalized":"dev-allow-custom-grouping-types","license":["MIT"],"authors":[],"source":{"type":"git","url":"https://github.com/facade/flare-client-php.git","reference":"5cdb18cdf31b8f2db7a6b7980e53753526c508df"},"dist":{"type":"zip","url":"https://api.github.com/repos/facade/flare-client-php/zipball/5cdb18cdf31b8f2db7a6b7980e53753526c508df","reference":"5cdb18cdf31b8f2db7a6b7980e53753526c508df","shasum":""},"type":"library","time":"2019-11-22T10:07:26+00:00","autoload":{"psr-4":{"Facade\\FlareClient\\":"src"},"files":["src/helpers.php"]},"extra":{"branch-alias":{"dev-master":"1.0-dev"}},"require":{"php":"^7.1","illuminate/pipeline":"~5.5|~5.6|~5.7|~5.8|^6.0","symfony/http-foundation":"~3.3|~4.1","symfony/var-dumper":"^3.4|^4.0","facade/ignition-contracts":"~1.0"},"require-dev":{"larapack/dd":"^1.1","spatie/phpunit-snapshot-assertions":"^2.0","phpunit/phpunit":"^7.5.16"},"uid":3400237},"dev-analysis-XZwOjb":{"name":"facade/flare-client-php","description":"Send PHP errors to Flare","keywords":["exception","facade","reporting","flare"],"homepage":"https://github.com/facade/flare-client-php","version":"dev-analysis-XZwOjb","version_normalized":"dev-analysis-XZwOjb","license":["MIT"],"authors":[],"source":{"type":"git","url":"https://github.com/facade/flare-client-php.git","reference":"1c0f825d7491bd2ff15fffefd1f53e1cd3c1d49c"},"dist":{"type":"zip","url":"https://api.github.com/repos/facade/flare-client-php/zipball/1c0f825d7491bd2ff15fffefd1f53e1cd3c1d49c","reference":"1c0f825d7491bd2ff15fffefd1f53e1cd3c1d49c","shasum":""},"type":"library","time":"2019-09-05T20:24:19+00:00","autoload":{"psr-4":{"Facade\\FlareClient\\":"src"},"files":["src/helpers.php"]},"extra":{"branch-alias":{"dev-master":"1.0-dev"}},"require":{"php":"^7.1","illuminate/pipeline":"~5.5|~5.6|~5.7|~5.8|^6.0","symfony/http-foundation":"~3.3|~4.1","symfony/var-dumper":"^3.4|^4.0","facade/ignition-contracts":"~1.0"},"require-dev":{"larapack/dd":"^1.1","spatie/phpunit-snapshot-assertions":"^2.0","phpunit/phpunit":"^7.0"},"uid":3214136},"dev-laravel-7":{"name":"facade/flare-client-php","description":"Send PHP errors to Flare","keywords":["exception","facade","reporting","flare"],"homepage":"https://github.com/facade/flare-client-php","version":"dev-laravel-7","version_normalized":"dev-laravel-7","license":["MIT"],"authors":[],"source":{"type":"git","url":"https://github.com/facade/flare-client-php.git","reference":"7b8893ee9bfd2b83f5d4ea7ec1f289d16df8493c"},"dist":{"type":"zip","url":"https://api.github.com/repos/facade/flare-client-php/zipball/7b8893ee9bfd2b83f5d4ea7ec1f289d16df8493c","reference":"7b8893ee9bfd2b83f5d4ea7ec1f289d16df8493c","shasum":""},"type":"library","time":"2020-01-21T08:58:34+00:00","autoload":{"psr-4":{"Facade\\FlareClient\\":"src"},"files":["src/helpers.php"]},"extra":{"branch-alias":{"dev-master":"1.0-dev"}},"require":{"php":"^7.1","illuminate/pipeline":"^5.5|^6.0|7.x-dev","symfony/http-foundation":"^3.3|^4.1|^5.0","symfony/var-dumper":"^3.4|^4.0|^5.0","facade/ignition-contracts":"~1.0"},"require-dev":{"larapack/dd":"^1.1","spatie/phpunit-snapshot-assertions":"^2.0","phpunit/phpunit":"^7.5.16"},"uid":3551877},"dev-master":{"name":"facade/flare-client-php","description":"Send PHP errors to Flare","keywords":["exception","facade","reporting","flare"],"homepage":"https://github.com/facade/flare-client-php","version":"dev-master","version_normalized":"9999999-dev","license":["MIT"],"authors":[],"source":{"type":"git","url":"https://github.com/facade/flare-client-php.git","reference":"9b26d9e6f50948fe08a05bfae4141524daf8c8ee"},"dist":{"type":"zip","url":"https://api.github.com/repos/facade/flare-client-php/zipball/9b26d9e6f50948fe08a05bfae4141524daf8c8ee","reference":"9b26d9e6f50948fe08a05bfae4141524daf8c8ee","shasum":""},"type":"library","time":"2020-01-20T16:16:14+00:00","autoload":{"psr-4":{"Facade\\FlareClient\\":"src"},"files":["src/helpers.php"]},"extra":{"branch-alias":{"dev-master":"1.0-dev"}},"require":{"php":"^7.1","facade/ignition-contracts":"~1.0","symfony/var-dumper":"^3.4|^4.0|^5.0","symfony/http-foundation":"^3.3|^4.1|^5.0","illuminate/pipeline":"^5.5|^6.0|^7.0"},"require-dev":{"larapack/dd":"^1.1","spatie/phpunit-snapshot-assertions":"^2.0","phpunit/phpunit":"^7.5.16"},"uid":3199039},"v2.x-dev":{"name":"facade/flare-client-php","description":"Send PHP errors to Flare","keywords":["exception","facade","reporting","flare"],"homepage":"https://github.com/facade/flare-client-php","version":"v2.x-dev","version_normalized":"2.9999999.9999999.9999999-dev","license":["MIT"],"authors":[],"source":{"type":"git","url":"https://github.com/facade/flare-client-php.git","reference":"05d2a694d1748f3f38fa65f9cc6ad0d1801f1700"},"dist":{"type":"zip","url":"https://api.github.com/repos/facade/flare-client-php/zipball/05d2a694d1748f3f38fa65f9cc6ad0d1801f1700","reference":"05d2a694d1748f3f38fa65f9cc6ad0d1801f1700","shasum":""},"type":"library","time":"2020-01-21T08:52:03+00:00","autoload":{"psr-4":{"Facade\\FlareClient\\":"src"},"files":["src/helpers.php"]},"extra":{"branch-alias":{"dev-master":"1.0-dev"}},"require":{"php":"^7.1","illuminate/pipeline":"^5.5|^6.0|7.x-dev","symfony/http-foundation":"^3.3|^4.1|^5.0","symfony/var-dumper":"^3.4|^4.0|^5.0","facade/ignition-contracts":"~1.0"},"require-dev":{"larapack/dd":"^1.1","spatie/phpunit-snapshot-assertions":"^2.0","phpunit/phpunit":"^7.5.16"},"uid":3553168}}}}