{"packages":{"laravel/tinker":{"1.x-dev":{"name":"laravel/tinker","description":"Powerful REPL for the Laravel framework.","keywords":["laravel","REPL","psysh","Tinker"],"homepage":"","version":"1.x-dev","version_normalized":"1.9999999.9999999.9999999-dev","license":["MIT"],"authors":[{"name":"Taylor Otwell","email":"taylor@laravel.com"}],"source":{"type":"git","url":"https://github.com/laravel/tinker.git","reference":"e44e25f76291906392e35c29a95c13911b5822ef"},"dist":{"type":"zip","url":"https://api.github.com/repos/laravel/tinker/zipball/e44e25f76291906392e35c29a95c13911b5822ef","reference":"e44e25f76291906392e35c29a95c13911b5822ef","shasum":""},"type":"library","time":"2019-11-26T17:49:45+00:00","autoload":{"psr-4":{"Laravel\\Tinker\\":"src/"}},"extra":{"branch-alias":{"dev-master":"1.x-dev"},"laravel":{"providers":["Laravel\\Tinker\\TinkerServiceProvider"]}},"require":{"php":">=5.5.9","illuminate/console":"~5.1|^6.0","illuminate/contracts":"~5.1|^6.0","illuminate/support":"~5.1|^6.0","psy/psysh":"0.7.*|0.8.*|0.9.*","symfony/var-dumper":"~3.0|~4.0"},"require-dev":{"phpunit/phpunit":"~4.0|~5.0"},"suggest":{"illuminate/database":"The Illuminate Database package (~5.1)."},"uid":3411816},"2.x-dev":{"name":"laravel/tinker","description":"Powerful REPL for the Laravel framework.","keywords":["laravel","REPL","psysh","Tinker"],"homepage":"","version":"2.x-dev","version_normalized":"2.9999999.9999999.9999999-dev","license":["MIT"],"authors":[{"name":"Taylor Otwell","email":"taylor@laravel.com"}],"source":{"type":"git","url":"https://github.com/laravel/tinker.git","reference":"d8ce361f2fd979c03e5f66c79d4a95a1c1e68640"},"dist":{"type":"zip","url":"https://api.github.com/repos/laravel/tinker/zipball/d8ce361f2fd979c03e5f66c79d4a95a1c1e68640","reference":"d8ce361f2fd979c03e5f66c79d4a95a1c1e68640","shasum":""},"type":"library","time":"2020-01-14T16:58:39+00:00","autoload":{"psr-4":{"Laravel\\Tinker\\":"src/"}},"extra":{"branch-alias":{"dev-master":"2.x-dev"},"laravel":{"providers":["Laravel\\Tinker\\TinkerServiceProvider"]}},"require":{"php":"^7.2","illuminate/console":"^6.0|^7.0","illuminate/contracts":"^6.0|^7.0","illuminate/support":"^6.0|^7.0","psy/psysh":"^0.9","symfony/var-dumper":"^4.0|^5.0"},"require-dev":{"phpunit/phpunit":"^8.0"},"suggest":{"illuminate/database":"The Illuminate Database package (^6.0|^7.0)."},"uid":3411819},"dev-master":{"name":"laravel/tinker","description":"Powerful REPL for the Laravel framework.","keywords":["laravel","REPL","psysh","Tinker"],"homepage":"","version":"dev-master","version_normalized":"9999999-dev","license":["MIT"],"authors":[{"name":"Taylor Otwell","email":"taylor@laravel.com"}],"source":{"type":"git","url":"https://github.com/laravel/tinker.git","reference":"80987171d4a50c47e5b8f53d14c7632aecaa0a5d"},"dist":{"type":"zip","url":"https://api.github.com/repos/laravel/tinker/zipball/80987171d4a50c47e5b8f53d14c7632aecaa0a5d","reference":"80987171d4a50c47e5b8f53d14c7632aecaa0a5d","shasum":""},"type":"library","time":"2020-01-14T17:00:29+00:00","autoload":{"psr-4":{"Laravel\\Tinker\\":"src/"}},"extra":{"branch-alias":{"dev-master":"3.x-dev"},"laravel":{"providers":["Laravel\\Tinker\\TinkerServiceProvider"]}},"require":{"php":"^7.2","illuminate/console":"^6.0|^7.0","illuminate/contracts":"^6.0|^7.0","illuminate/support":"^6.0|^7.0","psy/psysh":"^0.9","symfony/var-dumper":"^4.0|^5.0"},"require-dev":{"phpunit/phpunit":"^8.0"},"suggest":{"illuminate/database":"The Illuminate Database package (^6.0|^7.0)."},"uid":1146704},"v1.0.0":{"name":"laravel/tinker","description":"Powerful REPL for the Laravel framework.","keywords":["laravel","REPL","psysh","Tinker"],"homepage":"","version":"v1.0.0","version_normalized":"1.0.0.0","license":["MIT"],"authors":[{"name":"Taylor Otwell","email":"taylor@laravel.com"}],"source":{"type":"git","url":"https://github.com/laravel/tinker.git","reference":"3d5b675b55b24ccbf86395964042dbe061d5a965"},"dist":{"type":"zip","url":"https://api.github.com/repos/laravel/tinker/zipball/3d5b675b55b24ccbf86395964042dbe061d5a965","reference":"3d5b675b55b24ccbf86395964042dbe061d5a965","shasum":""},"type":"library","time":"2016-12-30T18:13:17+00:00","autoload":{"psr-4":{"Laravel\\Tinker\\":"src/"}},"extra":{"branch-alias":{"dev-master":"1.0-dev"}},"require":{"php":">=5.5.9","illuminate/console":"~5.1","illuminate/contracts":"~5.1","illuminate/support":"~5.1","psy/psysh":"0.7.*|0.8.*","symfony/var-dumper":"~3.0"},"require-dev":{"phpunit/phpunit":"~4.0|~5.0"},"suggest":{"illuminate/database":"The Illuminate Database package (~5.1)."},"uid":1191193},"v1.0.1":{"name":"laravel/tinker","description":"Powerful REPL for the Laravel framework.","keywords":["laravel","REPL","psysh","Tinker"],"homepage":"","version":"v1.0.1","version_normalized":"1.0.1.0","license":["MIT"],"authors":[{"name":"Taylor Otwell","email":"taylor@laravel.com"}],"source":{"type":"git","url":"https://github.com/laravel/tinker.git","reference":"7eb2e281395131897407285672ef5532e87e17f9"},"dist":{"type":"zip","url":"https://api.github.com/repos/laravel/tinker/zipball/7eb2e281395131897407285672ef5532e87e17f9","reference":"7eb2e281395131897407285672ef5532e87e17f9","shasum":""},"type":"library","time":"2017-06-01T16:31:26+00:00","autoload":{"psr-4":{"Laravel\\Tinker\\":"src/"}},"extra":{"branch-alias":{"dev-master":"1.0-dev"},"laravel":{"providers":["Laravel\\Tinker\\TinkerServiceProvider"]}},"require":{"php":">=5.5.9","illuminate/console":"~5.1","illuminate/contracts":"~5.1","illuminate/support":"~5.1","psy/psysh":"0.7.*|0.8.*","symfony/var-dumper":"~3.0"},"require-dev":{"phpunit/phpunit":"~4.0|~5.0"},"suggest":{"illuminate/database":"The Illuminate Database package (~5.1)."},"uid":1423806},"v1.0.10":{"name":"laravel/tinker","description":"Powerful REPL for the Laravel framework.","keywords":["laravel","REPL","psysh","Tinker"],"homepage":"","version":"v1.0.10","version_normalized":"1.0.10.0","license":["MIT"],"authors":[{"name":"Taylor Otwell","email":"taylor@laravel.com"}],"source":{"type":"git","url":"https://github.com/laravel/tinker.git","reference":"ad571aacbac1539c30d480908f9d0c9614eaf1a7"},"dist":{"type":"zip","url":"https://api.github.com/repos/laravel/tinker/zipball/ad571aacbac1539c30d480908f9d0c9614eaf1a7","reference":"ad571aacbac1539c30d480908f9d0c9614eaf1a7","shasum":""},"type":"library","time":"2019-08-07T15:10:45+00:00","autoload":{"psr-4":{"Laravel\\Tinker\\":"src/"}},"extra":{"branch-alias":{"dev-master":"1.0-dev"},"laravel":{"providers":["Laravel\\Tinker\\TinkerServiceProvider"]}},"require":{"php":">=5.5.9","illuminate/console":"~5.1|^6.0","illuminate/contracts":"~5.1|^6.0","illuminate/support":"~5.1|^6.0","psy/psysh":"0.7.*|0.8.*|0.9.*","symfony/var-dumper":"~3.0|~4.0"},"require-dev":{"phpunit/phpunit":"~4.0|~5.0"},"suggest":{"illuminate/database":"The Illuminate Database package (~5.1)."},"uid":3160747},"v1.0.2":{"name":"laravel/tinker","description":"Powerful REPL for the Laravel framework.","keywords":["laravel","REPL","psysh","Tinker"],"homepage":"","version":"v1.0.2","version_normalized":"1.0.2.0","license":["MIT"],"authors":[{"name":"Taylor Otwell","email":"taylor@laravel.com"}],"source":{"type":"git","url":"https://github.com/laravel/tinker.git","reference":"203978fd67f118902acff95925847e70b72e3daf"},"dist":{"type":"zip","url":"https://api.github.com/repos/laravel/tinker/zipball/203978fd67f118902acff95925847e70b72e3daf","reference":"203978fd67f118902acff95925847e70b72e3daf","shasum":""},"type":"library","time":"2017-07-13T13:11:05+00:00","autoload":{"psr-4":{"Laravel\\Tinker\\":"src/"}},"extra":{"branch-alias":{"dev-master":"1.0-dev"},"laravel":{"providers":["Laravel\\Tinker\\TinkerServiceProvider"]}},"require":{"php":">=5.5.9","illuminate/console":"~5.1","illuminate/contracts":"~5.1","illuminate/support":"~5.1","psy/psysh":"0.7.*|0.8.*","symfony/var-dumper":"~3.0"},"require-dev":{"phpunit/phpunit":"~4.0|~5.0"},"suggest":{"illuminate/database":"The Illuminate Database package (~5.1)."},"uid":1508720},"v1.0.3":{"name":"laravel/tinker","description":"Powerful REPL for the Laravel framework.","keywords":["laravel","REPL","psysh","Tinker"],"homepage":"","version":"v1.0.3","version_normalized":"1.0.3.0","license":["MIT"],"authors":[{"name":"Taylor Otwell","email":"taylor@laravel.com"}],"source":{"type":"git","url":"https://github.com/laravel/tinker.git","reference":"852c2abe0b0991555a403f1c0583e64de6acb4a6"},"dist":{"type":"zip","url":"https://api.github.com/repos/laravel/tinker/zipball/852c2abe0b0991555a403f1c0583e64de6acb4a6","reference":"852c2abe0b0991555a403f1c0583e64de6acb4a6","shasum":""},"type":"library","time":"2017-12-18T16:25:11+00:00","autoload":{"psr-4":{"Laravel\\Tinker\\":"src/"}},"extra":{"branch-alias":{"dev-master":"1.0-dev"},"laravel":{"providers":["Laravel\\Tinker\\TinkerServiceProvider"]}},"require":{"php":">=5.5.9","illuminate/console":"~5.1","illuminate/contracts":"~5.1","illuminate/support":"~5.1","psy/psysh":"0.7.*|0.8.*","symfony/var-dumper":"~3.0|~4.0"},"require-dev":{"phpunit/phpunit":"~4.0|~5.0"},"suggest":{"illuminate/database":"The Illuminate Database package (~5.1)."},"uid":1796329},"v1.0.4":{"name":"laravel/tinker","description":"Powerful REPL for the Laravel framework.","keywords":["laravel","REPL","psysh","Tinker"],"homepage":"","version":"v1.0.4","version_normalized":"1.0.4.0","license":["MIT"],"authors":[{"name":"Taylor Otwell","email":"taylor@laravel.com"}],"source":{"type":"git","url":"https://github.com/laravel/tinker.git","reference":"eb8d3cfb41b7f74fb0ef4724e459d44f4cbb35b8"},"dist":{"type":"zip","url":"https://api.github.com/repos/laravel/tinker/zipball/eb8d3cfb41b7f74fb0ef4724e459d44f4cbb35b8","reference":"eb8d3cfb41b7f74fb0ef4724e459d44f4cbb35b8","shasum":""},"type":"library","time":"2018-03-06T13:48:07+00:00","autoload":{"psr-4":{"Laravel\\Tinker\\":"src/"}},"extra":{"branch-alias":{"dev-master":"1.0-dev"},"laravel":{"providers":["Laravel\\Tinker\\TinkerServiceProvider"]}},"require":{"php":">=5.5.9","illuminate/console":"~5.1","illuminate/contracts":"~5.1","illuminate/support":"~5.1","psy/psysh":"0.7.*|0.8.*","symfony/var-dumper":"~3.0|~4.0"},"require-dev":{"phpunit/phpunit":"~4.0|~5.0"},"suggest":{"illuminate/database":"The Illuminate Database package (~5.1)."},"uid":1965085},"v1.0.5":{"name":"laravel/tinker","description":"Powerful REPL for the Laravel framework.","keywords":["laravel","REPL","psysh","Tinker"],"homepage":"","version":"v1.0.5","version_normalized":"1.0.5.0","license":["MIT"],"authors":[{"name":"Taylor Otwell","email":"taylor@laravel.com"}],"source":{"type":"git","url":"https://github.com/laravel/tinker.git","reference":"94f6daf2131508cebd11cd6f8632ba586d7ecc41"},"dist":{"type":"zip","url":"https://api.github.com/repos/laravel/tinker/zipball/94f6daf2131508cebd11cd6f8632ba586d7ecc41","reference":"94f6daf2131508cebd11cd6f8632ba586d7ecc41","shasum":""},"type":"library","time":"2018-03-06T17:34:36+00:00","autoload":{"psr-4":{"Laravel\\Tinker\\":"src/"}},"extra":{"branch-alias":{"dev-master":"1.0-dev"},"laravel":{"providers":["Laravel\\Tinker\\TinkerServiceProvider"]}},"require":{"php":">=5.5.9","illuminate/console":"~5.1","illuminate/contracts":"~5.1","illuminate/support":"~5.1","psy/psysh":"0.7.*|0.8.*","symfony/var-dumper":"~3.0|~4.0"},"require-dev":{"phpunit/phpunit":"~4.0|~5.0"},"suggest":{"illuminate/database":"The Illuminate Database package (~5.1)."},"uid":1973475},"v1.0.6":{"name":"laravel/tinker","description":"Powerful REPL for the Laravel framework.","keywords":["laravel","REPL","psysh","Tinker"],"homepage":"","version":"v1.0.6","version_normalized":"1.0.6.0","license":["MIT"],"authors":[{"name":"Taylor Otwell","email":"taylor@laravel.com"}],"source":{"type":"git","url":"https://github.com/laravel/tinker.git","reference":"b22fe905fcefdffae76b011e27c7ac09e07e052b"},"dist":{"type":"zip","url":"https://api.github.com/repos/laravel/tinker/zipball/b22fe905fcefdffae76b011e27c7ac09e07e052b","reference":"b22fe905fcefdffae76b011e27c7ac09e07e052b","shasum":""},"type":"library","time":"2018-04-16T12:10:37+00:00","autoload":{"psr-4":{"Laravel\\Tinker\\":"src/"}},"extra":{"branch-alias":{"dev-master":"1.0-dev"},"laravel":{"providers":["Laravel\\Tinker\\TinkerServiceProvider"]}},"require":{"php":">=5.5.9","illuminate/console":"~5.1","illuminate/contracts":"~5.1","illuminate/support":"~5.1","psy/psysh":"0.7.*|0.8.*|0.9.*","symfony/var-dumper":"~3.0|~4.0"},"require-dev":{"phpunit/phpunit":"~4.0|~5.0"},"suggest":{"illuminate/database":"The Illuminate Database package (~5.1)."},"uid":2108703},"v1.0.7":{"name":"laravel/tinker","description":"Powerful REPL for the Laravel framework.","keywords":["laravel","REPL","psysh","Tinker"],"homepage":"","version":"v1.0.7","version_normalized":"1.0.7.0","license":["MIT"],"authors":[{"name":"Taylor Otwell","email":"taylor@laravel.com"}],"source":{"type":"git","url":"https://github.com/laravel/tinker.git","reference":"e3086ee8cb1f54a39ae8dcb72d1c37d10128997d"},"dist":{"type":"zip","url":"https://api.github.com/repos/laravel/tinker/zipball/e3086ee8cb1f54a39ae8dcb72d1c37d10128997d","reference":"e3086ee8cb1f54a39ae8dcb72d1c37d10128997d","shasum":""},"type":"library","time":"2018-05-17T13:42:07+00:00","autoload":{"psr-4":{"Laravel\\Tinker\\":"src/"}},"extra":{"branch-alias":{"dev-master":"1.0-dev"},"laravel":{"providers":["Laravel\\Tinker\\TinkerServiceProvider"]}},"require":{"php":">=5.5.9","illuminate/console":"~5.1","illuminate/contracts":"~5.1","illuminate/support":"~5.1","psy/psysh":"0.7.*|0.8.*|0.9.*","symfony/var-dumper":"~3.0|~4.0"},"require-dev":{"phpunit/phpunit":"~4.0|~5.0"},"suggest":{"illuminate/database":"The Illuminate Database package (~5.1)."},"uid":2208807},"v1.0.8":{"name":"laravel/tinker","description":"Powerful REPL for the Laravel framework.","keywords":["laravel","REPL","psysh","Tinker"],"homepage":"","version":"v1.0.8","version_normalized":"1.0.8.0","license":["MIT"],"authors":[{"name":"Taylor Otwell","email":"taylor@laravel.com"}],"source":{"type":"git","url":"https://github.com/laravel/tinker.git","reference":"cafbf598a90acde68985660e79b2b03c5609a405"},"dist":{"type":"zip","url":"https://api.github.com/repos/laravel/tinker/zipball/cafbf598a90acde68985660e79b2b03c5609a405","reference":"cafbf598a90acde68985660e79b2b03c5609a405","shasum":""},"type":"library","time":"2018-10-12T19:39:35+00:00","autoload":{"psr-4":{"Laravel\\Tinker\\":"src/"}},"extra":{"branch-alias":{"dev-master":"1.0-dev"},"laravel":{"providers":["Laravel\\Tinker\\TinkerServiceProvider"]}},"require":{"php":">=5.5.9","illuminate/console":"~5.1","illuminate/contracts":"~5.1","illuminate/support":"~5.1","psy/psysh":"0.7.*|0.8.*|0.9.*","symfony/var-dumper":"~3.0|~4.0"},"require-dev":{"phpunit/phpunit":"~4.0|~5.0"},"suggest":{"illuminate/database":"The Illuminate Database package (~5.1)."},"uid":2519466},"v1.0.9":{"name":"laravel/tinker","description":"Powerful REPL for the Laravel framework.","keywords":["laravel","REPL","psysh","Tinker"],"homepage":"","version":"v1.0.9","version_normalized":"1.0.9.0","license":["MIT"],"authors":[{"name":"Taylor Otwell","email":"taylor@laravel.com"}],"source":{"type":"git","url":"https://github.com/laravel/tinker.git","reference":"eb0075527fdeeb1cc1d68bd4ca7d50256b30a827"},"dist":{"type":"zip","url":"https://api.github.com/repos/laravel/tinker/zipball/eb0075527fdeeb1cc1d68bd4ca7d50256b30a827","reference":"eb0075527fdeeb1cc1d68bd4ca7d50256b30a827","shasum":""},"type":"library","time":"2019-07-29T18:09:25+00:00","autoload":{"psr-4":{"Laravel\\Tinker\\":"src/"}},"extra":{"branch-alias":{"dev-master":"1.0-dev"},"laravel":{"providers":["Laravel\\Tinker\\TinkerServiceProvider"]}},"require":{"php":">=5.5.9","illuminate/console":"~5.1|^6.0","illuminate/contracts":"~5.1|^6.0","illuminate/support":"~5.1|^6.0","psy/psysh":"0.7.*|0.8.*|0.9.*","symfony/var-dumper":"~3.0|~4.0"},"require-dev":{"phpunit/phpunit":"~4.0|~5.0"},"suggest":{"illuminate/database":"The Illuminate Database package (~5.1)."},"uid":3130107},"v2.0.0":{"name":"laravel/tinker","description":"Powerful REPL for the Laravel framework.","keywords":["laravel","REPL","psysh","Tinker"],"homepage":"","version":"v2.0.0","version_normalized":"2.0.0.0","license":["MIT"],"authors":[{"name":"Taylor Otwell","email":"taylor@laravel.com"}],"source":{"type":"git","url":"https://github.com/laravel/tinker.git","reference":"6c2f1a1873180f3ecece0ba34ff9146847bf8dec"},"dist":{"type":"zip","url":"https://api.github.com/repos/laravel/tinker/zipball/6c2f1a1873180f3ecece0ba34ff9146847bf8dec","reference":"6c2f1a1873180f3ecece0ba34ff9146847bf8dec","shasum":""},"type":"library","time":"2019-11-26T17:57:28+00:00","autoload":{"psr-4":{"Laravel\\Tinker\\":"src/"}},"extra":{"branch-alias":{"dev-master":"2.x-dev"},"laravel":{"providers":["Laravel\\Tinker\\TinkerServiceProvider"]}},"require":{"php":"^7.2","illuminate/console":"^6.0|^7.0","illuminate/contracts":"^6.0|^7.0","illuminate/support":"^6.0|^7.0","psy/psysh":"^0.9","symfony/var-dumper":"^4.0|^5.0"},"require-dev":{"phpunit/phpunit":"^8.0"},"suggest":{"illuminate/database":"The Illuminate Database package (^6.0|^7.0)."},"uid":3411826},"v2.1.0":{"name":"laravel/tinker","description":"Powerful REPL for the Laravel framework.","keywords":["laravel","REPL","psysh","Tinker"],"homepage":"","version":"v2.1.0","version_normalized":"2.1.0.0","license":["MIT"],"authors":[{"name":"Taylor Otwell","email":"taylor@laravel.com"}],"source":{"type":"git","url":"https://github.com/laravel/tinker.git","reference":"d8ce361f2fd979c03e5f66c79d4a95a1c1e68640"},"dist":{"type":"zip","url":"https://api.github.com/repos/laravel/tinker/zipball/d8ce361f2fd979c03e5f66c79d4a95a1c1e68640","reference":"d8ce361f2fd979c03e5f66c79d4a95a1c1e68640","shasum":""},"type":"library","time":"2020-01-14T16:58:39+00:00","autoload":{"psr-4":{"Laravel\\Tinker\\":"src/"}},"extra":{"branch-alias":{"dev-master":"2.x-dev"},"laravel":{"providers":["Laravel\\Tinker\\TinkerServiceProvider"]}},"require":{"php":"^7.2","illuminate/console":"^6.0|^7.0","illuminate/contracts":"^6.0|^7.0","illuminate/support":"^6.0|^7.0","psy/psysh":"^0.9","symfony/var-dumper":"^4.0|^5.0"},"require-dev":{"phpunit/phpunit":"^8.0"},"suggest":{"illuminate/database":"The Illuminate Database package (^6.0|^7.0)."},"uid":3538099}}}}