{"packages":{"sebastian/object-reflector":{"1.0.0":{"name":"sebastian/object-reflector","description":"Allows reflection of object attributes, including inherited and non-public ones","keywords":[],"homepage":"https://github.com/sebastianbergmann/object-reflector/","version":"1.0.0","version_normalized":"1.0.0.0","license":["BSD-3-Clause"],"authors":[{"name":"Sebastian Bergmann","email":"sebastian@phpunit.de"}],"source":{"type":"git","url":"https://github.com/sebastianbergmann/object-reflector.git","reference":"2201553542d60d25db9c5b2c54330df776648008"},"dist":{"type":"zip","url":"https://api.github.com/repos/sebastianbergmann/object-reflector/zipball/2201553542d60d25db9c5b2c54330df776648008","reference":"2201553542d60d25db9c5b2c54330df776648008","shasum":""},"type":"library","time":"2017-03-12T15:10:22+00:00","autoload":{"classmap":["src/"]},"extra":{"branch-alias":{"dev-master":"1.0-dev"}},"require":{"php":"^7.0"},"require-dev":{"phpunit/phpunit":"^6.0"},"uid":1277993},"1.1.0":{"name":"sebastian/object-reflector","description":"Allows reflection of object attributes, including inherited and non-public ones","keywords":[],"homepage":"https://github.com/sebastianbergmann/object-reflector/","version":"1.1.0","version_normalized":"1.1.0.0","license":["BSD-3-Clause"],"authors":[{"name":"Sebastian Bergmann","email":"sebastian@phpunit.de"}],"source":{"type":"git","url":"https://github.com/sebastianbergmann/object-reflector.git","reference":"afd5797e7af7c9f529879ad5e8e8abe126c89dab"},"dist":{"type":"zip","url":"https://api.github.com/repos/sebastianbergmann/object-reflector/zipball/afd5797e7af7c9f529879ad5e8e8abe126c89dab","reference":"afd5797e7af7c9f529879ad5e8e8abe126c89dab","shasum":""},"type":"library","time":"2017-03-16T14:05:21+00:00","autoload":{"classmap":["src/"]},"extra":{"branch-alias":{"dev-master":"1.1-dev"}},"require":{"php":"^7.0"},"require-dev":{"phpunit/phpunit":"^6.0"},"uid":1289306},"1.1.1":{"name":"sebastian/object-reflector","description":"Allows reflection of object attributes, including inherited and non-public ones","keywords":[],"homepage":"https://github.com/sebastianbergmann/object-reflector/","version":"1.1.1","version_normalized":"1.1.1.0","license":["BSD-3-Clause"],"authors":[{"name":"Sebastian Bergmann","email":"sebastian@phpunit.de"}],"source":{"type":"git","url":"https://github.com/sebastianbergmann/object-reflector.git","reference":"773f97c67f28de00d397be301821b06708fca0be"},"dist":{"type":"zip","url":"https://api.github.com/repos/sebastianbergmann/object-reflector/zipball/773f97c67f28de00d397be301821b06708fca0be","reference":"773f97c67f28de00d397be301821b06708fca0be","shasum":""},"type":"library","time":"2017-03-29T09:07:27+00:00","autoload":{"classmap":["src/"]},"extra":{"branch-alias":{"dev-master":"1.1-dev"}},"require":{"php":"^7.0"},"require-dev":{"phpunit/phpunit":"^6.0"},"uid":1314284},"dev-master":{"name":"sebastian/object-reflector","description":"Allows reflection of object attributes, including inherited and non-public ones","keywords":[],"homepage":"https://github.com/sebastianbergmann/object-reflector/","version":"dev-master","version_normalized":"9999999-dev","license":["BSD-3-Clause"],"authors":[{"name":"Sebastian Bergmann","email":"sebastian@phpunit.de"}],"source":{"type":"git","url":"https://github.com/sebastianbergmann/object-reflector.git","reference":"d648d28a5bf69a919486da3b65ac2ae21554161a"},"dist":{"type":"zip","url":"https://api.github.com/repos/sebastianbergmann/object-reflector/zipball/d648d28a5bf69a919486da3b65ac2ae21554161a","reference":"d648d28a5bf69a919486da3b65ac2ae21554161a","shasum":""},"type":"library","time":"2020-01-21T06:14:20+00:00","autoload":{"classmap":["src/"]},"extra":{"branch-alias":{"dev-master":"2.0-dev"}},"require":{"php":"^7.3"},"require-dev":{"phpunit/phpunit":"^9.0"},"uid":1277994}}}}