{"packages":{"kylekatarnls/update-helper":{"1.0.0":{"name":"kylekatarnls/update-helper","description":"Update helper","keywords":[],"homepage":"","version":"1.0.0","version_normalized":"1.0.0.0","license":["MIT"],"authors":[{"name":"Kyle","email":"kylekatarnls@gmail.com"}],"source":{"type":"git","url":"https://github.com/kylekatarnls/update-helper.git","reference":"1a03c660c4384255b19a8c290495acd176b80bd6"},"dist":{"type":"zip","url":"https://api.github.com/repos/kylekatarnls/update-helper/zipball/1a03c660c4384255b19a8c290495acd176b80bd6","reference":"1a03c660c4384255b19a8c290495acd176b80bd6","shasum":""},"type":"composer-plugin","time":"2019-05-26T09:57:51+00:00","autoload":{"psr-0":{"UpdateHelper\\":"src/"}},"extra":{"class":"UpdateHelper\\ComposerPlugin"},"require":{"php":">=5.3.0","composer-plugin-api":"^1.1.0"},"require-dev":{"composer/composer":"^2.0.x-dev","phpunit/phpunit":">=4.8.35 <6.0","codeclimate/php-test-reporter":"dev-master"},"uid":2989417},"1.0.1":{"name":"kylekatarnls/update-helper","description":"Update helper","keywords":[],"homepage":"","version":"1.0.1","version_normalized":"1.0.1.0","license":["MIT"],"authors":[{"name":"Kyle","email":"kylekatarnls@gmail.com"}],"source":{"type":"git","url":"https://github.com/kylekatarnls/update-helper.git","reference":"5413725ccbadac792093d167b1e29f97724973a8"},"dist":{"type":"zip","url":"https://api.github.com/repos/kylekatarnls/update-helper/zipball/5413725ccbadac792093d167b1e29f97724973a8","reference":"5413725ccbadac792093d167b1e29f97724973a8","shasum":""},"type":"composer-plugin","time":"2019-05-30T21:13:27+00:00","autoload":{"psr-0":{"UpdateHelper\\":"src/"}},"extra":{"class":"UpdateHelper\\ComposerPlugin"},"require":{"php":">=5.3.0","composer-plugin-api":"^1.1.0"},"require-dev":{"composer/composer":"^2.0.x-dev","phpunit/phpunit":">=4.8.35 <6.0","codeclimate/php-test-reporter":"dev-master"},"uid":3001241},"1.1.0":{"name":"kylekatarnls/update-helper","description":"Update helper","keywords":[],"homepage":"","version":"1.1.0","version_normalized":"1.1.0.0","license":["MIT"],"authors":[{"name":"Kyle","email":"kylekatarnls@gmail.com"}],"source":{"type":"git","url":"https://github.com/kylekatarnls/update-helper.git","reference":"fbfa94c0f196d4718ce3c1032e9c4b34140e69d3"},"dist":{"type":"zip","url":"https://api.github.com/repos/kylekatarnls/update-helper/zipball/fbfa94c0f196d4718ce3c1032e9c4b34140e69d3","reference":"fbfa94c0f196d4718ce3c1032e9c4b34140e69d3","shasum":""},"type":"composer-plugin","time":"2019-05-30T21:26:08+00:00","autoload":{"psr-0":{"UpdateHelper\\":"src/"}},"extra":{"class":"UpdateHelper\\ComposerPlugin"},"require":{"php":">=5.3.0","composer-plugin-api":"^1.1.0"},"require-dev":{"composer/composer":"^2.0.x-dev","phpunit/phpunit":">=4.8.35 <6.0","codeclimate/php-test-reporter":"dev-master"},"uid":3001287},"1.1.1":{"name":"kylekatarnls/update-helper","description":"Update helper","keywords":[],"homepage":"","version":"1.1.1","version_normalized":"1.1.1.0","license":["MIT"],"authors":[{"name":"Kyle","email":"kylekatarnls@gmail.com"}],"source":{"type":"git","url":"https://github.com/kylekatarnls/update-helper.git","reference":"b34a46d7f5ec1795b4a15ac9d46b884377262df9"},"dist":{"type":"zip","url":"https://api.github.com/repos/kylekatarnls/update-helper/zipball/b34a46d7f5ec1795b4a15ac9d46b884377262df9","reference":"b34a46d7f5ec1795b4a15ac9d46b884377262df9","shasum":""},"type":"composer-plugin","time":"2019-06-05T08:34:23+00:00","autoload":{"psr-0":{"UpdateHelper\\":"src/"}},"extra":{"class":"UpdateHelper\\ComposerPlugin"},"require":{"php":">=5.3.0","composer-plugin-api":"^1.1.0"},"require-dev":{"composer/composer":"^2.0.x-dev","phpunit/phpunit":">=4.8.35 <6.0","codeclimate/php-test-reporter":"dev-master"},"uid":3013217},"1.2.0":{"name":"kylekatarnls/update-helper","description":"Update helper","keywords":[],"homepage":"","version":"1.2.0","version_normalized":"1.2.0.0","license":["MIT"],"authors":[{"name":"Kyle","email":"kylekatarnls@gmail.com"}],"source":{"type":"git","url":"https://github.com/kylekatarnls/update-helper.git","reference":"5786fa188e0361b9adf9e8199d7280d1b2db165e"},"dist":{"type":"zip","url":"https://api.github.com/repos/kylekatarnls/update-helper/zipball/5786fa188e0361b9adf9e8199d7280d1b2db165e","reference":"5786fa188e0361b9adf9e8199d7280d1b2db165e","shasum":""},"type":"composer-plugin","time":"2019-07-29T11:03:54+00:00","autoload":{"psr-0":{"UpdateHelper\\":"src/"}},"extra":{"class":"UpdateHelper\\ComposerPlugin"},"require":{"php":">=5.3.0","composer-plugin-api":"^1.1.0 || ^2.0.0"},"require-dev":{"composer/composer":"2.0.x-dev || ^2.0.0-dev","phpunit/phpunit":">=4.8.35 <6.0","codeclimate/php-test-reporter":"dev-master"},"uid":3129410},"dev-master":{"name":"kylekatarnls/update-helper","description":"Update helper","keywords":[],"homepage":"","version":"dev-master","version_normalized":"9999999-dev","license":["MIT"],"authors":[{"name":"Kyle","email":"kylekatarnls@gmail.com"}],"source":{"type":"git","url":"https://github.com/kylekatarnls/update-helper.git","reference":"5786fa188e0361b9adf9e8199d7280d1b2db165e"},"dist":{"type":"zip","url":"https://api.github.com/repos/kylekatarnls/update-helper/zipball/5786fa188e0361b9adf9e8199d7280d1b2db165e","reference":"5786fa188e0361b9adf9e8199d7280d1b2db165e","shasum":""},"type":"composer-plugin","time":"2019-07-29T11:03:54+00:00","autoload":{"psr-0":{"UpdateHelper\\":"src/"}},"extra":{"class":"UpdateHelper\\ComposerPlugin"},"require":{"php":">=5.3.0","composer-plugin-api":"^1.1.0 || ^2.0.0"},"require-dev":{"phpunit/phpunit":">=4.8.35 <6.0","codeclimate/php-test-reporter":"dev-master","composer/composer":"2.0.x-dev || ^2.0.0-dev"},"uid":2972444}}}}