{"packages":{"symfony/contracts":{"dev-master":{"name":"symfony/contracts","description":"A set of abstractions extracted out of the Symfony components","keywords":["interfaces","standards","interoperability","contracts","abstractions","decoupling"],"homepage":"https://symfony.com","version":"dev-master","version_normalized":"9999999-dev","license":["MIT"],"authors":[{"name":"Nicolas Grekas","email":"p@tchwork.com"},{"name":"Symfony Community","homepage":"https://symfony.com/contributors"}],"source":{"type":"git","url":"https://github.com/symfony/contracts.git","reference":"6069b666392dbd2e6494409958618a7d033c24ba"},"dist":{"type":"zip","url":"https://api.github.com/repos/symfony/contracts/zipball/6069b666392dbd2e6494409958618a7d033c24ba","reference":"6069b666392dbd2e6494409958618a7d033c24ba","shasum":""},"type":"library","time":"2020-01-04T14:08:26+00:00","autoload":{"psr-4":{"Symfony\\Contracts\\":""},"exclude-from-classmap":["**/Tests/"]},"extra":{"branch-alias":{"dev-master":"2.0-dev"}},"require":{"psr/cache":"^1.0","psr/container":"^1.0","psr/event-dispatcher":"^1.0","php":"^7.2.5"},"require-dev":{"symfony/polyfill-intl-idn":"^1.10"},"suggest":{"symfony/event-dispatcher-implementation":"","symfony/cache-implementation":"","symfony/http-client-implementation":"","symfony/service-implementation":"","symfony/translation-implementation":""},"replace":{"symfony/cache-contracts":"self.version","symfony/event-dispatcher-contracts":"self.version","symfony/http-client-contracts":"self.version","symfony/service-contracts":"self.version","symfony/translation-contracts":"self.version"},"uid":2329982},"v1.1.1":{"name":"symfony/contracts","description":"A set of abstractions extracted out of the Symfony components","keywords":["interfaces","standards","interoperability","contracts","abstractions","decoupling"],"homepage":"https://symfony.com","version":"v1.1.1","version_normalized":"1.1.1.0","license":["MIT"],"authors":[{"name":"Nicolas Grekas","email":"p@tchwork.com"},{"name":"Symfony Community","homepage":"https://symfony.com/contributors"}],"source":{"type":"git","url":"https://github.com/symfony/contracts.git","reference":"b6e291a08e6b002fb56aa6f3e2a2beb6674d2b2f"},"dist":{"type":"zip","url":"https://api.github.com/repos/symfony/contracts/zipball/b6e291a08e6b002fb56aa6f3e2a2beb6674d2b2f","reference":"b6e291a08e6b002fb56aa6f3e2a2beb6674d2b2f","shasum":""},"type":"library","time":"2019-05-28T07:50:59+00:00","autoload":{"psr-4":{"Symfony\\Contracts\\":""},"exclude-from-classmap":["**/Tests/"]},"extra":{"branch-alias":{"dev-master":"1.1-dev"}},"require":{"php":"^7.1.3"},"require-dev":{"psr/cache":"^1.0","psr/container":"^1.0","symfony/polyfill-intl-idn":"^1.10"},"suggest":{"psr/cache":"When using the Cache contracts","psr/container":"When using the Service contracts","psr/event-dispatcher":"When using the EventDispatcher contracts","symfony/cache-implementation":"","symfony/event-dispatcher-implementation":"","symfony/http-client-implementation":"","symfony/service-implementation":"","symfony/translation-implementation":""},"replace":{"symfony/cache-contracts":"self.version","symfony/event-dispatcher-contracts":"self.version","symfony/http-client-contracts":"self.version","symfony/service-contracts":"self.version","symfony/translation-contracts":"self.version"},"uid":2992695},"v1.1.2":{"name":"symfony/contracts","description":"A set of abstractions extracted out of the Symfony components","keywords":["interfaces","standards","interoperability","contracts","abstractions","decoupling"],"homepage":"https://symfony.com","version":"v1.1.2","version_normalized":"1.1.2.0","license":["MIT"],"authors":[{"name":"Nicolas Grekas","email":"p@tchwork.com"},{"name":"Symfony Community","homepage":"https://symfony.com/contributors"}],"source":{"type":"git","url":"https://github.com/symfony/contracts.git","reference":"b6e291a08e6b002fb56aa6f3e2a2beb6674d2b2f"},"dist":{"type":"zip","url":"https://api.github.com/repos/symfony/contracts/zipball/b6e291a08e6b002fb56aa6f3e2a2beb6674d2b2f","reference":"b6e291a08e6b002fb56aa6f3e2a2beb6674d2b2f","shasum":""},"type":"library","time":"2019-05-28T07:50:59+00:00","autoload":{"psr-4":{"Symfony\\Contracts\\":""},"exclude-from-classmap":["**/Tests/"]},"extra":{"branch-alias":{"dev-master":"1.1-dev"}},"require":{"php":"^7.1.3"},"require-dev":{"psr/cache":"^1.0","psr/container":"^1.0","symfony/polyfill-intl-idn":"^1.10"},"suggest":{"psr/cache":"When using the Cache contracts","psr/container":"When using the Service contracts","psr/event-dispatcher":"When using the EventDispatcher contracts","symfony/cache-implementation":"","symfony/event-dispatcher-implementation":"","symfony/http-client-implementation":"","symfony/service-implementation":"","symfony/translation-implementation":""},"replace":{"symfony/cache-contracts":"self.version","symfony/event-dispatcher-contracts":"self.version","symfony/http-client-contracts":"self.version","symfony/service-contracts":"self.version","symfony/translation-contracts":"self.version"},"uid":3006820},"v1.1.3":{"name":"symfony/contracts","description":"A set of abstractions extracted out of the Symfony components","keywords":["interfaces","standards","interoperability","contracts","abstractions","decoupling"],"homepage":"https://symfony.com","version":"v1.1.3","version_normalized":"1.1.3.0","license":["MIT"],"authors":[{"name":"Nicolas Grekas","email":"p@tchwork.com"},{"name":"Symfony Community","homepage":"https://symfony.com/contributors"}],"source":{"type":"git","url":"https://github.com/symfony/contracts.git","reference":"2d19b12caccbd80cf0c85624dc87b7021a0df1d5"},"dist":{"type":"zip","url":"https://api.github.com/repos/symfony/contracts/zipball/2d19b12caccbd80cf0c85624dc87b7021a0df1d5","reference":"2d19b12caccbd80cf0c85624dc87b7021a0df1d5","shasum":""},"type":"library","time":"2019-06-05T13:28:50+00:00","autoload":{"psr-4":{"Symfony\\Contracts\\":""},"exclude-from-classmap":["**/Tests/"]},"extra":{"branch-alias":{"dev-master":"1.1-dev"}},"require":{"php":"^7.1.3"},"require-dev":{"psr/cache":"^1.0","psr/container":"^1.0","symfony/polyfill-intl-idn":"^1.10"},"suggest":{"psr/cache":"When using the Cache contracts","psr/container":"When using the Service contracts","psr/event-dispatcher":"When using the EventDispatcher contracts","symfony/cache-implementation":"","symfony/event-dispatcher-implementation":"","symfony/http-client-implementation":"","symfony/service-implementation":"","symfony/translation-implementation":""},"replace":{"symfony/cache-contracts":"self.version","symfony/event-dispatcher-contracts":"self.version","symfony/http-client-contracts":"self.version","symfony/service-contracts":"self.version","symfony/translation-contracts":"self.version"},"uid":3016276},"v1.1.4":{"name":"symfony/contracts","description":"A set of abstractions extracted out of the Symfony components","keywords":["interfaces","standards","interoperability","contracts","abstractions","decoupling"],"homepage":"https://symfony.com","version":"v1.1.4","version_normalized":"1.1.4.0","license":["MIT"],"authors":[{"name":"Nicolas Grekas","email":"p@tchwork.com"},{"name":"Symfony Community","homepage":"https://symfony.com/contributors"}],"source":{"type":"git","url":"https://github.com/symfony/contracts.git","reference":"b0e5e4d0fc6a75ff01edc5e6bbca0d28fee165b7"},"dist":{"type":"zip","url":"https://api.github.com/repos/symfony/contracts/zipball/b0e5e4d0fc6a75ff01edc5e6bbca0d28fee165b7","reference":"b0e5e4d0fc6a75ff01edc5e6bbca0d28fee165b7","shasum":""},"type":"library","time":"2019-06-17T17:43:54+00:00","autoload":{"psr-4":{"Symfony\\Contracts\\":""},"exclude-from-classmap":["**/Tests/"]},"extra":{"branch-alias":{"dev-master":"1.1-dev"}},"require":{"php":"^7.1.3","psr/cache":"^1.0","psr/container":"^1.0"},"require-dev":{"symfony/polyfill-intl-idn":"^1.10"},"suggest":{"psr/event-dispatcher":"When using the EventDispatcher contracts","symfony/cache-implementation":"","symfony/event-dispatcher-implementation":"","symfony/http-client-implementation":"","symfony/service-implementation":"","symfony/translation-implementation":""},"replace":{"symfony/cache-contracts":"self.version","symfony/event-dispatcher-contracts":"self.version","symfony/http-client-contracts":"self.version","symfony/service-contracts":"self.version","symfony/translation-contracts":"self.version"},"uid":3047536},"v1.1.5":{"name":"symfony/contracts","description":"A set of abstractions extracted out of the Symfony components","keywords":["interfaces","standards","interoperability","contracts","abstractions","decoupling"],"homepage":"https://symfony.com","version":"v1.1.5","version_normalized":"1.1.5.0","license":["MIT"],"authors":[{"name":"Nicolas Grekas","email":"p@tchwork.com"},{"name":"Symfony Community","homepage":"https://symfony.com/contributors"}],"source":{"type":"git","url":"https://github.com/symfony/contracts.git","reference":"3f3f796d5f24a098a9da62828b8daa1b11494c1b"},"dist":{"type":"zip","url":"https://api.github.com/repos/symfony/contracts/zipball/3f3f796d5f24a098a9da62828b8daa1b11494c1b","reference":"3f3f796d5f24a098a9da62828b8daa1b11494c1b","shasum":""},"type":"library","time":"2019-06-20T06:46:26+00:00","autoload":{"psr-4":{"Symfony\\Contracts\\":""},"exclude-from-classmap":["**/Tests/"]},"extra":{"branch-alias":{"dev-master":"1.1-dev"}},"require":{"php":"^7.1.3","psr/cache":"^1.0","psr/container":"^1.0"},"require-dev":{"symfony/polyfill-intl-idn":"^1.10"},"suggest":{"psr/event-dispatcher":"When using the EventDispatcher contracts","symfony/cache-implementation":"","symfony/event-dispatcher-implementation":"","symfony/http-client-implementation":"","symfony/service-implementation":"","symfony/translation-implementation":""},"replace":{"symfony/cache-contracts":"self.version","symfony/event-dispatcher-contracts":"self.version","symfony/http-client-contracts":"self.version","symfony/service-contracts":"self.version","symfony/translation-contracts":"self.version"},"uid":3047581},"v1.1.6":{"name":"symfony/contracts","description":"A set of abstractions extracted out of the Symfony components","keywords":["interfaces","standards","interoperability","contracts","abstractions","decoupling"],"homepage":"https://symfony.com","version":"v1.1.6","version_normalized":"1.1.6.0","license":["MIT"],"authors":[{"name":"Nicolas Grekas","email":"p@tchwork.com"},{"name":"Symfony Community","homepage":"https://symfony.com/contributors"}],"source":{"type":"git","url":"https://github.com/symfony/contracts.git","reference":"3692662d26cd9d204a69748792ae021c35313610"},"dist":{"type":"zip","url":"https://api.github.com/repos/symfony/contracts/zipball/3692662d26cd9d204a69748792ae021c35313610","reference":"3692662d26cd9d204a69748792ae021c35313610","shasum":""},"type":"library","time":"2019-08-21T15:14:41+00:00","autoload":{"psr-4":{"Symfony\\Contracts\\":""},"exclude-from-classmap":["**/Tests/"]},"extra":{"branch-alias":{"dev-master":"1.1-dev"}},"require":{"php":"^7.1.3","psr/cache":"^1.0","psr/container":"^1.0"},"require-dev":{"symfony/polyfill-intl-idn":"^1.10"},"suggest":{"psr/event-dispatcher":"When using the EventDispatcher contracts","symfony/cache-implementation":"","symfony/event-dispatcher-implementation":"","symfony/http-client-implementation":"","symfony/service-implementation":"","symfony/translation-implementation":""},"replace":{"symfony/cache-contracts":"self.version","symfony/event-dispatcher-contracts":"self.version","symfony/http-client-contracts":"self.version","symfony/service-contracts":"self.version","symfony/translation-contracts":"self.version"},"uid":3187185},"v1.1.7":{"name":"symfony/contracts","description":"A set of abstractions extracted out of the Symfony components","keywords":["interfaces","standards","interoperability","contracts","abstractions","decoupling"],"homepage":"https://symfony.com","version":"v1.1.7","version_normalized":"1.1.7.0","license":["MIT"],"authors":[{"name":"Nicolas Grekas","email":"p@tchwork.com"},{"name":"Symfony Community","homepage":"https://symfony.com/contributors"}],"source":{"type":"git","url":"https://github.com/symfony/contracts.git","reference":"9cb52490dd60e0f50dbcdbdb3a6dbcb31f3a363e"},"dist":{"type":"zip","url":"https://api.github.com/repos/symfony/contracts/zipball/9cb52490dd60e0f50dbcdbdb3a6dbcb31f3a363e","reference":"9cb52490dd60e0f50dbcdbdb3a6dbcb31f3a363e","shasum":""},"type":"library","time":"2019-10-04T21:43:27+00:00","autoload":{"psr-4":{"Symfony\\Contracts\\":""},"exclude-from-classmap":["**/Tests/"]},"extra":{"branch-alias":{"dev-master":"1.1-dev"}},"require":{"php":"^7.1.3","psr/cache":"^1.0","psr/container":"^1.0"},"require-dev":{"symfony/polyfill-intl-idn":"^1.10"},"suggest":{"psr/event-dispatcher":"When using the EventDispatcher contracts","symfony/cache-implementation":"","symfony/event-dispatcher-implementation":"","symfony/http-client-implementation":"","symfony/service-implementation":"","symfony/translation-implementation":""},"replace":{"symfony/cache-contracts":"self.version","symfony/event-dispatcher-contracts":"self.version","symfony/http-client-contracts":"self.version","symfony/service-contracts":"self.version","symfony/translation-contracts":"self.version"},"uid":3283217},"v1.1.8":{"name":"symfony/contracts","description":"A set of abstractions extracted out of the Symfony components","keywords":["interfaces","standards","interoperability","contracts","abstractions","decoupling"],"homepage":"https://symfony.com","version":"v1.1.8","version_normalized":"1.1.8.0","license":["MIT"],"authors":[{"name":"Nicolas Grekas","email":"p@tchwork.com"},{"name":"Symfony Community","homepage":"https://symfony.com/contributors"}],"source":{"type":"git","url":"https://github.com/symfony/contracts.git","reference":"f51bca9de06b7a25b19a4155da7bebad099a5def"},"dist":{"type":"zip","url":"https://api.github.com/repos/symfony/contracts/zipball/f51bca9de06b7a25b19a4155da7bebad099a5def","reference":"f51bca9de06b7a25b19a4155da7bebad099a5def","shasum":""},"type":"library","time":"2019-11-07T12:44:51+00:00","autoload":{"psr-4":{"Symfony\\Contracts\\":""},"exclude-from-classmap":["**/Tests/"]},"extra":{"branch-alias":{"dev-master":"1.1-dev"}},"require":{"php":"^7.1.3","psr/cache":"^1.0","psr/container":"^1.0"},"require-dev":{"symfony/polyfill-intl-idn":"^1.10"},"suggest":{"psr/event-dispatcher":"When using the EventDispatcher contracts","symfony/cache-implementation":"","symfony/event-dispatcher-implementation":"","symfony/http-client-implementation":"","symfony/service-implementation":"","symfony/translation-implementation":""},"replace":{"symfony/cache-contracts":"self.version","symfony/event-dispatcher-contracts":"self.version","symfony/http-client-contracts":"self.version","symfony/service-contracts":"self.version","symfony/translation-contracts":"self.version"},"uid":3364609},"v2.0.0":{"name":"symfony/contracts","description":"A set of abstractions extracted out of the Symfony components","keywords":["interfaces","standards","interoperability","contracts","abstractions","decoupling"],"homepage":"https://symfony.com","version":"v2.0.0","version_normalized":"2.0.0.0","license":["MIT"],"authors":[{"name":"Nicolas Grekas","email":"p@tchwork.com"},{"name":"Symfony Community","homepage":"https://symfony.com/contributors"}],"source":{"type":"git","url":"https://github.com/symfony/contracts.git","reference":"120a869f132d9f7f10a7cb79918ae45b1f1d1588"},"dist":{"type":"zip","url":"https://api.github.com/repos/symfony/contracts/zipball/120a869f132d9f7f10a7cb79918ae45b1f1d1588","reference":"120a869f132d9f7f10a7cb79918ae45b1f1d1588","shasum":""},"type":"library","time":"2019-11-09T09:18:34+00:00","autoload":{"psr-4":{"Symfony\\Contracts\\":""},"exclude-from-classmap":["**/Tests/"]},"extra":{"branch-alias":{"dev-master":"2.0-dev"}},"require":{"php":"^7.2.9","psr/cache":"^1.0","psr/container":"^1.0","psr/event-dispatcher":"^1.0"},"require-dev":{"symfony/polyfill-intl-idn":"^1.10"},"suggest":{"symfony/cache-implementation":"","symfony/event-dispatcher-implementation":"","symfony/http-client-implementation":"","symfony/service-implementation":"","symfony/translation-implementation":""},"replace":{"symfony/cache-contracts":"self.version","symfony/event-dispatcher-contracts":"self.version","symfony/http-client-contracts":"self.version","symfony/service-contracts":"self.version","symfony/translation-contracts":"self.version"},"uid":3365453},"v2.0.1":{"name":"symfony/contracts","description":"A set of abstractions extracted out of the Symfony components","keywords":["interfaces","standards","interoperability","contracts","abstractions","decoupling"],"homepage":"https://symfony.com","version":"v2.0.1","version_normalized":"2.0.1.0","license":["MIT"],"authors":[{"name":"Nicolas Grekas","email":"p@tchwork.com"},{"name":"Symfony Community","homepage":"https://symfony.com/contributors"}],"source":{"type":"git","url":"https://github.com/symfony/contracts.git","reference":"b3b9b70bfacfd204d352e7e7350e02c02c0fff78"},"dist":{"type":"zip","url":"https://api.github.com/repos/symfony/contracts/zipball/b3b9b70bfacfd204d352e7e7350e02c02c0fff78","reference":"b3b9b70bfacfd204d352e7e7350e02c02c0fff78","shasum":""},"type":"library","time":"2019-11-26T23:25:11+00:00","autoload":{"psr-4":{"Symfony\\Contracts\\":""},"exclude-from-classmap":["**/Tests/"]},"extra":{"branch-alias":{"dev-master":"2.0-dev"}},"require":{"php":"^7.2.5","psr/cache":"^1.0","psr/container":"^1.0","psr/event-dispatcher":"^1.0"},"require-dev":{"symfony/polyfill-intl-idn":"^1.10"},"suggest":{"symfony/cache-implementation":"","symfony/event-dispatcher-implementation":"","symfony/http-client-implementation":"","symfony/service-implementation":"","symfony/translation-implementation":""},"replace":{"symfony/cache-contracts":"self.version","symfony/event-dispatcher-contracts":"self.version","symfony/http-client-contracts":"self.version","symfony/service-contracts":"self.version","symfony/translation-contracts":"self.version"},"uid":3420881}},"symfony/event-dispatcher-contracts":{"dev-master":{"name":"symfony/event-dispatcher-contracts","description":"Generic abstractions related to dispatching event","keywords":["interfaces","standards","interoperability","contracts","abstractions","decoupling"],"homepage":"https://symfony.com","version":"dev-master","version_normalized":"9999999-dev","license":["MIT"],"authors":[{"name":"Nicolas Grekas","email":"p@tchwork.com"},{"name":"Symfony Community","homepage":"https://symfony.com/contributors"}],"source":{"type":"git","url":"https://github.com/symfony/event-dispatcher-contracts.git","reference":"454f46234e2dadd9ecb0af0af613a79972787e9b"},"dist":{"type":"zip","url":"https://api.github.com/repos/symfony/event-dispatcher-contracts/zipball/454f46234e2dadd9ecb0af0af613a79972787e9b","reference":"454f46234e2dadd9ecb0af0af613a79972787e9b","shasum":""},"type":"library","time":"2020-01-04T14:08:26+00:00","autoload":{"psr-4":{"Symfony\\Contracts\\EventDispatcher\\":""}},"extra":{"branch-alias":{"dev-master":"2.0-dev"}},"require":{"psr/event-dispatcher":"^1","php":"^7.2.5"},"suggest":{"symfony/event-dispatcher-implementation":""},"uid":2990160},"v1.1.1":{"name":"symfony/event-dispatcher-contracts","description":"Generic abstractions related to dispatching event","keywords":["interfaces","standards","interoperability","contracts","abstractions","decoupling"],"homepage":"https://symfony.com","version":"v1.1.1","version_normalized":"1.1.1.0","license":["MIT"],"authors":[{"name":"Nicolas Grekas","email":"p@tchwork.com"},{"name":"Symfony Community","homepage":"https://symfony.com/contributors"}],"source":{"type":"git","url":"https://github.com/symfony/event-dispatcher-contracts.git","reference":"8fa2cf2177083dd59cf8e44ea4b6541764fbda69"},"dist":{"type":"zip","url":"https://api.github.com/repos/symfony/event-dispatcher-contracts/zipball/8fa2cf2177083dd59cf8e44ea4b6541764fbda69","reference":"8fa2cf2177083dd59cf8e44ea4b6541764fbda69","shasum":""},"type":"library","time":"2019-05-22T12:23:29+00:00","autoload":{"psr-4":{"Symfony\\Contracts\\EventDispatcher\\":""}},"extra":{"branch-alias":{"dev-master":"1.1-dev"}},"require":{"php":"^7.1.3"},"suggest":{"psr/event-dispatcher":"","symfony/event-dispatcher-implementation":""},"uid":2990189},"v1.1.4":{"name":"symfony/event-dispatcher-contracts","description":"Generic abstractions related to dispatching event","keywords":["interfaces","standards","interoperability","contracts","abstractions","decoupling"],"homepage":"https://symfony.com","version":"v1.1.4","version_normalized":"1.1.4.0","license":["MIT"],"authors":[{"name":"Nicolas Grekas","email":"p@tchwork.com"},{"name":"Symfony Community","homepage":"https://symfony.com/contributors"}],"source":{"type":"git","url":"https://github.com/symfony/event-dispatcher-contracts.git","reference":"04e22670b5827c9608d0e2b14290edc41842fab6"},"dist":{"type":"zip","url":"https://api.github.com/repos/symfony/event-dispatcher-contracts/zipball/04e22670b5827c9608d0e2b14290edc41842fab6","reference":"04e22670b5827c9608d0e2b14290edc41842fab6","shasum":""},"type":"library","time":"2019-06-17T11:53:04+00:00","autoload":{"psr-4":{"Symfony\\Contracts\\EventDispatcher\\":""}},"extra":{"branch-alias":{"dev-master":"1.1-dev"}},"require":{"php":"^7.1.3"},"suggest":{"psr/event-dispatcher":"","symfony/event-dispatcher-implementation":""},"uid":3047543},"v1.1.5":{"name":"symfony/event-dispatcher-contracts","description":"Generic abstractions related to dispatching event","keywords":["interfaces","standards","interoperability","contracts","abstractions","decoupling"],"homepage":"https://symfony.com","version":"v1.1.5","version_normalized":"1.1.5.0","license":["MIT"],"authors":[{"name":"Nicolas Grekas","email":"p@tchwork.com"},{"name":"Symfony Community","homepage":"https://symfony.com/contributors"}],"source":{"type":"git","url":"https://github.com/symfony/event-dispatcher-contracts.git","reference":"c61766f4440ca687de1084a5c00b08e167a2575c"},"dist":{"type":"zip","url":"https://api.github.com/repos/symfony/event-dispatcher-contracts/zipball/c61766f4440ca687de1084a5c00b08e167a2575c","reference":"c61766f4440ca687de1084a5c00b08e167a2575c","shasum":""},"type":"library","time":"2019-06-20T06:46:26+00:00","autoload":{"psr-4":{"Symfony\\Contracts\\EventDispatcher\\":""}},"extra":{"branch-alias":{"dev-master":"1.1-dev"}},"require":{"php":"^7.1.3"},"suggest":{"psr/event-dispatcher":"","symfony/event-dispatcher-implementation":""},"uid":3047583},"v1.1.7":{"name":"symfony/event-dispatcher-contracts","description":"Generic abstractions related to dispatching event","keywords":["interfaces","standards","interoperability","contracts","abstractions","decoupling"],"homepage":"https://symfony.com","version":"v1.1.7","version_normalized":"1.1.7.0","license":["MIT"],"authors":[{"name":"Nicolas Grekas","email":"p@tchwork.com"},{"name":"Symfony Community","homepage":"https://symfony.com/contributors"}],"source":{"type":"git","url":"https://github.com/symfony/event-dispatcher-contracts.git","reference":"c43ab685673fb6c8d84220c77897b1d6cdbe1d18"},"dist":{"type":"zip","url":"https://api.github.com/repos/symfony/event-dispatcher-contracts/zipball/c43ab685673fb6c8d84220c77897b1d6cdbe1d18","reference":"c43ab685673fb6c8d84220c77897b1d6cdbe1d18","shasum":""},"type":"library","time":"2019-09-17T09:54:03+00:00","autoload":{"psr-4":{"Symfony\\Contracts\\EventDispatcher\\":""}},"extra":{"branch-alias":{"dev-master":"1.1-dev"}},"require":{"php":"^7.1.3"},"suggest":{"psr/event-dispatcher":"","symfony/event-dispatcher-implementation":""},"uid":3283220},"v2.0.0":{"name":"symfony/event-dispatcher-contracts","description":"Generic abstractions related to dispatching event","keywords":["interfaces","standards","interoperability","contracts","abstractions","decoupling"],"homepage":"https://symfony.com","version":"v2.0.0","version_normalized":"2.0.0.0","license":["MIT"],"authors":[{"name":"Nicolas Grekas","email":"p@tchwork.com"},{"name":"Symfony Community","homepage":"https://symfony.com/contributors"}],"source":{"type":"git","url":"https://github.com/symfony/event-dispatcher-contracts.git","reference":"bb09b1d8f8a35243195189ded0d41bdc798ac2fb"},"dist":{"type":"zip","url":"https://api.github.com/repos/symfony/event-dispatcher-contracts/zipball/bb09b1d8f8a35243195189ded0d41bdc798ac2fb","reference":"bb09b1d8f8a35243195189ded0d41bdc798ac2fb","shasum":""},"type":"library","time":"2019-11-09T09:18:34+00:00","autoload":{"psr-4":{"Symfony\\Contracts\\EventDispatcher\\":""}},"extra":{"branch-alias":{"dev-master":"2.0-dev"}},"require":{"php":"^7.2.9","psr/event-dispatcher":"^1"},"suggest":{"symfony/event-dispatcher-implementation":""},"uid":3365457},"v2.0.1":{"name":"symfony/event-dispatcher-contracts","description":"Generic abstractions related to dispatching event","keywords":["interfaces","standards","interoperability","contracts","abstractions","decoupling"],"homepage":"https://symfony.com","version":"v2.0.1","version_normalized":"2.0.1.0","license":["MIT"],"authors":[{"name":"Nicolas Grekas","email":"p@tchwork.com"},{"name":"Symfony Community","homepage":"https://symfony.com/contributors"}],"source":{"type":"git","url":"https://github.com/symfony/event-dispatcher-contracts.git","reference":"af23c2584d4577d54661c434446fb8fbed6025dd"},"dist":{"type":"zip","url":"https://api.github.com/repos/symfony/event-dispatcher-contracts/zipball/af23c2584d4577d54661c434446fb8fbed6025dd","reference":"af23c2584d4577d54661c434446fb8fbed6025dd","shasum":""},"type":"library","time":"2019-11-18T17:27:11+00:00","autoload":{"psr-4":{"Symfony\\Contracts\\EventDispatcher\\":""}},"extra":{"branch-alias":{"dev-master":"2.0-dev"}},"require":{"php":"^7.2.5","psr/event-dispatcher":"^1"},"suggest":{"symfony/event-dispatcher-implementation":""},"uid":3420883}}}}