{"packages":{"dnoegel/php-xdg-base-dir":{"0.1":{"name":"dnoegel/php-xdg-base-dir","description":"implementation of xdg base directory specification for php","keywords":[],"homepage":"","version":"0.1","version_normalized":"0.1.0.0","license":["MIT"],"authors":[],"source":{"type":"git","url":"https://github.com/dnoegel/php-xdg-base-dir.git","reference":"265b8593498b997dc2d31e75b89f053b5cc9621a"},"dist":{"type":"zip","url":"https://api.github.com/repos/dnoegel/php-xdg-base-dir/zipball/265b8593498b997dc2d31e75b89f053b5cc9621a","reference":"265b8593498b997dc2d31e75b89f053b5cc9621a","shasum":""},"type":"project","time":"2014-10-24T07:27:01+00:00","autoload":{"psr-4":{"XdgBaseDir\\":"src/"}},"require":{"php":">=5.3.2"},"require-dev":{"phpunit/phpunit":"@stable"},"uid":256399},"dev-master":{"name":"dnoegel/php-xdg-base-dir","description":"implementation of xdg base directory specification for php","keywords":[],"homepage":"","version":"dev-master","version_normalized":"9999999-dev","license":["MIT"],"authors":[],"source":{"type":"git","url":"https://github.com/dnoegel/php-xdg-base-dir.git","reference":"12f5b94710c8f5b504432d57ce353075fc434339"},"dist":{"type":"zip","url":"https://api.github.com/repos/dnoegel/php-xdg-base-dir/zipball/12f5b94710c8f5b504432d57ce353075fc434339","reference":"12f5b94710c8f5b504432d57ce353075fc434339","shasum":""},"type":"library","time":"2019-12-16T04:18:20+00:00","autoload":{"psr-4":{"XdgBaseDir\\":"src/"}},"require":{"php":">=5.3.2"},"require-dev":{"phpunit/phpunit":"~7.0|~6.0|~5.0|~4.8.35"},"uid":194796},"v0.1.1":{"name":"dnoegel/php-xdg-base-dir","description":"implementation of xdg base directory specification for php","keywords":[],"homepage":"","version":"v0.1.1","version_normalized":"0.1.1.0","license":["MIT"],"authors":[],"source":{"type":"git","url":"https://github.com/dnoegel/php-xdg-base-dir.git","reference":"8f8a6e48c5ecb0f991c2fdcf5f154a47d85f9ffd"},"dist":{"type":"zip","url":"https://api.github.com/repos/dnoegel/php-xdg-base-dir/zipball/8f8a6e48c5ecb0f991c2fdcf5f154a47d85f9ffd","reference":"8f8a6e48c5ecb0f991c2fdcf5f154a47d85f9ffd","shasum":""},"type":"library","time":"2019-12-04T15:06:13+00:00","autoload":{"psr-4":{"XdgBaseDir\\":"src/"}},"require":{"php":">=5.3.2"},"require-dev":{"phpunit/phpunit":"~7.0|~6.0|~5.0|~4.8.35"},"uid":3433333}}}}