{"packages":{"dompdf/dompdf":{"dev-0.6.2-hotfix":{"name":"dompdf/dompdf","description":"DOMPDF is a CSS 2.1 compliant HTML to PDF converter","keywords":[],"homepage":"https://github.com/dompdf/dompdf","version":"dev-0.6.2-hotfix","version_normalized":"dev-0.6.2-hotfix","license":["LGPL"],"authors":[{"name":"Fabien Ménager","email":"fabien.menager@gmail.com"},{"name":"Brian Sweeney","email":"eclecticgeek@gmail.com"}],"source":{"type":"git","url":"https://github.com/dompdf/dompdf.git","reference":"b09e8e9eb8c0007d61b4123783a62f34673c5237"},"dist":{"type":"zip","url":"https://api.github.com/repos/dompdf/dompdf/zipball/b09e8e9eb8c0007d61b4123783a62f34673c5237","reference":"b09e8e9eb8c0007d61b4123783a62f34673c5237","shasum":""},"type":"library","time":"2015-11-07T03:36:41+00:00","autoload":{"classmap":["include/"]},"require":{"phenx/php-font-lib":"0.2.*"},"uid":2043807},"dev-develop":{"name":"dompdf/dompdf","description":"DOMPDF is a CSS 2.1 compliant HTML to PDF converter","keywords":[],"homepage":"https://github.com/dompdf/dompdf","version":"dev-develop","version_normalized":"dev-develop","license":["LGPL-2.1"],"authors":[{"name":"Fabien Ménager","email":"fabien.menager@gmail.com"},{"name":"Brian Sweeney","email":"eclecticgeek@gmail.com"},{"name":"Gabriel Bull","email":"me@gabrielbull.com"}],"source":{"type":"git","url":"https://github.com/dompdf/dompdf.git","reference":"0f9eb3feb6db7032af63c06f567027762025e8a5"},"dist":{"type":"zip","url":"https://api.github.com/repos/dompdf/dompdf/zipball/0f9eb3feb6db7032af63c06f567027762025e8a5","reference":"0f9eb3feb6db7032af63c06f567027762025e8a5","shasum":""},"type":"library","time":"2020-01-21T12:44:50+00:00","autoload":{"psr-4":{"Dompdf\\":"src/"},"classmap":["lib/"]},"extra":{"branch-alias":{"dev-develop":"0.7-dev"}},"require":{"ext-dom":"*","ext-mbstring":"*","phenx/php-svg-lib":"^0.3.3","php":"^7.1","phenx/php-font-lib":"^0.5.1"},"require-dev":{"phpunit/phpunit":"^7.5","squizlabs/php_codesniffer":"^3.5"},"suggest":{"ext-gd":"Needed to process images","ext-imagick":"Improves image processing performance","ext-gmagick":"Improves image processing performance"},"uid":143678},"dev-encoding":{"name":"dompdf/dompdf","description":"DOMPDF is a CSS 2.1 compliant HTML to PDF converter","keywords":[],"homepage":"https://github.com/dompdf/dompdf","version":"dev-encoding","version_normalized":"dev-encoding","license":["LGPL"],"authors":[{"name":"Fabien Ménager","email":"fabien.menager@gmail.com"},{"name":"Brian Sweeney","email":"eclecticgeek@gmail.com"},{"name":"Gabriel Bull","email":"me@gabrielbull.com"}],"source":{"type":"git","url":"https://github.com/dompdf/dompdf.git","reference":"049c10ae68635ae90b349f92349e8bea5b399aa1"},"dist":{"type":"zip","url":"https://api.github.com/repos/dompdf/dompdf/zipball/049c10ae68635ae90b349f92349e8bea5b399aa1","reference":"049c10ae68635ae90b349f92349e8bea5b399aa1","shasum":""},"type":"library","time":"2014-03-16T21:47:08+00:00","autoload":{"classmap":["include/"],"psr-0":{"Dompdf":"include/"}},"require":{"php":">=5.3.0","phenx/php-font-lib":"0.2.*"},"require-dev":{"phpunit/phpunit":"3.7.*"},"uid":2043805},"dev-master":{"name":"dompdf/dompdf","description":"DOMPDF is a CSS 2.1 compliant HTML to PDF converter","keywords":[],"homepage":"https://github.com/dompdf/dompdf","version":"dev-master","version_normalized":"9999999-dev","license":["LGPL-2.1"],"authors":[{"name":"Fabien Ménager","email":"fabien.menager@gmail.com"},{"name":"Brian Sweeney","email":"eclecticgeek@gmail.com"},{"name":"Gabriel Bull","email":"me@gabrielbull.com"}],"source":{"type":"git","url":"https://github.com/dompdf/dompdf.git","reference":"8f49b3b01693f51037dd50da81090beba1b5c005"},"dist":{"type":"zip","url":"https://api.github.com/repos/dompdf/dompdf/zipball/8f49b3b01693f51037dd50da81090beba1b5c005","reference":"8f49b3b01693f51037dd50da81090beba1b5c005","shasum":""},"type":"library","time":"2020-01-20T17:00:46+00:00","autoload":{"psr-4":{"Dompdf\\":"src/"},"classmap":["lib/"]},"extra":{"branch-alias":{"dev-develop":"0.7-dev"}},"require":{"ext-dom":"*","ext-mbstring":"*","php":"^7.1","phenx/php-font-lib":"^0.5.1","phenx/php-svg-lib":"^0.3.3"},"require-dev":{"phpunit/phpunit":"^7.5","squizlabs/php_codesniffer":"^3.5"},"suggest":{"ext-gd":"Needed to process images","ext-imagick":"Improves image processing performance","ext-gmagick":"Improves image processing performance"},"uid":25240},"dev-tagged-pdf":{"name":"dompdf/dompdf","description":"DOMPDF is a CSS 2.1 compliant HTML to PDF converter","keywords":[],"homepage":"https://github.com/dompdf/dompdf","version":"dev-tagged-pdf","version_normalized":"dev-tagged-pdf","license":["LGPL"],"authors":[{"name":"Fabien Ménager","email":"fabien.menager@gmail.com"},{"name":"Brian Sweeney","email":"eclecticgeek@gmail.com"},{"name":"Gabriel Bull","email":"me@gabrielbull.com"}],"source":{"type":"git","url":"https://github.com/dompdf/dompdf.git","reference":"7a605696fbd4dc3067f56084f980b43a3b10de46"},"dist":{"type":"zip","url":"https://api.github.com/repos/dompdf/dompdf/zipball/7a605696fbd4dc3067f56084f980b43a3b10de46","reference":"7a605696fbd4dc3067f56084f980b43a3b10de46","shasum":""},"type":"library","time":"2014-12-08T03:58:56+00:00","autoload":{"psr-0":{"Dompdf":"src/"}},"require":{"php":">=5.3.0","phenx/php-font-lib":"0.3.*"},"require-dev":{"phpunit/phpunit":"3.7.*"},"uid":2043806},"v0.6.0":{"name":"dompdf/dompdf","description":"DOMPDF is a CSS 2.1 compliant HTML to PDF converter","keywords":[],"homepage":"https://github.com/dompdf/dompdf","version":"v0.6.0","version_normalized":"0.6.0.0","license":["LGPL"],"authors":[{"name":"Fabien Ménager","email":"fabien.menager@gmail.com"},{"name":"Brian Sweeney","email":"eclecticgeek@gmail.com"}],"source":{"type":"git","url":"https://github.com/dompdf/dompdf.git","reference":"fbb288daad0096350cdead591dd8d450e490fbd0"},"dist":{"type":"zip","url":"https://api.github.com/repos/dompdf/dompdf/zipball/fbb288daad0096350cdead591dd8d450e490fbd0","reference":"fbb288daad0096350cdead591dd8d450e490fbd0","shasum":""},"type":"library","time":"2014-02-07T02:58:53+00:00","autoload":{"classmap":["include/"]},"require":{"phenx/php-font-lib":"0.2.*"},"uid":130509},"v0.6.1":{"name":"dompdf/dompdf","description":"DOMPDF is a CSS 2.1 compliant HTML to PDF converter","keywords":[],"homepage":"https://github.com/dompdf/dompdf","version":"v0.6.1","version_normalized":"0.6.1.0","license":["LGPL"],"authors":[{"name":"Fabien Ménager","email":"fabien.menager@gmail.com"},{"name":"Brian Sweeney","email":"eclecticgeek@gmail.com"}],"source":{"type":"git","url":"https://github.com/dompdf/dompdf.git","reference":"cf7d8a0a27270418850cc7d7ea532159e5eeb3eb"},"dist":{"type":"zip","url":"https://api.github.com/repos/dompdf/dompdf/zipball/cf7d8a0a27270418850cc7d7ea532159e5eeb3eb","reference":"cf7d8a0a27270418850cc7d7ea532159e5eeb3eb","shasum":""},"type":"library","time":"2014-03-11T01:59:52+00:00","autoload":{"classmap":["include/"]},"require":{"phenx/php-font-lib":"0.2.*"},"uid":143866},"v0.6.2":{"name":"dompdf/dompdf","description":"DOMPDF is a CSS 2.1 compliant HTML to PDF converter","keywords":[],"homepage":"https://github.com/dompdf/dompdf","version":"v0.6.2","version_normalized":"0.6.2.0","license":["LGPL"],"authors":[{"name":"Fabien Ménager","email":"fabien.menager@gmail.com"},{"name":"Brian Sweeney","email":"eclecticgeek@gmail.com"}],"source":{"type":"git","url":"https://github.com/dompdf/dompdf.git","reference":"cc06008f75262510ee135b8cbb14e333a309f651"},"dist":{"type":"zip","url":"https://api.github.com/repos/dompdf/dompdf/zipball/cc06008f75262510ee135b8cbb14e333a309f651","reference":"cc06008f75262510ee135b8cbb14e333a309f651","shasum":""},"type":"library","time":"2015-12-07T04:07:13+00:00","autoload":{"classmap":["include/"]},"require":{"phenx/php-font-lib":"0.2.*"},"uid":619987},"v0.7.0":{"name":"dompdf/dompdf","description":"DOMPDF is a CSS 2.1 compliant HTML to PDF converter","keywords":[],"homepage":"https://github.com/dompdf/dompdf","version":"v0.7.0","version_normalized":"0.7.0.0","license":["LGPL-2.1"],"authors":[{"name":"Fabien Ménager","email":"fabien.menager@gmail.com"},{"name":"Brian Sweeney","email":"eclecticgeek@gmail.com"},{"name":"Gabriel Bull","email":"me@gabrielbull.com"}],"source":{"type":"git","url":"https://github.com/dompdf/dompdf.git","reference":"5c98652b1a5beb7e3cc8ec35419b2828dd63ab14"},"dist":{"type":"zip","url":"https://api.github.com/repos/dompdf/dompdf/zipball/5c98652b1a5beb7e3cc8ec35419b2828dd63ab14","reference":"5c98652b1a5beb7e3cc8ec35419b2828dd63ab14","shasum":""},"type":"library","time":"2016-05-11T00:36:29+00:00","autoload":{"psr-4":{"Dompdf\\":"src/"},"classmap":["lib/"]},"extra":{"branch-alias":{"dev-develop":"0.7-dev"}},"require":{"php":">=5.3.0","ext-gd":"*","ext-dom":"*","ext-mbstring":"*","phenx/php-font-lib":"0.4.*","phenx/php-svg-lib":"0.1.*"},"require-dev":{"phpunit/phpunit":"3.7.*"},"uid":817007},"v0.7.0-beta":{"name":"dompdf/dompdf","description":"DOMPDF is a CSS 2.1 compliant HTML to PDF converter","keywords":[],"homepage":"https://github.com/dompdf/dompdf","version":"v0.7.0-beta","version_normalized":"0.7.0.0-beta","license":["LGPL"],"authors":[{"name":"Fabien Ménager","email":"fabien.menager@gmail.com"},{"name":"Brian Sweeney","email":"eclecticgeek@gmail.com"},{"name":"Gabriel Bull","email":"me@gabrielbull.com"}],"source":{"type":"git","url":"https://github.com/dompdf/dompdf.git","reference":"ffbfa8b2b38f109a111d3d260a9f30c49a1b3c3e"},"dist":{"type":"zip","url":"https://api.github.com/repos/dompdf/dompdf/zipball/ffbfa8b2b38f109a111d3d260a9f30c49a1b3c3e","reference":"ffbfa8b2b38f109a111d3d260a9f30c49a1b3c3e","shasum":""},"type":"library","time":"2015-05-01T14:26:17+00:00","autoload":{"psr-0":{"Dompdf":"src/"}},"require":{"php":">=5.3.0","phenx/php-font-lib":"0.3.*"},"require-dev":{"phpunit/phpunit":"3.7.*"},"uid":397948},"v0.7.0-beta2":{"name":"dompdf/dompdf","description":"DOMPDF is a CSS 2.1 compliant HTML to PDF converter","keywords":[],"homepage":"https://github.com/dompdf/dompdf","version":"v0.7.0-beta2","version_normalized":"0.7.0.0-beta2","license":["LGPL-3.0"],"authors":[{"name":"Fabien Ménager","email":"fabien.menager@gmail.com"},{"name":"Brian Sweeney","email":"eclecticgeek@gmail.com"},{"name":"Gabriel Bull","email":"me@gabrielbull.com"}],"source":{"type":"git","url":"https://github.com/dompdf/dompdf.git","reference":"a2d069805e1eb2e0fdd8db1a0b877f3ea4f04126"},"dist":{"type":"zip","url":"https://api.github.com/repos/dompdf/dompdf/zipball/a2d069805e1eb2e0fdd8db1a0b877f3ea4f04126","reference":"a2d069805e1eb2e0fdd8db1a0b877f3ea4f04126","shasum":""},"type":"library","time":"2015-09-25T21:40:53+00:00","autoload":{"psr-4":{"Dompdf\\":"src/"},"classmap":["lib/"]},"extra":{"branch-alias":{"dev-develop":"0.7-dev"}},"require":{"php":">=5.3.0","ext-gd":"*","ext-dom":"*","ext-mbstring":"*","phenx/php-font-lib":"0.4.*","phenx/php-svg-lib":"0.1.*"},"require-dev":{"phpunit/phpunit":"3.7.*"},"uid":534192},"v0.7.0-beta3":{"name":"dompdf/dompdf","description":"DOMPDF is a CSS 2.1 compliant HTML to PDF converter","keywords":[],"homepage":"https://github.com/dompdf/dompdf","version":"v0.7.0-beta3","version_normalized":"0.7.0.0-beta3","license":["LGPL-2.1"],"authors":[{"name":"Fabien Ménager","email":"fabien.menager@gmail.com"},{"name":"Brian Sweeney","email":"eclecticgeek@gmail.com"},{"name":"Gabriel Bull","email":"me@gabrielbull.com"}],"source":{"type":"git","url":"https://github.com/dompdf/dompdf.git","reference":"5f13a9afa8862bafdae2108e01246b293cc17a34"},"dist":{"type":"zip","url":"https://api.github.com/repos/dompdf/dompdf/zipball/5f13a9afa8862bafdae2108e01246b293cc17a34","reference":"5f13a9afa8862bafdae2108e01246b293cc17a34","shasum":""},"type":"library","time":"2016-01-22T01:58:47+00:00","autoload":{"psr-4":{"Dompdf\\":"src/"},"classmap":["lib/"]},"extra":{"branch-alias":{"dev-develop":"0.7-dev"}},"require":{"php":">=5.3.0","ext-gd":"*","ext-dom":"*","ext-mbstring":"*","phenx/php-font-lib":"0.4.*","phenx/php-svg-lib":"0.1.*"},"require-dev":{"phpunit/phpunit":"3.7.*"},"uid":667773},"v0.8.0":{"name":"dompdf/dompdf","description":"DOMPDF is a CSS 2.1 compliant HTML to PDF converter","keywords":[],"homepage":"https://github.com/dompdf/dompdf","version":"v0.8.0","version_normalized":"0.8.0.0","license":["LGPL-2.1"],"authors":[{"name":"Fabien Ménager","email":"fabien.menager@gmail.com"},{"name":"Brian Sweeney","email":"eclecticgeek@gmail.com"},{"name":"Gabriel Bull","email":"me@gabrielbull.com"}],"source":{"type":"git","url":"https://github.com/dompdf/dompdf.git","reference":"0f418c6b58fdeafc2a0e80eb1fa5e644e185089c"},"dist":{"type":"zip","url":"https://api.github.com/repos/dompdf/dompdf/zipball/0f418c6b58fdeafc2a0e80eb1fa5e644e185089c","reference":"0f418c6b58fdeafc2a0e80eb1fa5e644e185089c","shasum":""},"type":"library","time":"2017-02-16T02:40:40+00:00","autoload":{"psr-4":{"Dompdf\\":"src/"},"classmap":["lib/"]},"extra":{"branch-alias":{"dev-develop":"0.7-dev"}},"require":{"php":">=5.3.0","ext-gd":"*","ext-dom":"*","ext-mbstring":"*","phenx/php-font-lib":"0.5.*","phenx/php-svg-lib":"0.2.*"},"require-dev":{"phpunit/phpunit":"4.8.*","squizlabs/php_codesniffer":"2.*"},"uid":1240187},"v0.8.1":{"name":"dompdf/dompdf","description":"DOMPDF is a CSS 2.1 compliant HTML to PDF converter","keywords":[],"homepage":"https://github.com/dompdf/dompdf","version":"v0.8.1","version_normalized":"0.8.1.0","license":["LGPL-2.1"],"authors":[{"name":"Fabien Ménager","email":"fabien.menager@gmail.com"},{"name":"Brian Sweeney","email":"eclecticgeek@gmail.com"},{"name":"Gabriel Bull","email":"me@gabrielbull.com"}],"source":{"type":"git","url":"https://github.com/dompdf/dompdf.git","reference":"9ea852c4bdc74fac5def165e6cd52353f7ca3b3f"},"dist":{"type":"zip","url":"https://api.github.com/repos/dompdf/dompdf/zipball/9ea852c4bdc74fac5def165e6cd52353f7ca3b3f","reference":"9ea852c4bdc74fac5def165e6cd52353f7ca3b3f","shasum":""},"type":"library","time":"2017-09-14T01:36:24+00:00","autoload":{"psr-4":{"Dompdf\\":"src/"},"classmap":["lib/"]},"extra":{"branch-alias":{"dev-develop":"0.7-dev"}},"require":{"php":">=5.3.0","ext-gd":"*","ext-dom":"*","ext-mbstring":"*","phenx/php-font-lib":"0.5.*","phenx/php-svg-lib":"0.3.*"},"require-dev":{"phpunit/phpunit":"4.8.*","squizlabs/php_codesniffer":"2.*"},"uid":1620843},"v0.8.2":{"name":"dompdf/dompdf","description":"DOMPDF is a CSS 2.1 compliant HTML to PDF converter","keywords":[],"homepage":"https://github.com/dompdf/dompdf","version":"v0.8.2","version_normalized":"0.8.2.0","license":["LGPL-2.1"],"authors":[{"name":"Fabien Ménager","email":"fabien.menager@gmail.com"},{"name":"Brian Sweeney","email":"eclecticgeek@gmail.com"},{"name":"Gabriel Bull","email":"me@gabrielbull.com"}],"source":{"type":"git","url":"https://github.com/dompdf/dompdf.git","reference":"5113accd9ae5d466077cce5208dcf3fb871bf8f6"},"dist":{"type":"zip","url":"https://api.github.com/repos/dompdf/dompdf/zipball/5113accd9ae5d466077cce5208dcf3fb871bf8f6","reference":"5113accd9ae5d466077cce5208dcf3fb871bf8f6","shasum":""},"type":"library","time":"2017-11-26T14:49:08+00:00","autoload":{"psr-4":{"Dompdf\\":"src/"},"classmap":["lib/"]},"extra":{"branch-alias":{"dev-develop":"0.7-dev"}},"require":{"php":">=5.4.0","ext-gd":"*","ext-dom":"*","ext-mbstring":"*","phenx/php-font-lib":"0.5.*","phenx/php-svg-lib":"0.3.*"},"require-dev":{"phpunit/phpunit":"4.8.*","squizlabs/php_codesniffer":"2.*"},"uid":1748786},"v0.8.3":{"name":"dompdf/dompdf","description":"DOMPDF is a CSS 2.1 compliant HTML to PDF converter","keywords":[],"homepage":"https://github.com/dompdf/dompdf","version":"v0.8.3","version_normalized":"0.8.3.0","license":["LGPL-2.1"],"authors":[{"name":"Fabien Ménager","email":"fabien.menager@gmail.com"},{"name":"Brian Sweeney","email":"eclecticgeek@gmail.com"},{"name":"Gabriel Bull","email":"me@gabrielbull.com"}],"source":{"type":"git","url":"https://github.com/dompdf/dompdf.git","reference":"75f13c700009be21a1965dc2c5b68a8708c22ba2"},"dist":{"type":"zip","url":"https://api.github.com/repos/dompdf/dompdf/zipball/75f13c700009be21a1965dc2c5b68a8708c22ba2","reference":"75f13c700009be21a1965dc2c5b68a8708c22ba2","shasum":""},"type":"library","time":"2018-12-14T02:40:31+00:00","autoload":{"psr-4":{"Dompdf\\":"src/"},"classmap":["lib/"]},"extra":{"branch-alias":{"dev-develop":"0.7-dev"}},"require":{"php":">=5.4.0","ext-dom":"*","ext-mbstring":"*","phenx/php-font-lib":"0.5.*","phenx/php-svg-lib":"0.3.*"},"require-dev":{"phpunit/phpunit":"^4.8|^5.5|^6.5","squizlabs/php_codesniffer":"2.*"},"suggest":{"ext-gd":"Needed to process images","ext-imagick":"Improves image processing performance","ext-gmagick":"Improves image processing performance"},"uid":2644694},"v0.8.4":{"name":"dompdf/dompdf","description":"DOMPDF is a CSS 2.1 compliant HTML to PDF converter","keywords":[],"homepage":"https://github.com/dompdf/dompdf","version":"v0.8.4","version_normalized":"0.8.4.0","license":["LGPL-2.1"],"authors":[{"name":"Fabien Ménager","email":"fabien.menager@gmail.com"},{"name":"Brian Sweeney","email":"eclecticgeek@gmail.com"},{"name":"Gabriel Bull","email":"me@gabrielbull.com"}],"source":{"type":"git","url":"https://github.com/dompdf/dompdf.git","reference":"8f49b3b01693f51037dd50da81090beba1b5c005"},"dist":{"type":"zip","url":"https://api.github.com/repos/dompdf/dompdf/zipball/8f49b3b01693f51037dd50da81090beba1b5c005","reference":"8f49b3b01693f51037dd50da81090beba1b5c005","shasum":""},"type":"library","time":"2020-01-20T17:00:46+00:00","autoload":{"psr-4":{"Dompdf\\":"src/"},"classmap":["lib/"]},"extra":{"branch-alias":{"dev-develop":"0.7-dev"}},"require":{"php":"^7.1","ext-dom":"*","ext-mbstring":"*","phenx/php-font-lib":"^0.5.1","phenx/php-svg-lib":"^0.3.3"},"require-dev":{"phpunit/phpunit":"^7.5","squizlabs/php_codesniffer":"^3.5"},"suggest":{"ext-gd":"Needed to process images","ext-imagick":"Improves image processing performance","ext-gmagick":"Improves image processing performance"},"uid":3552093}}}}