{"packages":{"sabberworm/php-css-parser":{"1.0.0":{"name":"sabberworm/php-css-parser","description":"Parser for CSS Files written in PHP","keywords":["css","parser","stylesheet"],"homepage":"http://www.sabberworm.com/blog/2010/6/10/php-css-parser","version":"1.0.0","version_normalized":"1.0.0.0","license":["MIT"],"authors":[{"name":"Raphael Schweikert"}],"source":{"type":"git","url":"https://github.com/sabberworm/PHP-CSS-Parser.git","reference":"3ea17f314aab754c9d8d29f8b8ce0c1836f4671d"},"dist":{"type":"zip","url":"https://api.github.com/repos/sabberworm/PHP-CSS-Parser/zipball/3ea17f314aab754c9d8d29f8b8ce0c1836f4671d","reference":"3ea17f314aab754c9d8d29f8b8ce0c1836f4671d","shasum":""},"type":"library","time":"2012-12-12T07:12:22+00:00","autoload":{"psr-0":{"Sabberworm\\CSS":"lib/"}},"require":{"php":">=5.3.2"},"uid":34254},"2.0.0":{"name":"sabberworm/php-css-parser","description":"Parser for CSS Files written in PHP","keywords":["css","parser","stylesheet"],"homepage":"http://www.sabberworm.com/blog/2010/6/10/php-css-parser","version":"2.0.0","version_normalized":"2.0.0.0","license":["MIT"],"authors":[{"name":"Raphael Schweikert"}],"source":{"type":"git","url":"https://github.com/sabberworm/PHP-CSS-Parser.git","reference":"759cb87b13f6e16b4ad42a89c206121c148d7504"},"dist":{"type":"zip","url":"https://api.github.com/repos/sabberworm/PHP-CSS-Parser/zipball/759cb87b13f6e16b4ad42a89c206121c148d7504","reference":"759cb87b13f6e16b4ad42a89c206121c148d7504","shasum":""},"type":"library","time":"2013-01-29T11:31:30+00:00","autoload":{"psr-0":{"Sabberworm\\CSS":"lib/"}},"require":{"php":">=5.3.2"},"uid":34255},"3.0.0":{"name":"sabberworm/php-css-parser","description":"Parser for CSS Files written in PHP","keywords":["css","parser","stylesheet"],"homepage":"http://www.sabberworm.com/blog/2010/6/10/php-css-parser","version":"3.0.0","version_normalized":"3.0.0.0","license":["MIT"],"authors":[{"name":"Raphael Schweikert"}],"source":{"type":"git","url":"https://github.com/sabberworm/PHP-CSS-Parser.git","reference":"2638708b022a535ce5793fccd3dd29eb08744cf4"},"dist":{"type":"zip","url":"https://api.github.com/repos/sabberworm/PHP-CSS-Parser/zipball/2638708b022a535ce5793fccd3dd29eb08744cf4","reference":"2638708b022a535ce5793fccd3dd29eb08744cf4","shasum":""},"type":"library","time":"2013-03-06T14:46:41+00:00","autoload":{"psr-0":{"Sabberworm\\CSS":"lib/"}},"require":{"php":">=5.3.2"},"uid":41075},"4.0.0":{"name":"sabberworm/php-css-parser","description":"Parser for CSS Files written in PHP","keywords":["css","parser","stylesheet"],"homepage":"http://www.sabberworm.com/blog/2010/6/10/php-css-parser","version":"4.0.0","version_normalized":"4.0.0.0","license":["MIT"],"authors":[{"name":"Raphael Schweikert"}],"source":{"type":"git","url":"https://github.com/sabberworm/PHP-CSS-Parser.git","reference":"a80739fe486402601373439e387f7c6409a313cd"},"dist":{"type":"zip","url":"https://api.github.com/repos/sabberworm/PHP-CSS-Parser/zipball/a80739fe486402601373439e387f7c6409a313cd","reference":"a80739fe486402601373439e387f7c6409a313cd","shasum":""},"type":"library","time":"2013-03-19T09:11:25+00:00","autoload":{"psr-0":{"Sabberworm\\CSS":"lib/"}},"require":{"php":">=5.3.2"},"uid":43356},"5.0.0":{"name":"sabberworm/php-css-parser","description":"Parser for CSS Files written in PHP","keywords":["css","parser","stylesheet"],"homepage":"http://www.sabberworm.com/blog/2010/6/10/php-css-parser","version":"5.0.0","version_normalized":"5.0.0.0","license":["MIT"],"authors":[{"name":"Raphael Schweikert"}],"source":{"type":"git","url":"https://github.com/sabberworm/PHP-CSS-Parser.git","reference":"180786a3e9a6637e77ba9b8f5c032aef5fbfb09b"},"dist":{"type":"zip","url":"https://api.github.com/repos/sabberworm/PHP-CSS-Parser/zipball/180786a3e9a6637e77ba9b8f5c032aef5fbfb09b","reference":"180786a3e9a6637e77ba9b8f5c032aef5fbfb09b","shasum":""},"type":"library","time":"2013-03-20T10:42:12+00:00","autoload":{"psr-0":{"Sabberworm\\CSS":"lib/"}},"require":{"php":">=5.3.2"},"uid":43552},"5.0.1":{"name":"sabberworm/php-css-parser","description":"Parser for CSS Files written in PHP","keywords":["css","parser","stylesheet"],"homepage":"http://www.sabberworm.com/blog/2010/6/10/php-css-parser","version":"5.0.1","version_normalized":"5.0.1.0","license":["MIT"],"authors":[{"name":"Raphael Schweikert"}],"source":{"type":"git","url":"https://github.com/sabberworm/PHP-CSS-Parser.git","reference":"21b60b466ede8b9d7f21697d4f3fd517a4c0b30b"},"dist":{"type":"zip","url":"https://api.github.com/repos/sabberworm/PHP-CSS-Parser/zipball/21b60b466ede8b9d7f21697d4f3fd517a4c0b30b","reference":"21b60b466ede8b9d7f21697d4f3fd517a4c0b30b","shasum":""},"type":"library","time":"2013-03-20T11:25:31+00:00","autoload":{"psr-0":{"Sabberworm\\CSS":"lib/"}},"require":{"php":">=5.3.2"},"uid":43553},"5.0.2":{"name":"sabberworm/php-css-parser","description":"Parser for CSS Files written in PHP","keywords":["css","parser","stylesheet"],"homepage":"http://www.sabberworm.com/blog/2010/6/10/php-css-parser","version":"5.0.2","version_normalized":"5.0.2.0","license":["MIT"],"authors":[{"name":"Raphael Schweikert"}],"source":{"type":"git","url":"https://github.com/sabberworm/PHP-CSS-Parser.git","reference":"7ecf8a826d207b5922dc747e95ef6d6df6d983e3"},"dist":{"type":"zip","url":"https://api.github.com/repos/sabberworm/PHP-CSS-Parser/zipball/7ecf8a826d207b5922dc747e95ef6d6df6d983e3","reference":"7ecf8a826d207b5922dc747e95ef6d6df6d983e3","shasum":""},"type":"library","time":"2013-03-21T12:26:54+00:00","autoload":{"psr-0":{"Sabberworm\\CSS":"lib/"}},"require":{"php":">=5.3.2"},"uid":43869},"5.0.3":{"name":"sabberworm/php-css-parser","description":"Parser for CSS Files written in PHP","keywords":["css","parser","stylesheet"],"homepage":"http://www.sabberworm.com/blog/2010/6/10/php-css-parser","version":"5.0.3","version_normalized":"5.0.3.0","license":["MIT"],"authors":[{"name":"Raphael Schweikert"}],"source":{"type":"git","url":"https://github.com/sabberworm/PHP-CSS-Parser.git","reference":"34fcc748a57ca601eb5dcc811c290a07a6def8bd"},"dist":{"type":"zip","url":"https://api.github.com/repos/sabberworm/PHP-CSS-Parser/zipball/34fcc748a57ca601eb5dcc811c290a07a6def8bd","reference":"34fcc748a57ca601eb5dcc811c290a07a6def8bd","shasum":""},"type":"library","time":"2013-03-21T19:14:28+00:00","autoload":{"psr-0":{"Sabberworm\\CSS":"lib/"}},"require":{"php":">=5.3.2"},"uid":43928},"5.0.4":{"name":"sabberworm/php-css-parser","description":"Parser for CSS Files written in PHP","keywords":["css","parser","stylesheet"],"homepage":"http://www.sabberworm.com/blog/2010/6/10/php-css-parser","version":"5.0.4","version_normalized":"5.0.4.0","license":["MIT"],"authors":[{"name":"Raphael Schweikert"}],"source":{"type":"git","url":"https://github.com/sabberworm/PHP-CSS-Parser.git","reference":"9dee32afe4d3cc9b6868c1e5472b5c54174f4384"},"dist":{"type":"zip","url":"https://api.github.com/repos/sabberworm/PHP-CSS-Parser/zipball/9dee32afe4d3cc9b6868c1e5472b5c54174f4384","reference":"9dee32afe4d3cc9b6868c1e5472b5c54174f4384","shasum":""},"type":"library","time":"2013-03-21T21:47:56+00:00","autoload":{"psr-0":{"Sabberworm\\CSS":"lib/"}},"require":{"php":">=5.3.2"},"uid":43929},"5.0.5":{"name":"sabberworm/php-css-parser","description":"Parser for CSS Files written in PHP","keywords":["css","parser","stylesheet"],"homepage":"http://www.sabberworm.com/blog/2010/6/10/php-css-parser","version":"5.0.5","version_normalized":"5.0.5.0","license":["MIT"],"authors":[{"name":"Raphael Schweikert"}],"source":{"type":"git","url":"https://github.com/sabberworm/PHP-CSS-Parser.git","reference":"ee5073f6a04b77ad3f06061af8990221303d6e07"},"dist":{"type":"zip","url":"https://api.github.com/repos/sabberworm/PHP-CSS-Parser/zipball/ee5073f6a04b77ad3f06061af8990221303d6e07","reference":"ee5073f6a04b77ad3f06061af8990221303d6e07","shasum":""},"type":"library","time":"2013-04-17T18:24:07+00:00","autoload":{"psr-0":{"Sabberworm\\CSS":"lib/"}},"require":{"php":">=5.3.2"},"uid":49541},"5.0.6":{"name":"sabberworm/php-css-parser","description":"Parser for CSS Files written in PHP","keywords":["css","parser","stylesheet"],"homepage":"http://www.sabberworm.com/blog/2010/6/10/php-css-parser","version":"5.0.6","version_normalized":"5.0.6.0","license":["MIT"],"authors":[{"name":"Raphael Schweikert"}],"source":{"type":"git","url":"https://github.com/sabberworm/PHP-CSS-Parser.git","reference":"ceb263cab27c5ddc9a54f8700148e53e84d06ed3"},"dist":{"type":"zip","url":"https://api.github.com/repos/sabberworm/PHP-CSS-Parser/zipball/ceb263cab27c5ddc9a54f8700148e53e84d06ed3","reference":"ceb263cab27c5ddc9a54f8700148e53e84d06ed3","shasum":""},"type":"library","time":"2013-05-31T16:49:14+00:00","autoload":{"psr-0":{"Sabberworm\\CSS":"lib/"}},"require":{"php":">=5.3.2"},"uid":58664},"5.0.7":{"name":"sabberworm/php-css-parser","description":"Parser for CSS Files written in PHP","keywords":["css","parser","stylesheet"],"homepage":"http://www.sabberworm.com/blog/2010/6/10/php-css-parser","version":"5.0.7","version_normalized":"5.0.7.0","license":["MIT"],"authors":[{"name":"Raphael Schweikert"}],"source":{"type":"git","url":"https://github.com/sabberworm/PHP-CSS-Parser.git","reference":"4af4aff6508d4e9d92e2e84ac9ba0eb45bf2994b"},"dist":{"type":"zip","url":"https://api.github.com/repos/sabberworm/PHP-CSS-Parser/zipball/4af4aff6508d4e9d92e2e84ac9ba0eb45bf2994b","reference":"4af4aff6508d4e9d92e2e84ac9ba0eb45bf2994b","shasum":""},"type":"library","time":"2013-08-04T11:01:41+00:00","autoload":{"psr-0":{"Sabberworm\\CSS":"lib/"}},"require":{"php":">=5.3.2"},"uid":74032},"5.0.8":{"name":"sabberworm/php-css-parser","description":"Parser for CSS Files written in PHP","keywords":["css","parser","stylesheet"],"homepage":"http://www.sabberworm.com/blog/2010/6/10/php-css-parser","version":"5.0.8","version_normalized":"5.0.8.0","license":["MIT"],"authors":[{"name":"Raphael Schweikert"}],"source":{"type":"git","url":"https://github.com/sabberworm/PHP-CSS-Parser.git","reference":"8457832af1310d5f58285c475609c5a064f68a9b"},"dist":{"type":"zip","url":"https://api.github.com/repos/sabberworm/PHP-CSS-Parser/zipball/8457832af1310d5f58285c475609c5a064f68a9b","reference":"8457832af1310d5f58285c475609c5a064f68a9b","shasum":""},"type":"library","time":"2013-08-15T15:10:29+00:00","autoload":{"psr-0":{"Sabberworm\\CSS":"lib/"}},"require":{"php":">=5.3.2"},"uid":76935},"5.1.0":{"name":"sabberworm/php-css-parser","description":"Parser for CSS Files written in PHP","keywords":["css","parser","stylesheet"],"homepage":"http://www.sabberworm.com/blog/2010/6/10/php-css-parser","version":"5.1.0","version_normalized":"5.1.0.0","license":["MIT"],"authors":[{"name":"Raphael Schweikert"}],"source":{"type":"git","url":"https://github.com/sabberworm/PHP-CSS-Parser.git","reference":"8cd4f402a0c7d8933c919c82bcebaaad30f686eb"},"dist":{"type":"zip","url":"https://api.github.com/repos/sabberworm/PHP-CSS-Parser/zipball/8cd4f402a0c7d8933c919c82bcebaaad30f686eb","reference":"8cd4f402a0c7d8933c919c82bcebaaad30f686eb","shasum":""},"type":"library","time":"2013-10-23T22:25:07+00:00","autoload":{"psr-0":{"Sabberworm\\CSS":"lib/"}},"require":{"php":">=5.3.2"},"uid":94745},"5.1.1":{"name":"sabberworm/php-css-parser","description":"Parser for CSS Files written in PHP","keywords":["css","parser","stylesheet"],"homepage":"http://www.sabberworm.com/blog/2010/6/10/php-css-parser","version":"5.1.1","version_normalized":"5.1.1.0","license":["MIT"],"authors":[{"name":"Raphael Schweikert"}],"source":{"type":"git","url":"https://github.com/sabberworm/PHP-CSS-Parser.git","reference":"7f03a04694af2ceddf46f6694f09cc8dc8f16a8b"},"dist":{"type":"zip","url":"https://api.github.com/repos/sabberworm/PHP-CSS-Parser/zipball/7f03a04694af2ceddf46f6694f09cc8dc8f16a8b","reference":"7f03a04694af2ceddf46f6694f09cc8dc8f16a8b","shasum":""},"type":"library","time":"2013-10-28T07:08:39+00:00","autoload":{"psr-0":{"Sabberworm\\CSS":"lib/"}},"require":{"php":">=5.3.2"},"uid":95894},"5.1.2":{"name":"sabberworm/php-css-parser","description":"Parser for CSS Files written in PHP","keywords":["css","parser","stylesheet"],"homepage":"http://www.sabberworm.com/blog/2010/6/10/php-css-parser","version":"5.1.2","version_normalized":"5.1.2.0","license":["MIT"],"authors":[{"name":"Raphael Schweikert"}],"source":{"type":"git","url":"https://github.com/sabberworm/PHP-CSS-Parser.git","reference":"4c4ab985e372113dbfd0a8192fbd8629bface9bb"},"dist":{"type":"zip","url":"https://api.github.com/repos/sabberworm/PHP-CSS-Parser/zipball/4c4ab985e372113dbfd0a8192fbd8629bface9bb","reference":"4c4ab985e372113dbfd0a8192fbd8629bface9bb","shasum":""},"type":"library","time":"2014-04-24T18:00:51+00:00","autoload":{"psr-0":{"Sabberworm\\CSS":"lib/"}},"require":{"php":">=5.3.2"},"uid":163652},"5.2.0":{"name":"sabberworm/php-css-parser","description":"Parser for CSS Files written in PHP","keywords":["css","parser","stylesheet"],"homepage":"http://www.sabberworm.com/blog/2010/6/10/php-css-parser","version":"5.2.0","version_normalized":"5.2.0.0","license":["MIT"],"authors":[{"name":"Raphael Schweikert"}],"source":{"type":"git","url":"https://github.com/sabberworm/PHP-CSS-Parser.git","reference":"d476416a86a6680a1d3923fe95c4276e40199615"},"dist":{"type":"zip","url":"https://api.github.com/repos/sabberworm/PHP-CSS-Parser/zipball/d476416a86a6680a1d3923fe95c4276e40199615","reference":"d476416a86a6680a1d3923fe95c4276e40199615","shasum":""},"type":"library","time":"2014-06-30T19:16:02+00:00","autoload":{"psr-0":{"Sabberworm\\CSS":"lib/"}},"require":{"php":">=5.3.2"},"uid":194945},"6.0.0":{"name":"sabberworm/php-css-parser","description":"Parser for CSS Files written in PHP","keywords":["css","parser","stylesheet"],"homepage":"http://www.sabberworm.com/blog/2010/6/10/php-css-parser","version":"6.0.0","version_normalized":"6.0.0.0","license":["MIT"],"authors":[{"name":"Raphael Schweikert"}],"source":{"type":"git","url":"https://github.com/sabberworm/PHP-CSS-Parser.git","reference":"ef95a38fe0c0f093f46a25029a4dd2d57ebe847e"},"dist":{"type":"zip","url":"https://api.github.com/repos/sabberworm/PHP-CSS-Parser/zipball/ef95a38fe0c0f093f46a25029a4dd2d57ebe847e","reference":"ef95a38fe0c0f093f46a25029a4dd2d57ebe847e","shasum":""},"type":"library","time":"2014-07-03T21:45:17+00:00","autoload":{"psr-0":{"Sabberworm\\CSS":"lib/"}},"require":{"php":">=5.3.2"},"uid":196753},"6.0.1":{"name":"sabberworm/php-css-parser","description":"Parser for CSS Files written in PHP","keywords":["css","parser","stylesheet"],"homepage":"http://www.sabberworm.com/blog/2010/6/10/php-css-parser","version":"6.0.1","version_normalized":"6.0.1.0","license":["MIT"],"authors":[{"name":"Raphael Schweikert"}],"source":{"type":"git","url":"https://github.com/sabberworm/PHP-CSS-Parser.git","reference":"9ea4b00c569b19f731d0c2e0e802055877ff40c2"},"dist":{"type":"zip","url":"https://api.github.com/repos/sabberworm/PHP-CSS-Parser/zipball/9ea4b00c569b19f731d0c2e0e802055877ff40c2","reference":"9ea4b00c569b19f731d0c2e0e802055877ff40c2","shasum":""},"type":"library","time":"2015-08-24T08:48:52+00:00","autoload":{"psr-0":{"Sabberworm\\CSS":"lib/"}},"require":{"php":">=5.3.2"},"uid":501195},"7.0.0":{"name":"sabberworm/php-css-parser","description":"Parser for CSS Files written in PHP","keywords":["css","parser","stylesheet"],"homepage":"http://www.sabberworm.com/blog/2010/6/10/php-css-parser","version":"7.0.0","version_normalized":"7.0.0.0","license":["MIT"],"authors":[{"name":"Raphael Schweikert"}],"source":{"type":"git","url":"https://github.com/sabberworm/PHP-CSS-Parser.git","reference":"1e0b1faadd4a75c22ef90e7be57e04e38e59f6cf"},"dist":{"type":"zip","url":"https://api.github.com/repos/sabberworm/PHP-CSS-Parser/zipball/1e0b1faadd4a75c22ef90e7be57e04e38e59f6cf","reference":"1e0b1faadd4a75c22ef90e7be57e04e38e59f6cf","shasum":""},"type":"library","time":"2015-08-24T09:08:39+00:00","autoload":{"psr-0":{"Sabberworm\\CSS":"lib/"}},"require":{"php":">=5.3.2"},"uid":501196},"7.0.1":{"name":"sabberworm/php-css-parser","description":"Parser for CSS Files written in PHP","keywords":["css","parser","stylesheet"],"homepage":"http://www.sabberworm.com/blog/2010/6/10/php-css-parser","version":"7.0.1","version_normalized":"7.0.1.0","license":["MIT"],"authors":[{"name":"Raphael Schweikert"}],"source":{"type":"git","url":"https://github.com/sabberworm/PHP-CSS-Parser.git","reference":"003e4fb8728de4381a9d5181c8e6dcf2e3f4b807"},"dist":{"type":"zip","url":"https://api.github.com/repos/sabberworm/PHP-CSS-Parser/zipball/003e4fb8728de4381a9d5181c8e6dcf2e3f4b807","reference":"003e4fb8728de4381a9d5181c8e6dcf2e3f4b807","shasum":""},"type":"library","time":"2015-12-25T18:24:59+00:00","autoload":{"psr-0":{"Sabberworm\\CSS":"lib/"}},"require":{"php":">=5.3.2"},"uid":640054},"7.0.2":{"name":"sabberworm/php-css-parser","description":"Parser for CSS Files written in PHP","keywords":["css","parser","stylesheet"],"homepage":"http://www.sabberworm.com/blog/2010/6/10/php-css-parser","version":"7.0.2","version_normalized":"7.0.2.0","license":["MIT"],"authors":[{"name":"Raphael Schweikert"}],"source":{"type":"git","url":"https://github.com/sabberworm/PHP-CSS-Parser.git","reference":"546b2b93733165cb27c7cef0ccc8e66384d1d833"},"dist":{"type":"zip","url":"https://api.github.com/repos/sabberworm/PHP-CSS-Parser/zipball/546b2b93733165cb27c7cef0ccc8e66384d1d833","reference":"546b2b93733165cb27c7cef0ccc8e66384d1d833","shasum":""},"type":"library","time":"2016-02-11T11:18:40+00:00","autoload":{"psr-0":{"Sabberworm\\CSS":"lib/"}},"require":{"php":">=5.3.2"},"uid":700704},"7.0.3":{"name":"sabberworm/php-css-parser","description":"Parser for CSS Files written in PHP","keywords":["css","parser","stylesheet"],"homepage":"http://www.sabberworm.com/blog/2010/6/10/php-css-parser","version":"7.0.3","version_normalized":"7.0.3.0","license":["MIT"],"authors":[{"name":"Raphael Schweikert"}],"source":{"type":"git","url":"https://github.com/sabberworm/PHP-CSS-Parser.git","reference":"7642a0e1cabd81d95f91ebbea7d6de988c59edd3"},"dist":{"type":"zip","url":"https://api.github.com/repos/sabberworm/PHP-CSS-Parser/zipball/7642a0e1cabd81d95f91ebbea7d6de988c59edd3","reference":"7642a0e1cabd81d95f91ebbea7d6de988c59edd3","shasum":""},"type":"library","time":"2016-04-26T20:16:57+00:00","autoload":{"psr-0":{"Sabberworm\\CSS":"lib/"}},"require":{"php":">=5.3.2"},"uid":799603},"8.0.0":{"name":"sabberworm/php-css-parser","description":"Parser for CSS Files written in PHP","keywords":["css","parser","stylesheet"],"homepage":"http://www.sabberworm.com/blog/2010/6/10/php-css-parser","version":"8.0.0","version_normalized":"8.0.0.0","license":["MIT"],"authors":[{"name":"Raphael Schweikert"}],"source":{"type":"git","url":"https://github.com/sabberworm/PHP-CSS-Parser.git","reference":"387786962f725da0af27d496e02a8b3765b51a54"},"dist":{"type":"zip","url":"https://api.github.com/repos/sabberworm/PHP-CSS-Parser/zipball/387786962f725da0af27d496e02a8b3765b51a54","reference":"387786962f725da0af27d496e02a8b3765b51a54","shasum":""},"type":"library","time":"2016-06-30T15:22:32+00:00","autoload":{"psr-0":{"Sabberworm\\CSS":"lib/"}},"require":{"php":">=5.3.2"},"uid":883670},"8.1.0":{"name":"sabberworm/php-css-parser","description":"Parser for CSS Files written in PHP","keywords":["css","parser","stylesheet"],"homepage":"http://www.sabberworm.com/blog/2010/6/10/php-css-parser","version":"8.1.0","version_normalized":"8.1.0.0","license":["MIT"],"authors":[{"name":"Raphael Schweikert"}],"source":{"type":"git","url":"https://github.com/sabberworm/PHP-CSS-Parser.git","reference":"850cbbcbe7fbb155387a151ea562897a67e242ef"},"dist":{"type":"zip","url":"https://api.github.com/repos/sabberworm/PHP-CSS-Parser/zipball/850cbbcbe7fbb155387a151ea562897a67e242ef","reference":"850cbbcbe7fbb155387a151ea562897a67e242ef","shasum":""},"type":"library","time":"2016-07-19T19:14:21+00:00","autoload":{"psr-0":{"Sabberworm\\CSS":"lib/"}},"require":{"php":">=5.3.2"},"require-dev":{"phpunit/phpunit":"*"},"uid":911878},"8.2.0":{"name":"sabberworm/php-css-parser","description":"Parser for CSS Files written in PHP","keywords":["css","parser","stylesheet"],"homepage":"http://www.sabberworm.com/blog/2010/6/10/php-css-parser","version":"8.2.0","version_normalized":"8.2.0.0","license":["MIT"],"authors":[{"name":"Raphael Schweikert"}],"source":{"type":"git","url":"https://github.com/sabberworm/PHP-CSS-Parser.git","reference":"8be357d90c29c2f6dd426be4cb60bf09ef6d0120"},"dist":{"type":"zip","url":"https://api.github.com/repos/sabberworm/PHP-CSS-Parser/zipball/8be357d90c29c2f6dd426be4cb60bf09ef6d0120","reference":"8be357d90c29c2f6dd426be4cb60bf09ef6d0120","shasum":""},"type":"library","time":"2018-07-13T13:23:56+00:00","autoload":{"psr-0":{"Sabberworm\\CSS":"lib/"}},"require":{"php":">=5.3.2"},"require-dev":{"phpunit/phpunit":"~4.8"},"uid":2330247},"8.3.0":{"name":"sabberworm/php-css-parser","description":"Parser for CSS Files written in PHP","keywords":["css","parser","stylesheet"],"homepage":"http://www.sabberworm.com/blog/2010/6/10/php-css-parser","version":"8.3.0","version_normalized":"8.3.0.0","license":["MIT"],"authors":[{"name":"Raphael Schweikert"}],"source":{"type":"git","url":"https://github.com/sabberworm/PHP-CSS-Parser.git","reference":"91bcc3e3fdb7386c9a2e0e0aa09ca75cc43f121f"},"dist":{"type":"zip","url":"https://api.github.com/repos/sabberworm/PHP-CSS-Parser/zipball/91bcc3e3fdb7386c9a2e0e0aa09ca75cc43f121f","reference":"91bcc3e3fdb7386c9a2e0e0aa09ca75cc43f121f","shasum":""},"type":"library","time":"2019-02-22T07:42:52+00:00","autoload":{"psr-0":{"Sabberworm\\CSS":"lib/"}},"require":{"php":">=5.3.2"},"require-dev":{"phpunit/phpunit":"~4.8","codacy/coverage":"^1.4"},"uid":2788872},"dev-codacy":{"name":"sabberworm/php-css-parser","description":"Parser for CSS Files written in PHP","keywords":["css","parser","stylesheet"],"homepage":"http://www.sabberworm.com/blog/2010/6/10/php-css-parser","version":"dev-codacy","version_normalized":"dev-codacy","license":["MIT"],"authors":[{"name":"Raphael Schweikert"}],"source":{"type":"git","url":"https://github.com/sabberworm/PHP-CSS-Parser.git","reference":"031feec0da44643d291a144ea31e4759b2bfa0c2"},"dist":{"type":"zip","url":"https://api.github.com/repos/sabberworm/PHP-CSS-Parser/zipball/031feec0da44643d291a144ea31e4759b2bfa0c2","reference":"031feec0da44643d291a144ea31e4759b2bfa0c2","shasum":""},"type":"library","time":"2018-10-23T17:06:47+00:00","autoload":{"psr-0":{"Sabberworm\\CSS":"lib/"}},"require":{"php":">=5.3.2"},"require-dev":{"phpunit/phpunit":"~4.8","codacy/coverage":"^1.4"},"uid":2534999},"dev-drop-hhvm-4":{"name":"sabberworm/php-css-parser","description":"Parser for CSS Files written in PHP","keywords":["css","parser","stylesheet"],"homepage":"http://www.sabberworm.com/blog/2010/6/10/php-css-parser","version":"dev-drop-hhvm-4","version_normalized":"dev-drop-hhvm-4","license":["MIT"],"authors":[{"name":"Raphael Schweikert"}],"source":{"type":"git","url":"https://github.com/sabberworm/PHP-CSS-Parser.git","reference":"48b7de75859e94f0dd9ab7e92fb170ac6c8194f3"},"dist":{"type":"zip","url":"https://api.github.com/repos/sabberworm/PHP-CSS-Parser/zipball/48b7de75859e94f0dd9ab7e92fb170ac6c8194f3","reference":"48b7de75859e94f0dd9ab7e92fb170ac6c8194f3","shasum":""},"type":"library","time":"2019-02-22T08:03:38+00:00","autoload":{"psr-0":{"Sabberworm\\CSS":"lib/"}},"require":{"php":">=5.3.2"},"require-dev":{"phpunit/phpunit":"~4.8","codacy/coverage":"^1.4"},"uid":2788898},"dev-fix-set-get-charset":{"name":"sabberworm/php-css-parser","description":"Parser for CSS Files written in PHP","keywords":["css","parser","stylesheet"],"homepage":"http://www.sabberworm.com/blog/2010/6/10/php-css-parser","version":"dev-fix-set-get-charset","version_normalized":"dev-fix-set-get-charset","license":["MIT"],"authors":[{"name":"Raphael Schweikert"}],"source":{"type":"git","url":"https://github.com/sabberworm/PHP-CSS-Parser.git","reference":"2c994709169c57935ed3cc21ca82fb5a8ff1e36e"},"dist":{"type":"zip","url":"https://api.github.com/repos/sabberworm/PHP-CSS-Parser/zipball/2c994709169c57935ed3cc21ca82fb5a8ff1e36e","reference":"2c994709169c57935ed3cc21ca82fb5a8ff1e36e","shasum":""},"type":"library","time":"2019-02-07T16:32:35+00:00","autoload":{"psr-0":{"Sabberworm\\CSS":"lib/"}},"require":{"php":">=5.3.2"},"require-dev":{"phpunit/phpunit":"~4.8","codacy/coverage":"^1.4"},"uid":2746037},"dev-master":{"name":"sabberworm/php-css-parser","description":"Parser for CSS Files written in PHP","keywords":["css","parser","stylesheet"],"homepage":"http://www.sabberworm.com/blog/2010/6/10/php-css-parser","version":"dev-master","version_normalized":"9999999-dev","license":["MIT"],"authors":[{"name":"Raphael Schweikert"}],"source":{"type":"git","url":"https://github.com/sabberworm/PHP-CSS-Parser.git","reference":"a80a97d3fdb2164d72cbf0fb3cfc40b1d630a877"},"dist":{"type":"zip","url":"https://api.github.com/repos/sabberworm/PHP-CSS-Parser/zipball/a80a97d3fdb2164d72cbf0fb3cfc40b1d630a877","reference":"a80a97d3fdb2164d72cbf0fb3cfc40b1d630a877","shasum":""},"type":"library","time":"2019-11-13T06:52:21+00:00","autoload":{"psr-0":{"Sabberworm\\CSS\\":"lib/"}},"require":{"php":">=5.3.2"},"require-dev":{"phpunit/phpunit":"~4.8","codacy/coverage":"^1.4"},"uid":16267},"dev-refactor-parsing-logic":{"name":"sabberworm/php-css-parser","description":"Parser for CSS Files written in PHP","keywords":["css","parser","stylesheet"],"homepage":"http://www.sabberworm.com/blog/2010/6/10/php-css-parser","version":"dev-refactor-parsing-logic","version_normalized":"dev-refactor-parsing-logic","license":["MIT"],"authors":[{"name":"Raphael Schweikert"}],"source":{"type":"git","url":"https://github.com/sabberworm/PHP-CSS-Parser.git","reference":"ff6fa22ccf49a0450a5c3258171377ab5991edd2"},"dist":{"type":"zip","url":"https://api.github.com/repos/sabberworm/PHP-CSS-Parser/zipball/ff6fa22ccf49a0450a5c3258171377ab5991edd2","reference":"ff6fa22ccf49a0450a5c3258171377ab5991edd2","shasum":""},"type":"library","time":"2018-10-19T07:47:50+00:00","autoload":{"psr-0":{"Sabberworm\\CSS":"lib/"}},"require":{"php":">=5.3.2"},"require-dev":{"phpunit/phpunit":"~4.8"},"uid":2530487},"dev-selector-parsing":{"name":"sabberworm/php-css-parser","description":"Parser for CSS Files written in PHP","keywords":["css","parser","stylesheet"],"homepage":"http://www.sabberworm.com/blog/2010/6/10/php-css-parser","version":"dev-selector-parsing","version_normalized":"dev-selector-parsing","license":["MIT"],"authors":[{"name":"Raphael Schweikert"}],"source":{"type":"git","url":"https://github.com/sabberworm/PHP-CSS-Parser.git","reference":"e44e52bd691bc225ad224682be593e1d2c820f03"},"dist":{"type":"zip","url":"https://api.github.com/repos/sabberworm/PHP-CSS-Parser/zipball/e44e52bd691bc225ad224682be593e1d2c820f03","reference":"e44e52bd691bc225ad224682be593e1d2c820f03","shasum":""},"type":"library","time":"2018-11-04T21:56:02+00:00","autoload":{"psr-0":{"Sabberworm\\CSS":"lib/"}},"require":{"php":">=5.3.2"},"require-dev":{"phpunit/phpunit":"~4.8","codacy/coverage":"^1.4"},"uid":2559313}}}}