{"packages":{"phenx/php-font-lib":{"0.1.1":{"name":"phenx/php-font-lib","description":"A library to read, parse, export and make subsets of different types of font files.","keywords":[],"homepage":"https://github.com/PhenX/php-font-lib","version":"0.1.1","version_normalized":"0.1.1.0","license":["LGPL"],"authors":[{"name":"Fabien Ménager","email":"fabien.menager@gmail.com"}],"source":{"type":"git","url":"https://github.com/PhenX/php-font-lib.git","reference":"ceb9771f550c43e34b79c4470eecf132825a197d"},"dist":{"type":"zip","url":"https://api.github.com/repos/PhenX/php-font-lib/zipball/ceb9771f550c43e34b79c4470eecf132825a197d","reference":"ceb9771f550c43e34b79c4470eecf132825a197d","shasum":""},"type":"library","time":"2012-11-13T08:27:19+00:00","autoload":{"classmap":["classes/"]},"uid":25238},"0.2":{"name":"phenx/php-font-lib","description":"A library to read, parse, export and make subsets of different types of font files.","keywords":[],"homepage":"https://github.com/PhenX/php-font-lib","version":"0.2","version_normalized":"0.2.0.0","license":["LGPL"],"authors":[{"name":"Fabien Ménager","email":"fabien.menager@gmail.com"}],"source":{"type":"git","url":"https://github.com/PhenX/php-font-lib.git","reference":"8b3d42d97f1c24b5e72eb11c1947931ae879d117"},"dist":{"type":"zip","url":"https://api.github.com/repos/PhenX/php-font-lib/zipball/8b3d42d97f1c24b5e72eb11c1947931ae879d117","reference":"8b3d42d97f1c24b5e72eb11c1947931ae879d117","shasum":""},"type":"library","time":"2013-02-21T16:55:01+00:00","autoload":{"classmap":["classes/"]},"uid":38664},"0.2.1":{"name":"phenx/php-font-lib","description":"A library to read, parse, export and make subsets of different types of font files.","keywords":[],"homepage":"https://github.com/PhenX/php-font-lib","version":"0.2.1","version_normalized":"0.2.1.0","license":["LGPL"],"authors":[{"name":"Fabien Ménager","email":"fabien.menager@gmail.com"}],"source":{"type":"git","url":"https://github.com/PhenX/php-font-lib.git","reference":"42a1ca6d19f14076911a118705b771c3a5a8b179"},"dist":{"type":"zip","url":"https://api.github.com/repos/PhenX/php-font-lib/zipball/42a1ca6d19f14076911a118705b771c3a5a8b179","reference":"42a1ca6d19f14076911a118705b771c3a5a8b179","shasum":""},"type":"library","time":"2013-02-22T23:30:49+00:00","autoload":{"classmap":["classes/"]},"uid":38958},"0.2.2":{"name":"phenx/php-font-lib","description":"A library to read, parse, export and make subsets of different types of font files.","keywords":[],"homepage":"https://github.com/PhenX/php-font-lib","version":"0.2.2","version_normalized":"0.2.2.0","license":["LGPL"],"authors":[{"name":"Fabien Ménager","email":"fabien.menager@gmail.com"}],"source":{"type":"git","url":"https://github.com/PhenX/php-font-lib.git","reference":"c30c7fc00a6b0d863e9bb4c5d5dd015298b2dc82"},"dist":{"type":"zip","url":"https://api.github.com/repos/PhenX/php-font-lib/zipball/c30c7fc00a6b0d863e9bb4c5d5dd015298b2dc82","reference":"c30c7fc00a6b0d863e9bb4c5d5dd015298b2dc82","shasum":""},"type":"library","time":"2014-02-01T15:22:28+00:00","autoload":{"classmap":["classes/"]},"uid":127763},"0.3":{"name":"phenx/php-font-lib","description":"A library to read, parse, export and make subsets of different types of font files.","keywords":[],"homepage":"https://github.com/PhenX/php-font-lib","version":"0.3","version_normalized":"0.3.0.0","license":["LGPL-3.0"],"authors":[{"name":"Fabien Ménager","email":"fabien.menager@gmail.com"}],"source":{"type":"git","url":"https://github.com/PhenX/php-font-lib.git","reference":"d31a1676d3fc108e166cc88b6bc94f0c7b8451d1"},"dist":{"type":"zip","url":"https://api.github.com/repos/PhenX/php-font-lib/zipball/d31a1676d3fc108e166cc88b6bc94f0c7b8451d1","reference":"d31a1676d3fc108e166cc88b6bc94f0c7b8451d1","shasum":""},"type":"library","time":"2014-03-02T15:43:47+00:00","autoload":{"psr-0":{"FontLib\\":"src/"}},"uid":140262},"0.3.1":{"name":"phenx/php-font-lib","description":"A library to read, parse, export and make subsets of different types of font files.","keywords":[],"homepage":"https://github.com/PhenX/php-font-lib","version":"0.3.1","version_normalized":"0.3.1.0","license":["LGPL-3.0"],"authors":[{"name":"Fabien Ménager","email":"fabien.menager@gmail.com"}],"source":{"type":"git","url":"https://github.com/PhenX/php-font-lib.git","reference":"d13682b7e27d14a6323c441426f3dde1cd86c751"},"dist":{"type":"zip","url":"https://api.github.com/repos/PhenX/php-font-lib/zipball/d13682b7e27d14a6323c441426f3dde1cd86c751","reference":"d13682b7e27d14a6323c441426f3dde1cd86c751","shasum":""},"type":"library","time":"2014-03-19T17:15:11+00:00","autoload":{"psr-0":{"FontLib\\":"src/"}},"uid":147378},"0.4":{"name":"phenx/php-font-lib","description":"A library to read, parse, export and make subsets of different types of font files.","keywords":[],"homepage":"https://github.com/PhenX/php-font-lib","version":"0.4","version_normalized":"0.4.0.0","license":["LGPL-3.0"],"authors":[{"name":"Fabien Ménager","email":"fabien.menager@gmail.com"}],"source":{"type":"git","url":"https://github.com/PhenX/php-font-lib.git","reference":"b8af0cacdc3cbf1e41a586fcb78f506f4121a088"},"dist":{"type":"zip","url":"https://api.github.com/repos/PhenX/php-font-lib/zipball/b8af0cacdc3cbf1e41a586fcb78f506f4121a088","reference":"b8af0cacdc3cbf1e41a586fcb78f506f4121a088","shasum":""},"type":"library","time":"2015-05-06T20:02:39+00:00","autoload":{"psr-0":{"FontLib\\":"src/"}},"uid":399654},"0.5":{"name":"phenx/php-font-lib","description":"A library to read, parse, export and make subsets of different types of font files.","keywords":[],"homepage":"https://github.com/PhenX/php-font-lib","version":"0.5","version_normalized":"0.5.0.0","license":["LGPL-3.0"],"authors":[{"name":"Fabien Ménager","email":"fabien.menager@gmail.com"}],"source":{"type":"git","url":"https://github.com/PhenX/php-font-lib.git","reference":"19ad2bebc35be028fcc0221025fcbf3d436a3962"},"dist":{"type":"zip","url":"https://api.github.com/repos/PhenX/php-font-lib/zipball/19ad2bebc35be028fcc0221025fcbf3d436a3962","reference":"19ad2bebc35be028fcc0221025fcbf3d436a3962","shasum":""},"type":"library","time":"2017-02-11T10:58:43+00:00","autoload":{"psr-4":{"FontLib\\":"src/FontLib"}},"require-dev":{"phpunit/phpunit":"^4.8"},"uid":1226197},"0.5.1":{"name":"phenx/php-font-lib","description":"A library to read, parse, export and make subsets of different types of font files.","keywords":[],"homepage":"https://github.com/PhenX/php-font-lib","version":"0.5.1","version_normalized":"0.5.1.0","license":["LGPL-3.0"],"authors":[{"name":"Fabien Ménager","email":"fabien.menager@gmail.com"}],"source":{"type":"git","url":"https://github.com/PhenX/php-font-lib.git","reference":"760148820110a1ae0936e5cc35851e25a938bc97"},"dist":{"type":"zip","url":"https://api.github.com/repos/PhenX/php-font-lib/zipball/760148820110a1ae0936e5cc35851e25a938bc97","reference":"760148820110a1ae0936e5cc35851e25a938bc97","shasum":""},"type":"library","time":"2017-09-13T16:14:37+00:00","autoload":{"psr-4":{"FontLib\\":"src/FontLib"}},"require-dev":{"phpunit/phpunit":"^4.8"},"uid":1609624},"dev-master":{"name":"phenx/php-font-lib","description":"A library to read, parse, export and make subsets of different types of font files.","keywords":[],"homepage":"https://github.com/PhenX/php-font-lib","version":"dev-master","version_normalized":"9999999-dev","license":["LGPL-3.0"],"authors":[{"name":"Fabien Ménager","email":"fabien.menager@gmail.com"}],"source":{"type":"git","url":"https://github.com/PhenX/php-font-lib.git","reference":"e7c227a0d23d1db2ad2b80479b303d5a633e6b4a"},"dist":{"type":"zip","url":"https://api.github.com/repos/PhenX/php-font-lib/zipball/e7c227a0d23d1db2ad2b80479b303d5a633e6b4a","reference":"e7c227a0d23d1db2ad2b80479b303d5a633e6b4a","shasum":""},"type":"library","time":"2018-04-14T16:56:41+00:00","autoload":{"psr-4":{"FontLib\\":"src/FontLib"}},"require-dev":{"phpunit/phpunit":"^4.8.35 || 5.* || 6.*"},"uid":25204}}}}