{"packages":{"phpdocumentor/type-resolver":{"0.1":{"name":"phpdocumentor/type-resolver","description":"","keywords":[],"homepage":"","version":"0.1","version_normalized":"0.1.0.0","license":["MIT"],"authors":[{"name":"Mike van Riel","email":"me@mikevanriel.com"}],"source":{"type":"git","url":"https://github.com/phpDocumentor/TypeResolver.git","reference":"e99540d3c74b6336923454da60054a2838ca78a3"},"dist":{"type":"zip","url":"https://api.github.com/repos/phpDocumentor/TypeResolver/zipball/e99540d3c74b6336923454da60054a2838ca78a3","reference":"e99540d3c74b6336923454da60054a2838ca78a3","shasum":""},"type":"library","time":"2015-06-12T18:03:13+00:00","autoload":{"psr-4":{"phpDocumentor\\Reflection\\":["src/"]}},"extra":{"branch-alias":{"dev-master":"1.0.x-dev"}},"require":{"php":">=5.5","phpdocumentor/reflection-common":"^0.1"},"require-dev":{"phpunit/phpunit":"^4.6","mockery/mockery":"^0.9.4"},"uid":432181},"0.1.1":{"name":"phpdocumentor/type-resolver","description":"","keywords":[],"homepage":"","version":"0.1.1","version_normalized":"0.1.1.0","license":["MIT"],"authors":[{"name":"Mike van Riel","email":"me@mikevanriel.com"}],"source":{"type":"git","url":"https://github.com/phpDocumentor/TypeResolver.git","reference":"2ac0adaea9697334b85b1622ce930014e6b02a11"},"dist":{"type":"zip","url":"https://api.github.com/repos/phpDocumentor/TypeResolver/zipball/2ac0adaea9697334b85b1622ce930014e6b02a11","reference":"2ac0adaea9697334b85b1622ce930014e6b02a11","shasum":""},"type":"library","time":"2015-06-12T22:00:00+00:00","autoload":{"psr-4":{"phpDocumentor\\Reflection\\":["src/"]}},"extra":{"branch-alias":{"dev-master":"1.0.x-dev"}},"require":{"php":">=5.5","phpdocumentor/reflection-common":"^0.1"},"require-dev":{"phpunit/phpunit":"^4.6","mockery/mockery":"^0.9.4"},"uid":432655},"0.1.2":{"name":"phpdocumentor/type-resolver","description":"","keywords":[],"homepage":"","version":"0.1.2","version_normalized":"0.1.2.0","license":["MIT"],"authors":[{"name":"Mike van Riel","email":"me@mikevanriel.com"}],"source":{"type":"git","url":"https://github.com/phpDocumentor/TypeResolver.git","reference":"f49ac4864bf790ab72625b7183452ec41f3b675b"},"dist":{"type":"zip","url":"https://api.github.com/repos/phpDocumentor/TypeResolver/zipball/f49ac4864bf790ab72625b7183452ec41f3b675b","reference":"f49ac4864bf790ab72625b7183452ec41f3b675b","shasum":""},"type":"library","time":"2015-06-26T10:07:09+00:00","autoload":{"psr-4":{"phpDocumentor\\Reflection\\":["src/"]}},"extra":{"branch-alias":{"dev-master":"1.0.x-dev"}},"require":{"php":">=5.5","phpdocumentor/reflection-common":"^1.0@dev"},"require-dev":{"phpunit/phpunit":"^4.6","mockery/mockery":"^0.9.4"},"uid":444811},"0.1.3":{"name":"phpdocumentor/type-resolver","description":"","keywords":[],"homepage":"","version":"0.1.3","version_normalized":"0.1.3.0","license":["MIT"],"authors":[{"name":"Mike van Riel","email":"me@mikevanriel.com"}],"source":{"type":"git","url":"https://github.com/phpDocumentor/TypeResolver.git","reference":"25b5b40e1a7b9f57e953a1830fa04c38f7655ade"},"dist":{"type":"zip","url":"https://api.github.com/repos/phpDocumentor/TypeResolver/zipball/25b5b40e1a7b9f57e953a1830fa04c38f7655ade","reference":"25b5b40e1a7b9f57e953a1830fa04c38f7655ade","shasum":""},"type":"library","time":"2015-06-26T10:24:18+00:00","autoload":{"psr-4":{"phpDocumentor\\Reflection\\":["src/"]}},"extra":{"branch-alias":{"dev-master":"1.0.x-dev"}},"require":{"php":">=5.5","phpdocumentor/reflection-common":"^1.0@dev"},"require-dev":{"phpunit/phpunit":"^4.6","mockery/mockery":"^0.9.4"},"uid":444819},"0.1.4":{"name":"phpdocumentor/type-resolver","description":"","keywords":[],"homepage":"","version":"0.1.4","version_normalized":"0.1.4.0","license":["MIT"],"authors":[{"name":"Mike van Riel","email":"me@mikevanriel.com"}],"source":{"type":"git","url":"https://github.com/phpDocumentor/TypeResolver.git","reference":"14bb2da6387c6a58648b4a87ff02d4c971050309"},"dist":{"type":"zip","url":"https://api.github.com/repos/phpDocumentor/TypeResolver/zipball/14bb2da6387c6a58648b4a87ff02d4c971050309","reference":"14bb2da6387c6a58648b4a87ff02d4c971050309","shasum":""},"type":"library","time":"2015-07-02T17:28:34+00:00","autoload":{"psr-4":{"phpDocumentor\\Reflection\\":["src/"]}},"extra":{"branch-alias":{"dev-master":"1.0.x-dev"}},"require":{"php":">=5.5","phpdocumentor/reflection-common":"^1.0@dev"},"require-dev":{"phpunit/phpunit":"^4.6","mockery/mockery":"^0.9.4"},"uid":450968},"0.1.5":{"name":"phpdocumentor/type-resolver","description":"","keywords":[],"homepage":"","version":"0.1.5","version_normalized":"0.1.5.0","license":["MIT"],"authors":[{"name":"Mike van Riel","email":"me@mikevanriel.com"}],"source":{"type":"git","url":"https://github.com/phpDocumentor/TypeResolver.git","reference":"83e31258fb03b9a27884a83b81501cb4cb297a81"},"dist":{"type":"zip","url":"https://api.github.com/repos/phpDocumentor/TypeResolver/zipball/83e31258fb03b9a27884a83b81501cb4cb297a81","reference":"83e31258fb03b9a27884a83b81501cb4cb297a81","shasum":""},"type":"library","time":"2015-07-18T13:58:32+00:00","autoload":{"psr-4":{"phpDocumentor\\Reflection\\":["src/"]}},"extra":{"branch-alias":{"dev-master":"1.0.x-dev"}},"require":{"php":">=5.5","phpdocumentor/reflection-common":"^1.0@dev"},"require-dev":{"phpunit/phpunit":"^4.6","mockery/mockery":"^0.9.4"},"uid":562965},"0.1.6":{"name":"phpdocumentor/type-resolver","description":"","keywords":[],"homepage":"","version":"0.1.6","version_normalized":"0.1.6.0","license":["MIT"],"authors":[{"name":"Mike van Riel","email":"me@mikevanriel.com"}],"source":{"type":"git","url":"https://github.com/phpDocumentor/TypeResolver.git","reference":"60fe23665f018d608a7113acc9ab17a69fb87871"},"dist":{"type":"zip","url":"https://api.github.com/repos/phpDocumentor/TypeResolver/zipball/60fe23665f018d608a7113acc9ab17a69fb87871","reference":"60fe23665f018d608a7113acc9ab17a69fb87871","shasum":""},"type":"library","time":"2015-12-02T08:05:55+00:00","autoload":{"psr-4":{"phpDocumentor\\Reflection\\":["src/"]}},"extra":{"branch-alias":{"dev-master":"1.0.x-dev"}},"require":{"php":">=5.5","phpdocumentor/reflection-common":"^1.0@dev"},"require-dev":{"phpunit/phpunit":"^4.6","mockery/mockery":"^0.9.4"},"uid":633353},"0.1.7":{"name":"phpdocumentor/type-resolver","description":"","keywords":[],"homepage":"","version":"0.1.7","version_normalized":"0.1.7.0","license":["MIT"],"authors":[{"name":"Mike van Riel","email":"me@mikevanriel.com"}],"source":{"type":"git","url":"https://github.com/phpDocumentor/TypeResolver.git","reference":"c3a754741681739030adefe914b57c448e58a28a"},"dist":{"type":"zip","url":"https://api.github.com/repos/phpDocumentor/TypeResolver/zipball/c3a754741681739030adefe914b57c448e58a28a","reference":"c3a754741681739030adefe914b57c448e58a28a","shasum":""},"type":"library","time":"2016-03-19T17:53:07+00:00","autoload":{"psr-4":{"phpDocumentor\\Reflection\\":["src/"]}},"extra":{"branch-alias":{"dev-master":"1.0.x-dev"}},"require":{"php":">=5.5","phpdocumentor/reflection-common":"^1.0@dev"},"require-dev":{"phpunit/phpunit":"^4.6","mockery/mockery":"^0.9.4"},"uid":743979},"0.1.8":{"name":"phpdocumentor/type-resolver","description":"","keywords":[],"homepage":"","version":"0.1.8","version_normalized":"0.1.8.0","license":["MIT"],"authors":[{"name":"Mike van Riel","email":"me@mikevanriel.com"}],"source":{"type":"git","url":"https://github.com/phpDocumentor/TypeResolver.git","reference":"9891754231e55d42f0d16988ffb799af39f31a12"},"dist":{"type":"zip","url":"https://api.github.com/repos/phpDocumentor/TypeResolver/zipball/9891754231e55d42f0d16988ffb799af39f31a12","reference":"9891754231e55d42f0d16988ffb799af39f31a12","shasum":""},"type":"library","time":"2016-03-28T10:02:29+00:00","autoload":{"psr-4":{"phpDocumentor\\Reflection\\":["src/"]}},"extra":{"branch-alias":{"dev-master":"1.0.x-dev"}},"require":{"php":">=5.5","phpdocumentor/reflection-common":"^1.0"},"require-dev":{"phpunit/phpunit":"^5.2","mockery/mockery":"^0.9.4"},"uid":754057},"0.2":{"name":"phpdocumentor/type-resolver","description":"","keywords":[],"homepage":"","version":"0.2","version_normalized":"0.2.0.0","license":["MIT"],"authors":[{"name":"Mike van Riel","email":"me@mikevanriel.com"}],"source":{"type":"git","url":"https://github.com/phpDocumentor/TypeResolver.git","reference":"b39c7a5b194f9ed7bd0dd345c751007a41862443"},"dist":{"type":"zip","url":"https://api.github.com/repos/phpDocumentor/TypeResolver/zipball/b39c7a5b194f9ed7bd0dd345c751007a41862443","reference":"b39c7a5b194f9ed7bd0dd345c751007a41862443","shasum":""},"type":"library","time":"2016-06-10T07:14:17+00:00","autoload":{"psr-4":{"phpDocumentor\\Reflection\\":["src/"]}},"extra":{"branch-alias":{"dev-master":"1.0.x-dev"}},"require":{"php":">=5.5","phpdocumentor/reflection-common":"^1.0"},"require-dev":{"phpunit/phpunit":"^5.2||^4.8.24","mockery/mockery":"^0.9.4"},"uid":857130},"0.2.1":{"name":"phpdocumentor/type-resolver","description":"","keywords":[],"homepage":"","version":"0.2.1","version_normalized":"0.2.1.0","license":["MIT"],"authors":[{"name":"Mike van Riel","email":"me@mikevanriel.com"}],"source":{"type":"git","url":"https://github.com/phpDocumentor/TypeResolver.git","reference":"e224fb2ea2fba6d3ad6fdaef91cd09a172155ccb"},"dist":{"type":"zip","url":"https://api.github.com/repos/phpDocumentor/TypeResolver/zipball/e224fb2ea2fba6d3ad6fdaef91cd09a172155ccb","reference":"e224fb2ea2fba6d3ad6fdaef91cd09a172155ccb","shasum":""},"type":"library","time":"2016-11-25T06:54:22+00:00","autoload":{"psr-4":{"phpDocumentor\\Reflection\\":["src/"]}},"extra":{"branch-alias":{"dev-master":"1.0.x-dev"}},"require":{"php":">=5.5","phpdocumentor/reflection-common":"^1.0"},"require-dev":{"phpunit/phpunit":"^5.2||^4.8.24","mockery/mockery":"^0.9.4"},"uid":1097544},"0.3.0":{"name":"phpdocumentor/type-resolver","description":"","keywords":[],"homepage":"","version":"0.3.0","version_normalized":"0.3.0.0","license":["MIT"],"authors":[{"name":"Mike van Riel","email":"me@mikevanriel.com"}],"source":{"type":"git","url":"https://github.com/phpDocumentor/TypeResolver.git","reference":"fb3933512008d8162b3cdf9e18dba9309b7c3773"},"dist":{"type":"zip","url":"https://api.github.com/repos/phpDocumentor/TypeResolver/zipball/fb3933512008d8162b3cdf9e18dba9309b7c3773","reference":"fb3933512008d8162b3cdf9e18dba9309b7c3773","shasum":""},"type":"library","time":"2017-06-03T08:32:36+00:00","autoload":{"psr-4":{"phpDocumentor\\Reflection\\":["src/"]}},"extra":{"branch-alias":{"dev-master":"1.0.x-dev"}},"require":{"php":"^5.5 || ^7.0","phpdocumentor/reflection-common":"^1.0"},"require-dev":{"phpunit/phpunit":"^5.2||^4.8.24","mockery/mockery":"^0.9.4"},"uid":1427448},"0.4.0":{"name":"phpdocumentor/type-resolver","description":"","keywords":[],"homepage":"","version":"0.4.0","version_normalized":"0.4.0.0","license":["MIT"],"authors":[{"name":"Mike van Riel","email":"me@mikevanriel.com"}],"source":{"type":"git","url":"https://github.com/phpDocumentor/TypeResolver.git","reference":"9c977708995954784726e25d0cd1dddf4e65b0f7"},"dist":{"type":"zip","url":"https://api.github.com/repos/phpDocumentor/TypeResolver/zipball/9c977708995954784726e25d0cd1dddf4e65b0f7","reference":"9c977708995954784726e25d0cd1dddf4e65b0f7","shasum":""},"type":"library","time":"2017-07-14T14:27:02+00:00","autoload":{"psr-4":{"phpDocumentor\\Reflection\\":["src/"]}},"extra":{"branch-alias":{"dev-master":"1.0.x-dev"}},"require":{"php":"^5.5 || ^7.0","phpdocumentor/reflection-common":"^1.0"},"require-dev":{"phpunit/phpunit":"^5.2||^4.8.24","mockery/mockery":"^0.9.4"},"uid":1499923},"0.5.0":{"name":"phpdocumentor/type-resolver","description":"","keywords":[],"homepage":"","version":"0.5.0","version_normalized":"0.5.0.0","license":["MIT"],"authors":[{"name":"Mike van Riel","email":"me@mikevanriel.com"}],"source":{"type":"git","url":"https://github.com/phpDocumentor/TypeResolver.git","reference":"7159da1ff4ab5de0c033bab91c9d3f52dd9a7a02"},"dist":{"type":"zip","url":"https://api.github.com/repos/phpDocumentor/TypeResolver/zipball/7159da1ff4ab5de0c033bab91c9d3f52dd9a7a02","reference":"7159da1ff4ab5de0c033bab91c9d3f52dd9a7a02","shasum":""},"type":"library","time":"2017-11-15T21:30:06+00:00","autoload":{"psr-4":{"phpDocumentor\\Reflection\\":"src"}},"extra":{"branch-alias":{"dev-master":"1.0.x-dev"}},"require":{"php":"^7.0","phpdocumentor/reflection-common":"^1.0"},"require-dev":{"phpunit/phpunit":"^6.4","mockery/mockery":"^1.0"},"uid":1814063},"0.5.1":{"name":"phpdocumentor/type-resolver","description":"","keywords":[],"homepage":"","version":"0.5.1","version_normalized":"0.5.1.0","license":["MIT"],"authors":[{"name":"Mike van Riel","email":"me@mikevanriel.com"}],"source":{"type":"git","url":"https://github.com/phpDocumentor/TypeResolver.git","reference":"cf842904952e64e703800d094cdf34e715a8a3ae"},"dist":{"type":"zip","url":"https://api.github.com/repos/phpDocumentor/TypeResolver/zipball/cf842904952e64e703800d094cdf34e715a8a3ae","reference":"cf842904952e64e703800d094cdf34e715a8a3ae","shasum":""},"type":"library","time":"2017-12-30T13:23:38+00:00","autoload":{"psr-4":{"phpDocumentor\\Reflection\\":"src"}},"extra":{"branch-alias":{"dev-master":"1.0.x-dev"}},"require":{"php":"^7.0","phpdocumentor/reflection-common":"^1.0"},"require-dev":{"phpunit/phpunit":"^6.4","mockery/mockery":"^1.0"},"uid":1871296},"0.6.0":{"name":"phpdocumentor/type-resolver","description":"","keywords":[],"homepage":"","version":"0.6.0","version_normalized":"0.6.0.0","license":["MIT"],"authors":[{"name":"Mike van Riel","email":"me@mikevanriel.com"}],"source":{"type":"git","url":"https://github.com/phpDocumentor/TypeResolver.git","reference":"6b6613f1aa77d42eaf8569feefe7b904e4b4acb2"},"dist":{"type":"zip","url":"https://api.github.com/repos/phpDocumentor/TypeResolver/zipball/6b6613f1aa77d42eaf8569feefe7b904e4b4acb2","reference":"6b6613f1aa77d42eaf8569feefe7b904e4b4acb2","shasum":""},"type":"library","time":"2018-01-26T19:53:18+00:00","autoload":{"psr-4":{"phpDocumentor\\Reflection\\":"src"}},"require":{"php":">=7.1","phpdocumentor/reflection-common":"^2.0"},"require-dev":{"mockery/mockery":"^1.0","phpunit/phpunit":"^6.5"},"uid":1871297},"0.6.1":{"name":"phpdocumentor/type-resolver","description":"","keywords":[],"homepage":"","version":"0.6.1","version_normalized":"0.6.1.0","license":["MIT"],"authors":[{"name":"Mike van Riel","email":"me@mikevanriel.com"}],"source":{"type":"git","url":"https://github.com/phpDocumentor/TypeResolver.git","reference":"2870950c8eb446517e2e29acf8bbc209ed3ab0e4"},"dist":{"type":"zip","url":"https://api.github.com/repos/phpDocumentor/TypeResolver/zipball/2870950c8eb446517e2e29acf8bbc209ed3ab0e4","reference":"2870950c8eb446517e2e29acf8bbc209ed3ab0e4","shasum":""},"type":"library","time":"2018-02-12T14:33:22+00:00","autoload":{"psr-4":{"phpDocumentor\\Reflection\\":"src"}},"extra":{"branch-alias":{"dev-master":"0.x-dev"}},"require":{"php":">=7.1","phpdocumentor/reflection-common":"^2.0"},"require-dev":{"mockery/mockery":"^1.0","phpunit/phpunit":"^6.5"},"uid":1913832},"0.6.2":{"name":"phpdocumentor/type-resolver","description":"","keywords":[],"homepage":"","version":"0.6.2","version_normalized":"0.6.2.0","license":["MIT"],"authors":[{"name":"Mike van Riel","email":"me@mikevanriel.com"}],"source":{"type":"git","url":"https://github.com/phpDocumentor/TypeResolver.git","reference":"e81ce9e82df06b49b2d0e0a2393a08955aeda05b"},"dist":{"type":"zip","url":"https://api.github.com/repos/phpDocumentor/TypeResolver/zipball/e81ce9e82df06b49b2d0e0a2393a08955aeda05b","reference":"e81ce9e82df06b49b2d0e0a2393a08955aeda05b","shasum":""},"type":"library","time":"2018-06-14T12:29:58+00:00","autoload":{"psr-4":{"phpDocumentor\\Reflection\\":"src"}},"extra":{"branch-alias":{"dev-master":"0.x-dev"}},"require":{"php":">=7.1","phpdocumentor/reflection-common":"^2"},"require-dev":{"mockery/mockery":"^1.0","phpunit/phpunit":"^6.5"},"uid":2262127},"0.6.3":{"name":"phpdocumentor/type-resolver","description":"A PSR-5 based resolver of Class names, Types and Structural Element Names","keywords":[],"homepage":"","version":"0.6.3","version_normalized":"0.6.3.0","license":["MIT"],"authors":[{"name":"Mike van Riel","email":"me@mikevanriel.com"}],"source":{"type":"git","url":"https://github.com/phpDocumentor/TypeResolver.git","reference":"f989f458daac6b90f2ebbcbc729e774caec493e4"},"dist":{"type":"zip","url":"https://api.github.com/repos/phpDocumentor/TypeResolver/zipball/f989f458daac6b90f2ebbcbc729e774caec493e4","reference":"f989f458daac6b90f2ebbcbc729e774caec493e4","shasum":""},"type":"library","time":"2018-08-08T14:13:08+00:00","autoload":{"psr-4":{"phpDocumentor\\Reflection\\":"src"}},"extra":{"branch-alias":{"dev-master":"0.x-dev"}},"require":{"php":">=7.1","phpdocumentor/reflection-common":"~2.0.0-beta1"},"require-dev":{"mockery/mockery":"~1","phpunit/phpunit":"~6"},"uid":2392684},"0.7.0":{"name":"phpdocumentor/type-resolver","description":"A PSR-5 based resolver of Class names, Types and Structural Element Names","keywords":[],"homepage":"","version":"0.7.0","version_normalized":"0.7.0.0","license":["MIT"],"authors":[{"name":"Mike van Riel","email":"me@mikevanriel.com"}],"source":{"type":"git","url":"https://github.com/phpDocumentor/TypeResolver.git","reference":"804908512a82bbc7c952d5358ed1c8fd871766da"},"dist":{"type":"zip","url":"https://api.github.com/repos/phpDocumentor/TypeResolver/zipball/804908512a82bbc7c952d5358ed1c8fd871766da","reference":"804908512a82bbc7c952d5358ed1c8fd871766da","shasum":""},"type":"library","time":"2018-08-22T20:25:19+00:00","autoload":{"psr-4":{"phpDocumentor\\Reflection\\":"src"}},"extra":{"branch-alias":{"dev-master":"0.x-dev"}},"require":{"php":">=7.1","phpdocumentor/reflection-common":"~2.0.0-beta1"},"require-dev":{"mockery/mockery":"~1","phpunit/phpunit":"~6"},"uid":2414905},"0.7.1":{"name":"phpdocumentor/type-resolver","description":"A PSR-5 based resolver of Class names, Types and Structural Element Names","keywords":[],"homepage":"","version":"0.7.1","version_normalized":"0.7.1.0","license":["MIT"],"authors":[{"name":"Mike van Riel","email":"me@mikevanriel.com"}],"source":{"type":"git","url":"https://github.com/phpDocumentor/TypeResolver.git","reference":"9c0562f9af69b06b002b017a3f0672bbfaba349f"},"dist":{"type":"zip","url":"https://api.github.com/repos/phpDocumentor/TypeResolver/zipball/9c0562f9af69b06b002b017a3f0672bbfaba349f","reference":"9c0562f9af69b06b002b017a3f0672bbfaba349f","shasum":""},"type":"library","time":"2018-09-25T05:46:06+00:00","autoload":{"psr-4":{"phpDocumentor\\Reflection\\":"src"}},"extra":{"branch-alias":{"dev-master":"0.x-dev"}},"require":{"php":">=7.1","phpdocumentor/reflection-common":"~2.0.0-beta1"},"require-dev":{"mockery/mockery":"~1","phpunit/phpunit":"~6"},"uid":2519346},"0.7.2":{"name":"phpdocumentor/type-resolver","description":"A PSR-5 based resolver of Class names, Types and Structural Element Names","keywords":[],"homepage":"","version":"0.7.2","version_normalized":"0.7.2.0","license":["MIT"],"authors":[{"name":"Mike van Riel","email":"me@mikevanriel.com"}],"source":{"type":"git","url":"https://github.com/phpDocumentor/TypeResolver.git","reference":"2e32a6d48972b2c1976ed5d8967145b6cec4a4a9"},"dist":{"type":"zip","url":"https://api.github.com/repos/phpDocumentor/TypeResolver/zipball/2e32a6d48972b2c1976ed5d8967145b6cec4a4a9","reference":"2e32a6d48972b2c1976ed5d8967145b6cec4a4a9","shasum":""},"type":"library","time":"2019-08-22T18:11:29+00:00","autoload":{"psr-4":{"phpDocumentor\\Reflection\\":"src"}},"extra":{"branch-alias":{"dev-master":"1.x-dev"}},"require":{"php":"^7.1","phpdocumentor/reflection-common":"^2.0"},"require-dev":{"mockery/mockery":"~1","ext-tokenizer":"^7.1","phpunit/phpunit":"^7.0"},"uid":3179801},"0.7.x-dev":{"name":"phpdocumentor/type-resolver","description":"A PSR-5 based resolver of Class names, Types and Structural Element Names","keywords":[],"homepage":"","version":"0.7.x-dev","version_normalized":"0.7.9999999.9999999-dev","license":["MIT"],"authors":[{"name":"Mike van Riel","email":"me@mikevanriel.com"}],"source":{"type":"git","url":"https://github.com/phpDocumentor/TypeResolver.git","reference":"e424cdf9bbab5bccdede5f123f706083b11bcef9"},"dist":{"type":"zip","url":"https://api.github.com/repos/phpDocumentor/TypeResolver/zipball/e424cdf9bbab5bccdede5f123f706083b11bcef9","reference":"e424cdf9bbab5bccdede5f123f706083b11bcef9","shasum":""},"type":"library","time":"2019-12-20T14:34:12+00:00","autoload":{"psr-4":{"phpDocumentor\\Reflection\\":"src"}},"extra":{"branch-alias":{"dev-master":"0.x-dev"}},"require":{"php":">=7.1","phpdocumentor/reflection-common":"~2.0.0-beta1"},"require-dev":{"mockery/mockery":"~1","phpunit/phpunit":"~6"},"uid":3179769},"1.0.0":{"name":"phpdocumentor/type-resolver","description":"A PSR-5 based resolver of Class names, Types and Structural Element Names","keywords":[],"homepage":"","version":"1.0.0","version_normalized":"1.0.0.0","license":["MIT"],"authors":[{"name":"Mike van Riel","email":"me@mikevanriel.com"}],"source":{"type":"git","url":"https://github.com/phpDocumentor/TypeResolver.git","reference":"4dfca962ce4d6c11ae17efcc65621cc4b22004c7"},"dist":{"type":"zip","url":"https://api.github.com/repos/phpDocumentor/TypeResolver/zipball/4dfca962ce4d6c11ae17efcc65621cc4b22004c7","reference":"4dfca962ce4d6c11ae17efcc65621cc4b22004c7","shasum":""},"type":"library","time":"2019-07-08T19:35:58+00:00","autoload":{"psr-4":{"phpDocumentor\\Reflection\\":"src"}},"extra":{"branch-alias":{"dev-master":"1.x-dev"}},"require":{"php":"^7.1","phpdocumentor/reflection-common":"^2.0"},"require-dev":{"mockery/mockery":"~1","ext-tokenizer":"^7.1","phpunit/phpunit":"^7.0"},"uid":3114721},"1.0.1":{"name":"phpdocumentor/type-resolver","description":"A PSR-5 based resolver of Class names, Types and Structural Element Names","keywords":[],"homepage":"","version":"1.0.1","version_normalized":"1.0.1.0","license":["MIT"],"authors":[{"name":"Mike van Riel","email":"me@mikevanriel.com"}],"source":{"type":"git","url":"https://github.com/phpDocumentor/TypeResolver.git","reference":"2e32a6d48972b2c1976ed5d8967145b6cec4a4a9"},"dist":{"type":"zip","url":"https://api.github.com/repos/phpDocumentor/TypeResolver/zipball/2e32a6d48972b2c1976ed5d8967145b6cec4a4a9","reference":"2e32a6d48972b2c1976ed5d8967145b6cec4a4a9","shasum":""},"type":"library","time":"2019-08-22T18:11:29+00:00","autoload":{"psr-4":{"phpDocumentor\\Reflection\\":"src"}},"extra":{"branch-alias":{"dev-master":"1.x-dev"}},"require":{"php":"^7.1","phpdocumentor/reflection-common":"^2.0"},"require-dev":{"mockery/mockery":"~1","ext-tokenizer":"^7.1","phpunit/phpunit":"^7.0"},"uid":3179803},"dev-dependabot/composer/mockery/mockery-1.3.1":{"name":"phpdocumentor/type-resolver","description":"A PSR-5 based resolver of Class names, Types and Structural Element Names","keywords":[],"homepage":"","version":"dev-dependabot/composer/mockery/mockery-1.3.1","version_normalized":"dev-dependabot/composer/mockery/mockery-1.3.1","license":["MIT"],"authors":[{"name":"Mike van Riel","email":"me@mikevanriel.com"}],"source":{"type":"git","url":"https://github.com/phpDocumentor/TypeResolver.git","reference":"3a0828c6c27e94761e262d383bb687542d281b6e"},"dist":{"type":"zip","url":"https://api.github.com/repos/phpDocumentor/TypeResolver/zipball/3a0828c6c27e94761e262d383bb687542d281b6e","reference":"3a0828c6c27e94761e262d383bb687542d281b6e","shasum":""},"type":"library","time":"2019-12-27T08:27:26+00:00","autoload":{"psr-4":{"phpDocumentor\\Reflection\\":"src"}},"extra":{"branch-alias":{"dev-master":"1.x-dev"}},"require":{"php":"^7.2","phpdocumentor/reflection-common":"^2.0"},"require-dev":{"mockery/mockery":"~1","ext-tokenizer":"^7.2"},"uid":3486069},"dev-master":{"name":"phpdocumentor/type-resolver","description":"A PSR-5 based resolver of Class names, Types and Structural Element Names","keywords":[],"homepage":"","version":"dev-master","version_normalized":"9999999-dev","license":["MIT"],"authors":[{"name":"Mike van Riel","email":"me@mikevanriel.com"}],"source":{"type":"git","url":"https://github.com/phpDocumentor/TypeResolver.git","reference":"28517b98024f4d578e7a0774fa4a73ca2a73c724"},"dist":{"type":"zip","url":"https://api.github.com/repos/phpDocumentor/TypeResolver/zipball/28517b98024f4d578e7a0774fa4a73ca2a73c724","reference":"28517b98024f4d578e7a0774fa4a73ca2a73c724","shasum":""},"type":"library","time":"2019-12-27T21:51:48+00:00","autoload":{"psr-4":{"phpDocumentor\\Reflection\\":"src"}},"extra":{"branch-alias":{"dev-master":"1.x-dev"}},"require":{"phpdocumentor/reflection-common":"^2.0","php":"^7.2"},"require-dev":{"mockery/mockery":"~1","ext-tokenizer":"^7.2"},"uid":432182},"dev-strict-types":{"name":"phpdocumentor/type-resolver","description":"A PSR-5 based resolver of Class names, Types and Structural Element Names","keywords":[],"homepage":"","version":"dev-strict-types","version_normalized":"dev-strict-types","license":["MIT"],"authors":[{"name":"Mike van Riel","email":"me@mikevanriel.com"}],"source":{"type":"git","url":"https://github.com/phpDocumentor/TypeResolver.git","reference":"81dea8effddb6afc070552d95b8f5bbc2589fe10"},"dist":{"type":"zip","url":"https://api.github.com/repos/phpDocumentor/TypeResolver/zipball/81dea8effddb6afc070552d95b8f5bbc2589fe10","reference":"81dea8effddb6afc070552d95b8f5bbc2589fe10","shasum":""},"type":"library","time":"2019-07-08T19:18:31+00:00","autoload":{"psr-4":{"phpDocumentor\\Reflection\\":"src"}},"extra":{"branch-alias":{"dev-master":"0.x-dev"}},"require":{"php":"^7.1","phpdocumentor/reflection-common":"^2.0"},"require-dev":{"mockery/mockery":"~1","ext-tokenizer":"^7.1","phpunit/phpunit":"^7.0"},"uid":3069194}},"substpk/type-resolver":{"1.1":{"name":"substpk/type-resolver","description":"","keywords":[],"homepage":"","version":"1.1","version_normalized":"1.1.0.0","license":["MIT"],"authors":[{"name":"Mike van Riel","email":"me@mikevanriel.com"}],"source":{"type":"git","url":"https://github.com/substpk/TypeResolver.git","reference":"9ba79198d669b0e895660e92cbb5280a262dc7a7"},"dist":{"type":"zip","url":"https://api.github.com/repos/substpk/TypeResolver/zipball/9ba79198d669b0e895660e92cbb5280a262dc7a7","reference":"9ba79198d669b0e895660e92cbb5280a262dc7a7","shasum":""},"type":"library","time":"2017-02-04T10:35:37+00:00","autoload":{"psr-4":{"phpDocumentor\\Reflection\\":["src/"]}},"extra":{"branch-alias":{"dev-master":"1.0.x-dev"}},"require":{"php":">=5.5","phpdocumentor/reflection-common":"^1.0"},"require-dev":{"phpunit/phpunit":"^5.2||^4.8.24","mockery/mockery":"^0.9.4"},"replace":{"phpdocumentor/type-resolver":"*"},"uid":1213165},"dev-master":{"name":"substpk/type-resolver","description":"","keywords":[],"homepage":"","version":"dev-master","version_normalized":"9999999-dev","license":["MIT"],"authors":[{"name":"Mike van Riel","email":"me@mikevanriel.com"}],"source":{"type":"git","url":"https://github.com/substpk/TypeResolver.git","reference":"9ba79198d669b0e895660e92cbb5280a262dc7a7"},"dist":{"type":"zip","url":"https://api.github.com/repos/substpk/TypeResolver/zipball/9ba79198d669b0e895660e92cbb5280a262dc7a7","reference":"9ba79198d669b0e895660e92cbb5280a262dc7a7","shasum":""},"type":"library","time":"2017-02-04T10:35:37+00:00","autoload":{"psr-4":{"phpDocumentor\\Reflection\\":["src/"]}},"extra":{"branch-alias":{"dev-master":"1.0.x-dev"}},"require":{"php":">=5.5","phpdocumentor/reflection-common":"^1.0"},"require-dev":{"phpunit/phpunit":"^5.2||^4.8.24","mockery/mockery":"^0.9.4"},"replace":{"phpdocumentor/type-resolver":"*"},"uid":1213148}}}}