{"packages":{"fink3l/deep-copy":{"1.8.0":{"name":"fink3l/deep-copy","description":"Create deep copies (clones) of your objects","keywords":["object","clone","object graph","duplicate","copy"],"homepage":"","version":"1.8.0","version_normalized":"1.8.0.0","license":["MIT"],"authors":[],"source":{"type":"git","url":"https://github.com/fink3l/DeepCopy.git","reference":"478465659fd987669df0bd8a9bf22a8710e5f1b6"},"dist":{"type":"zip","url":"https://api.github.com/repos/fink3l/DeepCopy/zipball/478465659fd987669df0bd8a9bf22a8710e5f1b6","reference":"478465659fd987669df0bd8a9bf22a8710e5f1b6","shasum":""},"type":"library","time":"2018-05-29T17:25:09+00:00","autoload":{"psr-4":{"DeepCopy\\":"src/DeepCopy/"},"files":["src/DeepCopy/deep_copy.php"]},"require":{"php":"^7.1"},"require-dev":{"doctrine/collections":"^1.0","doctrine/common":"^2.6","phpunit/phpunit":"^7.1"},"replace":{"myclabs/deep-copy":"self.version"},"uid":2798857},"1.8.1":{"name":"fink3l/deep-copy","description":"Create deep copies (clones) of your objects","keywords":["object","clone","object graph","duplicate","copy"],"homepage":"","version":"1.8.1","version_normalized":"1.8.1.0","license":["MIT"],"authors":[],"source":{"type":"git","url":"https://github.com/fink3l/DeepCopy.git","reference":"3e01bdad3e18354c3dce54466b7fbe33a9f9f7f8"},"dist":{"type":"zip","url":"https://api.github.com/repos/fink3l/DeepCopy/zipball/3e01bdad3e18354c3dce54466b7fbe33a9f9f7f8","reference":"3e01bdad3e18354c3dce54466b7fbe33a9f9f7f8","shasum":""},"type":"library","time":"2018-06-11T23:09:50+00:00","autoload":{"psr-4":{"DeepCopy\\":"src/DeepCopy/"},"files":["src/DeepCopy/deep_copy.php"]},"require":{"php":"^7.1"},"require-dev":{"doctrine/collections":"^1.0","doctrine/common":"^2.6","phpunit/phpunit":"^7.1"},"replace":{"myclabs/deep-copy":"self.version"},"uid":2798858},"1.x-dev":{"name":"fink3l/deep-copy","description":"Create deep copies (clones) of your objects","keywords":["object","clone","object graph","duplicate","copy"],"homepage":"","version":"1.x-dev","version_normalized":"1.9999999.9999999.9999999-dev","license":["MIT"],"authors":[],"source":{"type":"git","url":"https://github.com/fink3l/DeepCopy.git","reference":"3e01bdad3e18354c3dce54466b7fbe33a9f9f7f8"},"dist":{"type":"zip","url":"https://api.github.com/repos/fink3l/DeepCopy/zipball/3e01bdad3e18354c3dce54466b7fbe33a9f9f7f8","reference":"3e01bdad3e18354c3dce54466b7fbe33a9f9f7f8","shasum":""},"type":"library","time":"2018-06-11T23:09:50+00:00","autoload":{"psr-4":{"DeepCopy\\":"src/DeepCopy/"},"files":["src/DeepCopy/deep_copy.php"]},"require":{"php":"^7.1"},"require-dev":{"doctrine/collections":"^1.0","doctrine/common":"^2.6","phpunit/phpunit":"^7.1"},"replace":{"myclabs/deep-copy":"self.version"},"uid":2798860},"2.0.0":{"name":"fink3l/deep-copy","description":"Create deep copies (clones) of your objects","keywords":["object","clone","object graph","duplicate","copy"],"homepage":"","version":"2.0.0","version_normalized":"2.0.0.0","license":["MIT"],"authors":[],"source":{"type":"git","url":"https://github.com/fink3l/DeepCopy.git","reference":"07cbbf569eb03d3102a801bd2750688185374654"},"dist":{"type":"zip","url":"https://api.github.com/repos/fink3l/DeepCopy/zipball/07cbbf569eb03d3102a801bd2750688185374654","reference":"07cbbf569eb03d3102a801bd2750688185374654","shasum":""},"type":"library","time":"2019-02-27T09:03:49+00:00","autoload":{"psr-4":{"DeepCopy\\":"src/DeepCopy/"},"files":["src/DeepCopy/deep_copy.php"]},"require":{"php":"^7.2"},"require-dev":{"doctrine/collections":"^1.0","doctrine/common":"^2.6","phpstan/phpstan":"^0.9.2","phpstan/phpstan-phpunit":"^0.9.4","phpunit/phpunit":"^7.1"},"replace":{"myclabs/deep-copy":"self.version"},"uid":2799016},"dev-feature/prepend-filters":{"name":"fink3l/deep-copy","description":"Create deep copies (clones) of your objects","keywords":["object","clone","object graph","duplicate","copy"],"homepage":"","version":"dev-feature/prepend-filters","version_normalized":"dev-feature/prepend-filters","license":["MIT"],"authors":[],"source":{"type":"git","url":"https://github.com/fink3l/DeepCopy.git","reference":"2648d9d74581c797c3169ab9c8ee4b285a98f4ac"},"dist":{"type":"zip","url":"https://api.github.com/repos/fink3l/DeepCopy/zipball/2648d9d74581c797c3169ab9c8ee4b285a98f4ac","reference":"2648d9d74581c797c3169ab9c8ee4b285a98f4ac","shasum":""},"type":"library","time":"2019-02-20T22:24:39+00:00","autoload":{"psr-4":{"DeepCopy\\":"src/DeepCopy/"},"files":["src/DeepCopy/deep_copy.php"]},"require":{"php":"^7.2"},"require-dev":{"doctrine/collections":"^1.0","doctrine/common":"^2.6","phpstan/phpstan":"^0.9.2","phpstan/phpstan-phpunit":"^0.9.4","phpunit/phpunit":"^7.1"},"replace":{"myclabs/deep-copy":"self.version"},"uid":2798859}},"myclabs/deep-copy":{"1.0.0":{"name":"myclabs/deep-copy","description":"Create deep copies (clones) of your objects","keywords":["object","clone","object graph","duplicate","copy"],"homepage":"https://github.com/myclabs/DeepCopy","version":"1.0.0","version_normalized":"1.0.0.0","license":["MIT"],"authors":[],"source":{"type":"git","url":"https://github.com/myclabs/DeepCopy.git","reference":"2c8df9f6a975b8cb2d619a9722ded6f23a104294"},"dist":{"type":"zip","url":"https://api.github.com/repos/myclabs/DeepCopy/zipball/2c8df9f6a975b8cb2d619a9722ded6f23a104294","reference":"2c8df9f6a975b8cb2d619a9722ded6f23a104294","shasum":""},"type":"library","time":"2013-10-01T10:30:23+00:00","autoload":{"psr-0":{"DeepCopy":"src/","DeepCopyTest":"tests/"}},"require":{"php":">=5.4.0"},"require-dev":{"doctrine/collections":"1.*"},"uid":1677259},"1.0.1":{"name":"myclabs/deep-copy","description":"Create deep copies (clones) of your objects","keywords":["object","clone","object graph","duplicate","copy"],"homepage":"https://github.com/myclabs/DeepCopy","version":"1.0.1","version_normalized":"1.0.1.0","license":["MIT"],"authors":[],"source":{"type":"git","url":"https://github.com/myclabs/DeepCopy.git","reference":"1ee53258c4076953dc512e78db00adbd7e5b21cd"},"dist":{"type":"zip","url":"https://api.github.com/repos/myclabs/DeepCopy/zipball/1ee53258c4076953dc512e78db00adbd7e5b21cd","reference":"1ee53258c4076953dc512e78db00adbd7e5b21cd","shasum":""},"type":"library","time":"2014-02-14T08:59:38+00:00","autoload":{"psr-0":{"DeepCopy":"src/","DeepCopyTest":"tests/"}},"require":{"php":">=5.4.0"},"require-dev":{"doctrine/collections":"1.*"},"uid":1677260},"1.1.0":{"name":"myclabs/deep-copy","description":"Create deep copies (clones) of your objects","keywords":["object","clone","object graph","duplicate","copy"],"homepage":"https://github.com/myclabs/DeepCopy","version":"1.1.0","version_normalized":"1.1.0.0","license":["MIT"],"authors":[],"source":{"type":"git","url":"https://github.com/myclabs/DeepCopy.git","reference":"804c17d20d938a1d3c425307189e65f49b53231e"},"dist":{"type":"zip","url":"https://api.github.com/repos/myclabs/DeepCopy/zipball/804c17d20d938a1d3c425307189e65f49b53231e","reference":"804c17d20d938a1d3c425307189e65f49b53231e","shasum":""},"type":"library","time":"2014-03-21T12:53:08+00:00","autoload":{"psr-0":{"DeepCopy":"src/","DeepCopyTest":"tests/"}},"require":{"php":">=5.4.0"},"require-dev":{"doctrine/collections":"1.*"},"uid":1677261},"1.2.0":{"name":"myclabs/deep-copy","description":"Create deep copies (clones) of your objects","keywords":["object","clone","object graph","duplicate","copy"],"homepage":"https://github.com/myclabs/DeepCopy","version":"1.2.0","version_normalized":"1.2.0.0","license":["MIT"],"authors":[],"source":{"type":"git","url":"https://github.com/myclabs/DeepCopy.git","reference":"f0cb3bd7eddef40adcc1a1aaeaf569ceb3164532"},"dist":{"type":"zip","url":"https://api.github.com/repos/myclabs/DeepCopy/zipball/f0cb3bd7eddef40adcc1a1aaeaf569ceb3164532","reference":"f0cb3bd7eddef40adcc1a1aaeaf569ceb3164532","shasum":""},"type":"library","time":"2014-08-29T00:01:20+00:00","autoload":{"psr-4":{"DeepCopy\\":"src/DeepCopy/"}},"require":{"php":">=5.4.0"},"require-dev":{"doctrine/collections":"1.*","phpunit/phpunit":"~4.1"},"uid":1677262},"1.2.1":{"name":"myclabs/deep-copy","description":"Create deep copies (clones) of your objects","keywords":["object","clone","object graph","duplicate","copy"],"homepage":"https://github.com/myclabs/DeepCopy","version":"1.2.1","version_normalized":"1.2.1.0","license":["MIT"],"authors":[],"source":{"type":"git","url":"https://github.com/myclabs/DeepCopy.git","reference":"d93c485e71bcd22df0a994e9e3e03a3ef3a3e3f3"},"dist":{"type":"zip","url":"https://api.github.com/repos/myclabs/DeepCopy/zipball/d93c485e71bcd22df0a994e9e3e03a3ef3a3e3f3","reference":"d93c485e71bcd22df0a994e9e3e03a3ef3a3e3f3","shasum":""},"type":"library","time":"2014-11-20T05:11:17+00:00","autoload":{"psr-4":{"DeepCopy\\":"src/DeepCopy/"}},"require":{"php":">=5.4.0"},"require-dev":{"doctrine/collections":"1.*","phpunit/phpunit":"~4.1"},"uid":1677263},"1.3.0":{"name":"myclabs/deep-copy","description":"Create deep copies (clones) of your objects","keywords":["object","clone","object graph","duplicate","copy"],"homepage":"https://github.com/myclabs/DeepCopy","version":"1.3.0","version_normalized":"1.3.0.0","license":["MIT"],"authors":[],"source":{"type":"git","url":"https://github.com/myclabs/DeepCopy.git","reference":"96fbdc07635989c35c5a1912379f4c4b2ab15fd5"},"dist":{"type":"zip","url":"https://api.github.com/repos/myclabs/DeepCopy/zipball/96fbdc07635989c35c5a1912379f4c4b2ab15fd5","reference":"96fbdc07635989c35c5a1912379f4c4b2ab15fd5","shasum":""},"type":"library","time":"2015-03-21T22:40:23+00:00","autoload":{"psr-4":{"DeepCopy\\":"src/DeepCopy/"}},"require":{"php":">=5.4.0"},"require-dev":{"doctrine/collections":"1.*","phpunit/phpunit":"~4.1"},"uid":1677264},"1.3.1":{"name":"myclabs/deep-copy","description":"Create deep copies (clones) of your objects","keywords":["object","clone","object graph","duplicate","copy"],"homepage":"https://github.com/myclabs/DeepCopy","version":"1.3.1","version_normalized":"1.3.1.0","license":["MIT"],"authors":[],"source":{"type":"git","url":"https://github.com/myclabs/DeepCopy.git","reference":"95d662954e06000cdf63ec9c9f0a6c598d9c5eb9"},"dist":{"type":"zip","url":"https://api.github.com/repos/myclabs/DeepCopy/zipball/95d662954e06000cdf63ec9c9f0a6c598d9c5eb9","reference":"95d662954e06000cdf63ec9c9f0a6c598d9c5eb9","shasum":""},"type":"library","time":"2015-07-19T19:57:13+00:00","autoload":{"psr-4":{"DeepCopy\\":"src/DeepCopy/"}},"require":{"php":">=5.4.0"},"require-dev":{"doctrine/collections":"1.*","phpunit/phpunit":"~4.1"},"uid":1677265},"1.4.0":{"name":"myclabs/deep-copy","description":"Create deep copies (clones) of your objects","keywords":["object","clone","object graph","duplicate","copy"],"homepage":"https://github.com/myclabs/DeepCopy","version":"1.4.0","version_normalized":"1.4.0.0","license":["MIT"],"authors":[],"source":{"type":"git","url":"https://github.com/myclabs/DeepCopy.git","reference":"d8093b631a31628342d0703764935f8bac2c56b1"},"dist":{"type":"zip","url":"https://api.github.com/repos/myclabs/DeepCopy/zipball/d8093b631a31628342d0703764935f8bac2c56b1","reference":"d8093b631a31628342d0703764935f8bac2c56b1","shasum":""},"type":"library","time":"2015-10-05T15:07:09+00:00","autoload":{"psr-4":{"DeepCopy\\":"src/DeepCopy/"}},"require":{"php":">=5.4.0"},"require-dev":{"doctrine/collections":"1.*","phpunit/phpunit":"~4.1"},"uid":1677266},"1.5.0":{"name":"myclabs/deep-copy","description":"Create deep copies (clones) of your objects","keywords":["object","clone","object graph","duplicate","copy"],"homepage":"https://github.com/myclabs/DeepCopy","version":"1.5.0","version_normalized":"1.5.0.0","license":["MIT"],"authors":[],"source":{"type":"git","url":"https://github.com/myclabs/DeepCopy.git","reference":"e3abefcd7f106677fd352cd7c187d6c969aa9ddc"},"dist":{"type":"zip","url":"https://api.github.com/repos/myclabs/DeepCopy/zipball/e3abefcd7f106677fd352cd7c187d6c969aa9ddc","reference":"e3abefcd7f106677fd352cd7c187d6c969aa9ddc","shasum":""},"type":"library","time":"2015-11-07T22:20:37+00:00","autoload":{"psr-4":{"DeepCopy\\":"src/DeepCopy/"}},"require":{"php":">=5.4.0"},"require-dev":{"doctrine/collections":"1.*","phpunit/phpunit":"~4.1"},"uid":1677267},"1.5.1":{"name":"myclabs/deep-copy","description":"Create deep copies (clones) of your objects","keywords":["object","clone","object graph","duplicate","copy"],"homepage":"https://github.com/myclabs/DeepCopy","version":"1.5.1","version_normalized":"1.5.1.0","license":["MIT"],"authors":[],"source":{"type":"git","url":"https://github.com/myclabs/DeepCopy.git","reference":"a8773992b362b58498eed24bf85005f363c34771"},"dist":{"type":"zip","url":"https://api.github.com/repos/myclabs/DeepCopy/zipball/a8773992b362b58498eed24bf85005f363c34771","reference":"a8773992b362b58498eed24bf85005f363c34771","shasum":""},"type":"library","time":"2015-11-20T12:04:31+00:00","autoload":{"psr-4":{"DeepCopy\\":"src/DeepCopy/"}},"require":{"php":">=5.4.0"},"require-dev":{"doctrine/collections":"1.*","phpunit/phpunit":"~4.1"},"uid":1677268},"1.5.2":{"name":"myclabs/deep-copy","description":"Create deep copies (clones) of your objects","keywords":["object","clone","object graph","duplicate","copy"],"homepage":"https://github.com/myclabs/DeepCopy","version":"1.5.2","version_normalized":"1.5.2.0","license":["MIT"],"authors":[],"source":{"type":"git","url":"https://github.com/myclabs/DeepCopy.git","reference":"da8529775f14f4fdae33f916eb0cf65f6afbddbc"},"dist":{"type":"zip","url":"https://api.github.com/repos/myclabs/DeepCopy/zipball/da8529775f14f4fdae33f916eb0cf65f6afbddbc","reference":"da8529775f14f4fdae33f916eb0cf65f6afbddbc","shasum":""},"type":"library","time":"2016-09-06T16:07:05+00:00","autoload":{"psr-4":{"DeepCopy\\":"src/DeepCopy/"}},"require":{"php":">=5.4.0"},"require-dev":{"doctrine/collections":"1.*","phpunit/phpunit":"~4.1"},"uid":1677269},"1.5.3":{"name":"myclabs/deep-copy","description":"Create deep copies (clones) of your objects","keywords":["object","clone","object graph","duplicate","copy"],"homepage":"https://github.com/myclabs/DeepCopy","version":"1.5.3","version_normalized":"1.5.3.0","license":["MIT"],"authors":[],"source":{"type":"git","url":"https://github.com/myclabs/DeepCopy.git","reference":"94e5ca3e90aa5b34663780393e10914f7438f991"},"dist":{"type":"zip","url":"https://api.github.com/repos/myclabs/DeepCopy/zipball/94e5ca3e90aa5b34663780393e10914f7438f991","reference":"94e5ca3e90aa5b34663780393e10914f7438f991","shasum":""},"type":"library","time":"2016-09-07T15:34:10+00:00","autoload":{"psr-4":{"DeepCopy\\":"src/DeepCopy/"}},"require":{"php":">=5.4.0"},"require-dev":{"doctrine/collections":"1.*","phpunit/phpunit":"~4.1"},"uid":1677270},"1.5.4":{"name":"myclabs/deep-copy","description":"Create deep copies (clones) of your objects","keywords":["object","clone","object graph","duplicate","copy"],"homepage":"https://github.com/myclabs/DeepCopy","version":"1.5.4","version_normalized":"1.5.4.0","license":["MIT"],"authors":[],"source":{"type":"git","url":"https://github.com/myclabs/DeepCopy.git","reference":"ea74994a3dc7f8d2f65a06009348f2d63c81e61f"},"dist":{"type":"zip","url":"https://api.github.com/repos/myclabs/DeepCopy/zipball/ea74994a3dc7f8d2f65a06009348f2d63c81e61f","reference":"ea74994a3dc7f8d2f65a06009348f2d63c81e61f","shasum":""},"type":"library","time":"2016-09-16T13:37:59+00:00","autoload":{"psr-4":{"DeepCopy\\":"src/DeepCopy/"}},"require":{"php":">=5.4.0"},"require-dev":{"doctrine/collections":"1.*","phpunit/phpunit":"~4.1"},"uid":1677271},"1.5.5":{"name":"myclabs/deep-copy","description":"Create deep copies (clones) of your objects","keywords":["object","clone","object graph","duplicate","copy"],"homepage":"https://github.com/myclabs/DeepCopy","version":"1.5.5","version_normalized":"1.5.5.0","license":["MIT"],"authors":[],"source":{"type":"git","url":"https://github.com/myclabs/DeepCopy.git","reference":"399c1f9781e222f6eb6cc238796f5200d1b7f108"},"dist":{"type":"zip","url":"https://api.github.com/repos/myclabs/DeepCopy/zipball/399c1f9781e222f6eb6cc238796f5200d1b7f108","reference":"399c1f9781e222f6eb6cc238796f5200d1b7f108","shasum":""},"type":"library","time":"2016-10-31T17:19:45+00:00","autoload":{"psr-4":{"DeepCopy\\":"src/DeepCopy/"}},"require":{"php":">=5.4.0"},"require-dev":{"doctrine/collections":"1.*","phpunit/phpunit":"~4.1"},"uid":1677272},"1.6.0":{"name":"myclabs/deep-copy","description":"Create deep copies (clones) of your objects","keywords":["object","clone","object graph","duplicate","copy"],"homepage":"https://github.com/myclabs/DeepCopy","version":"1.6.0","version_normalized":"1.6.0.0","license":["MIT"],"authors":[],"source":{"type":"git","url":"https://github.com/myclabs/DeepCopy.git","reference":"5a5a9fc8025a08d8919be87d6884d5a92520cefe"},"dist":{"type":"zip","url":"https://api.github.com/repos/myclabs/DeepCopy/zipball/5a5a9fc8025a08d8919be87d6884d5a92520cefe","reference":"5a5a9fc8025a08d8919be87d6884d5a92520cefe","shasum":""},"type":"library","time":"2017-01-26T22:05:40+00:00","autoload":{"psr-4":{"DeepCopy\\":"src/DeepCopy/"}},"require":{"php":">=5.4.0"},"require-dev":{"doctrine/collections":"1.*","phpunit/phpunit":"~4.1"},"uid":1677273},"1.6.1":{"name":"myclabs/deep-copy","description":"Create deep copies (clones) of your objects","keywords":["object","clone","object graph","duplicate","copy"],"homepage":"https://github.com/myclabs/DeepCopy","version":"1.6.1","version_normalized":"1.6.1.0","license":["MIT"],"authors":[],"source":{"type":"git","url":"https://github.com/myclabs/DeepCopy.git","reference":"8e6e04167378abf1ddb4d3522d8755c5fd90d102"},"dist":{"type":"zip","url":"https://api.github.com/repos/myclabs/DeepCopy/zipball/8e6e04167378abf1ddb4d3522d8755c5fd90d102","reference":"8e6e04167378abf1ddb4d3522d8755c5fd90d102","shasum":""},"type":"library","time":"2017-04-12T18:52:22+00:00","autoload":{"psr-4":{"DeepCopy\\":"src/DeepCopy/"}},"require":{"php":">=5.4.0"},"require-dev":{"doctrine/collections":"1.*","phpunit/phpunit":"~4.1"},"uid":1677274},"1.7.0":{"name":"myclabs/deep-copy","description":"Create deep copies (clones) of your objects","keywords":["object","clone","object graph","duplicate","copy"],"homepage":"","version":"1.7.0","version_normalized":"1.7.0.0","license":["MIT"],"authors":[],"source":{"type":"git","url":"https://github.com/myclabs/DeepCopy.git","reference":"3b8a3a99ba1f6a3952ac2747d989303cbd6b7a3e"},"dist":{"type":"zip","url":"https://api.github.com/repos/myclabs/DeepCopy/zipball/3b8a3a99ba1f6a3952ac2747d989303cbd6b7a3e","reference":"3b8a3a99ba1f6a3952ac2747d989303cbd6b7a3e","shasum":""},"type":"library","time":"2017-10-19T19:58:43+00:00","autoload":{"psr-4":{"DeepCopy\\":"src/DeepCopy/"},"files":["src/DeepCopy/deep_copy.php"]},"require":{"php":"^5.6 || ^7.0"},"require-dev":{"doctrine/collections":"^1.0","doctrine/common":"^2.6","phpunit/phpunit":"^4.1"},"uid":1677275},"1.8.0":{"name":"myclabs/deep-copy","description":"Create deep copies (clones) of your objects","keywords":["object","clone","object graph","duplicate","copy"],"homepage":"","version":"1.8.0","version_normalized":"1.8.0.0","license":["MIT"],"authors":[],"source":{"type":"git","url":"https://github.com/myclabs/DeepCopy.git","reference":"478465659fd987669df0bd8a9bf22a8710e5f1b6"},"dist":{"type":"zip","url":"https://api.github.com/repos/myclabs/DeepCopy/zipball/478465659fd987669df0bd8a9bf22a8710e5f1b6","reference":"478465659fd987669df0bd8a9bf22a8710e5f1b6","shasum":""},"type":"library","time":"2018-05-29T17:25:09+00:00","autoload":{"psr-4":{"DeepCopy\\":"src/DeepCopy/"},"files":["src/DeepCopy/deep_copy.php"]},"require":{"php":"^7.1"},"require-dev":{"doctrine/collections":"^1.0","doctrine/common":"^2.6","phpunit/phpunit":"^7.1"},"replace":{"myclabs/deep-copy":"self.version"},"uid":2229669},"1.8.1":{"name":"myclabs/deep-copy","description":"Create deep copies (clones) of your objects","keywords":["object","clone","object graph","duplicate","copy"],"homepage":"","version":"1.8.1","version_normalized":"1.8.1.0","license":["MIT"],"authors":[],"source":{"type":"git","url":"https://github.com/myclabs/DeepCopy.git","reference":"3e01bdad3e18354c3dce54466b7fbe33a9f9f7f8"},"dist":{"type":"zip","url":"https://api.github.com/repos/myclabs/DeepCopy/zipball/3e01bdad3e18354c3dce54466b7fbe33a9f9f7f8","reference":"3e01bdad3e18354c3dce54466b7fbe33a9f9f7f8","shasum":""},"type":"library","time":"2018-06-11T23:09:50+00:00","autoload":{"psr-4":{"DeepCopy\\":"src/DeepCopy/"},"files":["src/DeepCopy/deep_copy.php"]},"require":{"php":"^7.1"},"require-dev":{"doctrine/collections":"^1.0","doctrine/common":"^2.6","phpunit/phpunit":"^7.1"},"replace":{"myclabs/deep-copy":"self.version"},"uid":2255472},"1.9.0":{"name":"myclabs/deep-copy","description":"Create deep copies (clones) of your objects","keywords":["object","clone","object graph","duplicate","copy"],"homepage":"","version":"1.9.0","version_normalized":"1.9.0.0","license":["MIT"],"authors":[],"source":{"type":"git","url":"https://github.com/myclabs/DeepCopy.git","reference":"78af75148f9fdd34ea727c8b529a9b4a8f7b740c"},"dist":{"type":"zip","url":"https://api.github.com/repos/myclabs/DeepCopy/zipball/78af75148f9fdd34ea727c8b529a9b4a8f7b740c","reference":"78af75148f9fdd34ea727c8b529a9b4a8f7b740c","shasum":""},"type":"library","time":"2018-10-30T00:14:44+00:00","autoload":{"psr-4":{"DeepCopy\\":"src/DeepCopy/"},"files":["src/DeepCopy/deep_copy.php"]},"require":{"php":"^7.2"},"require-dev":{"doctrine/collections":"^1.0","doctrine/common":"^2.6","phpstan/phpstan":"^0.9.2","phpstan/phpstan-phpunit":"^0.9.4","phpunit/phpunit":"^7.1"},"replace":{"myclabs/deep-copy":"self.version"},"uid":2882303},"1.9.1":{"name":"myclabs/deep-copy","description":"Create deep copies (clones) of your objects","keywords":["object","clone","object graph","duplicate","copy"],"homepage":"","version":"1.9.1","version_normalized":"1.9.1.0","license":["MIT"],"authors":[],"source":{"type":"git","url":"https://github.com/myclabs/DeepCopy.git","reference":"e6828efaba2c9b79f4499dae1d66ef8bfa7b2b72"},"dist":{"type":"zip","url":"https://api.github.com/repos/myclabs/DeepCopy/zipball/e6828efaba2c9b79f4499dae1d66ef8bfa7b2b72","reference":"e6828efaba2c9b79f4499dae1d66ef8bfa7b2b72","shasum":""},"type":"library","time":"2019-04-07T13:18:21+00:00","autoload":{"psr-4":{"DeepCopy\\":"src/DeepCopy/"},"files":["src/DeepCopy/deep_copy.php"]},"require":{"php":"^7.1"},"require-dev":{"doctrine/collections":"^1.0","doctrine/common":"^2.6","phpunit/phpunit":"^7.1"},"replace":{"myclabs/deep-copy":"self.version"},"uid":2889530},"1.9.2":{"name":"myclabs/deep-copy","description":"Create deep copies (clones) of your objects","keywords":["object","clone","object graph","duplicate","copy"],"homepage":"","version":"1.9.2","version_normalized":"1.9.2.0","license":["MIT"],"authors":[],"source":{"type":"git","url":"https://github.com/myclabs/DeepCopy.git","reference":"8d0a041a565fc1e927e75f1d1bea5f34edf6e7d1"},"dist":{"type":"zip","url":"https://api.github.com/repos/myclabs/DeepCopy/zipball/8d0a041a565fc1e927e75f1d1bea5f34edf6e7d1","reference":"8d0a041a565fc1e927e75f1d1bea5f34edf6e7d1","shasum":""},"type":"library","time":"2019-08-09T12:38:39+00:00","autoload":{"psr-4":{"DeepCopy\\":"src/DeepCopy/"},"files":["src/DeepCopy/deep_copy.php"]},"require":{"php":"^7.2"},"require-dev":{"doctrine/collections":"^1.0","doctrine/common":"^2.6","phpstan/phpstan":"^0.9.2","phpstan/phpstan-phpunit":"^0.9.4","phpunit/phpunit":"^7.1"},"replace":{"myclabs/deep-copy":"self.version"},"uid":3154784},"1.9.3":{"name":"myclabs/deep-copy","description":"Create deep copies (clones) of your objects","keywords":["object","clone","object graph","duplicate","copy"],"homepage":"","version":"1.9.3","version_normalized":"1.9.3.0","license":["MIT"],"authors":[],"source":{"type":"git","url":"https://github.com/myclabs/DeepCopy.git","reference":"007c053ae6f31bba39dfa19a7726f56e9763bbea"},"dist":{"type":"zip","url":"https://api.github.com/repos/myclabs/DeepCopy/zipball/007c053ae6f31bba39dfa19a7726f56e9763bbea","reference":"007c053ae6f31bba39dfa19a7726f56e9763bbea","shasum":""},"type":"library","time":"2019-08-09T12:45:53+00:00","autoload":{"psr-4":{"DeepCopy\\":"src/DeepCopy/"},"files":["src/DeepCopy/deep_copy.php"]},"require":{"php":"^7.1"},"require-dev":{"doctrine/collections":"^1.0","doctrine/common":"^2.6","phpunit/phpunit":"^7.1"},"replace":{"myclabs/deep-copy":"self.version"},"uid":3155456},"1.9.4":{"name":"myclabs/deep-copy","description":"Create deep copies (clones) of your objects","keywords":["object","clone","object graph","duplicate","copy"],"homepage":"","version":"1.9.4","version_normalized":"1.9.4.0","license":["MIT"],"authors":[],"source":{"type":"git","url":"https://github.com/myclabs/DeepCopy.git","reference":"579bb7356d91f9456ccd505f24ca8b667966a0a7"},"dist":{"type":"zip","url":"https://api.github.com/repos/myclabs/DeepCopy/zipball/579bb7356d91f9456ccd505f24ca8b667966a0a7","reference":"579bb7356d91f9456ccd505f24ca8b667966a0a7","shasum":""},"type":"library","time":"2019-12-15T19:12:40+00:00","autoload":{"psr-4":{"DeepCopy\\":"src/DeepCopy/"},"files":["src/DeepCopy/deep_copy.php"]},"require":{"php":"^7.1"},"require-dev":{"doctrine/collections":"^1.0","doctrine/common":"^2.6","phpunit/phpunit":"^7.1"},"replace":{"myclabs/deep-copy":"self.version"},"uid":3459089},"1.9.5":{"name":"myclabs/deep-copy","description":"Create deep copies (clones) of your objects","keywords":["object","clone","object graph","duplicate","copy"],"homepage":"","version":"1.9.5","version_normalized":"1.9.5.0","license":["MIT"],"authors":[],"source":{"type":"git","url":"https://github.com/myclabs/DeepCopy.git","reference":"b2c28789e80a97badd14145fda39b545d83ca3ef"},"dist":{"type":"zip","url":"https://api.github.com/repos/myclabs/DeepCopy/zipball/b2c28789e80a97badd14145fda39b545d83ca3ef","reference":"b2c28789e80a97badd14145fda39b545d83ca3ef","shasum":""},"type":"library","time":"2020-01-17T21:11:47+00:00","autoload":{"psr-4":{"DeepCopy\\":"src/DeepCopy/"},"files":["src/DeepCopy/deep_copy.php"]},"require":{"php":"^7.1"},"require-dev":{"doctrine/collections":"^1.0","doctrine/common":"^2.6","phpunit/phpunit":"^7.1"},"replace":{"myclabs/deep-copy":"self.version"},"uid":3547187},"1.x-dev":{"name":"myclabs/deep-copy","description":"Create deep copies (clones) of your objects","keywords":["object","clone","object graph","duplicate","copy"],"homepage":"","version":"1.x-dev","version_normalized":"1.9999999.9999999.9999999-dev","license":["MIT"],"authors":[],"source":{"type":"git","url":"https://github.com/myclabs/DeepCopy.git","reference":"b2c28789e80a97badd14145fda39b545d83ca3ef"},"dist":{"type":"zip","url":"https://api.github.com/repos/myclabs/DeepCopy/zipball/b2c28789e80a97badd14145fda39b545d83ca3ef","reference":"b2c28789e80a97badd14145fda39b545d83ca3ef","shasum":""},"type":"library","time":"2020-01-17T21:11:47+00:00","autoload":{"psr-4":{"DeepCopy\\":"src/DeepCopy/"},"files":["src/DeepCopy/deep_copy.php"]},"require":{"php":"^7.1"},"require-dev":{"doctrine/collections":"^1.0","doctrine/common":"^2.6","phpunit/phpunit":"^7.1"},"replace":{"myclabs/deep-copy":"self.version"},"uid":1739085},"2.x-dev":{"name":"myclabs/deep-copy","description":"Create deep copies (clones) of your objects","keywords":["object","clone","object graph","duplicate","copy"],"homepage":"","version":"2.x-dev","version_normalized":"2.9999999.9999999.9999999-dev","license":["MIT"],"authors":[],"source":{"type":"git","url":"https://github.com/myclabs/DeepCopy.git","reference":"0ef5985b9a15dc8e62e6117486d734bdf512f38c"},"dist":{"type":"zip","url":"https://api.github.com/repos/myclabs/DeepCopy/zipball/0ef5985b9a15dc8e62e6117486d734bdf512f38c","reference":"0ef5985b9a15dc8e62e6117486d734bdf512f38c","shasum":""},"type":"library","time":"2020-01-09T19:00:58+00:00","autoload":{"psr-4":{"DeepCopy\\":"src/DeepCopy/"},"files":["src/DeepCopy/deep_copy.php"]},"require":{"php":"^7.2"},"require-dev":{"doctrine/collections":"^1.0","doctrine/common":"^2.6","phpunit/phpunit":"^7.1","phpstan/phpstan":"^0.9.2","phpstan/phpstan-phpunit":"^0.9.4"},"replace":{"myclabs/deep-copy":"self.version"},"uid":1441518}}}}