{"packages":{"symfony/contracts":{"dev-master":{"name":"symfony/contracts","description":"A set of abstractions extracted out of the Symfony components","keywords":["interfaces","standards","interoperability","contracts","abstractions","decoupling"],"homepage":"https://symfony.com","version":"dev-master","version_normalized":"9999999-dev","license":["MIT"],"authors":[{"name":"Nicolas Grekas","email":"p@tchwork.com"},{"name":"Symfony Community","homepage":"https://symfony.com/contributors"}],"source":{"type":"git","url":"https://github.com/symfony/contracts.git","reference":"6069b666392dbd2e6494409958618a7d033c24ba"},"dist":{"type":"zip","url":"https://api.github.com/repos/symfony/contracts/zipball/6069b666392dbd2e6494409958618a7d033c24ba","reference":"6069b666392dbd2e6494409958618a7d033c24ba","shasum":""},"type":"library","time":"2020-01-04T14:08:26+00:00","autoload":{"psr-4":{"Symfony\\Contracts\\":""},"exclude-from-classmap":["**/Tests/"]},"extra":{"branch-alias":{"dev-master":"2.0-dev"}},"require":{"psr/cache":"^1.0","psr/container":"^1.0","psr/event-dispatcher":"^1.0","php":"^7.2.5"},"require-dev":{"symfony/polyfill-intl-idn":"^1.10"},"suggest":{"symfony/event-dispatcher-implementation":"","symfony/cache-implementation":"","symfony/http-client-implementation":"","symfony/service-implementation":"","symfony/translation-implementation":""},"replace":{"symfony/cache-contracts":"self.version","symfony/event-dispatcher-contracts":"self.version","symfony/http-client-contracts":"self.version","symfony/service-contracts":"self.version","symfony/translation-contracts":"self.version"},"uid":2329982},"v1.1.1":{"name":"symfony/contracts","description":"A set of abstractions extracted out of the Symfony components","keywords":["interfaces","standards","interoperability","contracts","abstractions","decoupling"],"homepage":"https://symfony.com","version":"v1.1.1","version_normalized":"1.1.1.0","license":["MIT"],"authors":[{"name":"Nicolas Grekas","email":"p@tchwork.com"},{"name":"Symfony Community","homepage":"https://symfony.com/contributors"}],"source":{"type":"git","url":"https://github.com/symfony/contracts.git","reference":"b6e291a08e6b002fb56aa6f3e2a2beb6674d2b2f"},"dist":{"type":"zip","url":"https://api.github.com/repos/symfony/contracts/zipball/b6e291a08e6b002fb56aa6f3e2a2beb6674d2b2f","reference":"b6e291a08e6b002fb56aa6f3e2a2beb6674d2b2f","shasum":""},"type":"library","time":"2019-05-28T07:50:59+00:00","autoload":{"psr-4":{"Symfony\\Contracts\\":""},"exclude-from-classmap":["**/Tests/"]},"extra":{"branch-alias":{"dev-master":"1.1-dev"}},"require":{"php":"^7.1.3"},"require-dev":{"psr/cache":"^1.0","psr/container":"^1.0","symfony/polyfill-intl-idn":"^1.10"},"suggest":{"psr/cache":"When using the Cache contracts","psr/container":"When using the Service contracts","psr/event-dispatcher":"When using the EventDispatcher contracts","symfony/cache-implementation":"","symfony/event-dispatcher-implementation":"","symfony/http-client-implementation":"","symfony/service-implementation":"","symfony/translation-implementation":""},"replace":{"symfony/cache-contracts":"self.version","symfony/event-dispatcher-contracts":"self.version","symfony/http-client-contracts":"self.version","symfony/service-contracts":"self.version","symfony/translation-contracts":"self.version"},"uid":2992695},"v1.1.2":{"name":"symfony/contracts","description":"A set of abstractions extracted out of the Symfony components","keywords":["interfaces","standards","interoperability","contracts","abstractions","decoupling"],"homepage":"https://symfony.com","version":"v1.1.2","version_normalized":"1.1.2.0","license":["MIT"],"authors":[{"name":"Nicolas Grekas","email":"p@tchwork.com"},{"name":"Symfony Community","homepage":"https://symfony.com/contributors"}],"source":{"type":"git","url":"https://github.com/symfony/contracts.git","reference":"b6e291a08e6b002fb56aa6f3e2a2beb6674d2b2f"},"dist":{"type":"zip","url":"https://api.github.com/repos/symfony/contracts/zipball/b6e291a08e6b002fb56aa6f3e2a2beb6674d2b2f","reference":"b6e291a08e6b002fb56aa6f3e2a2beb6674d2b2f","shasum":""},"type":"library","time":"2019-05-28T07:50:59+00:00","autoload":{"psr-4":{"Symfony\\Contracts\\":""},"exclude-from-classmap":["**/Tests/"]},"extra":{"branch-alias":{"dev-master":"1.1-dev"}},"require":{"php":"^7.1.3"},"require-dev":{"psr/cache":"^1.0","psr/container":"^1.0","symfony/polyfill-intl-idn":"^1.10"},"suggest":{"psr/cache":"When using the Cache contracts","psr/container":"When using the Service contracts","psr/event-dispatcher":"When using the EventDispatcher contracts","symfony/cache-implementation":"","symfony/event-dispatcher-implementation":"","symfony/http-client-implementation":"","symfony/service-implementation":"","symfony/translation-implementation":""},"replace":{"symfony/cache-contracts":"self.version","symfony/event-dispatcher-contracts":"self.version","symfony/http-client-contracts":"self.version","symfony/service-contracts":"self.version","symfony/translation-contracts":"self.version"},"uid":3006820},"v1.1.3":{"name":"symfony/contracts","description":"A set of abstractions extracted out of the Symfony components","keywords":["interfaces","standards","interoperability","contracts","abstractions","decoupling"],"homepage":"https://symfony.com","version":"v1.1.3","version_normalized":"1.1.3.0","license":["MIT"],"authors":[{"name":"Nicolas Grekas","email":"p@tchwork.com"},{"name":"Symfony Community","homepage":"https://symfony.com/contributors"}],"source":{"type":"git","url":"https://github.com/symfony/contracts.git","reference":"2d19b12caccbd80cf0c85624dc87b7021a0df1d5"},"dist":{"type":"zip","url":"https://api.github.com/repos/symfony/contracts/zipball/2d19b12caccbd80cf0c85624dc87b7021a0df1d5","reference":"2d19b12caccbd80cf0c85624dc87b7021a0df1d5","shasum":""},"type":"library","time":"2019-06-05T13:28:50+00:00","autoload":{"psr-4":{"Symfony\\Contracts\\":""},"exclude-from-classmap":["**/Tests/"]},"extra":{"branch-alias":{"dev-master":"1.1-dev"}},"require":{"php":"^7.1.3"},"require-dev":{"psr/cache":"^1.0","psr/container":"^1.0","symfony/polyfill-intl-idn":"^1.10"},"suggest":{"psr/cache":"When using the Cache contracts","psr/container":"When using the Service contracts","psr/event-dispatcher":"When using the EventDispatcher contracts","symfony/cache-implementation":"","symfony/event-dispatcher-implementation":"","symfony/http-client-implementation":"","symfony/service-implementation":"","symfony/translation-implementation":""},"replace":{"symfony/cache-contracts":"self.version","symfony/event-dispatcher-contracts":"self.version","symfony/http-client-contracts":"self.version","symfony/service-contracts":"self.version","symfony/translation-contracts":"self.version"},"uid":3016276},"v1.1.4":{"name":"symfony/contracts","description":"A set of abstractions extracted out of the Symfony components","keywords":["interfaces","standards","interoperability","contracts","abstractions","decoupling"],"homepage":"https://symfony.com","version":"v1.1.4","version_normalized":"1.1.4.0","license":["MIT"],"authors":[{"name":"Nicolas Grekas","email":"p@tchwork.com"},{"name":"Symfony Community","homepage":"https://symfony.com/contributors"}],"source":{"type":"git","url":"https://github.com/symfony/contracts.git","reference":"b0e5e4d0fc6a75ff01edc5e6bbca0d28fee165b7"},"dist":{"type":"zip","url":"https://api.github.com/repos/symfony/contracts/zipball/b0e5e4d0fc6a75ff01edc5e6bbca0d28fee165b7","reference":"b0e5e4d0fc6a75ff01edc5e6bbca0d28fee165b7","shasum":""},"type":"library","time":"2019-06-17T17:43:54+00:00","autoload":{"psr-4":{"Symfony\\Contracts\\":""},"exclude-from-classmap":["**/Tests/"]},"extra":{"branch-alias":{"dev-master":"1.1-dev"}},"require":{"php":"^7.1.3","psr/cache":"^1.0","psr/container":"^1.0"},"require-dev":{"symfony/polyfill-intl-idn":"^1.10"},"suggest":{"psr/event-dispatcher":"When using the EventDispatcher contracts","symfony/cache-implementation":"","symfony/event-dispatcher-implementation":"","symfony/http-client-implementation":"","symfony/service-implementation":"","symfony/translation-implementation":""},"replace":{"symfony/cache-contracts":"self.version","symfony/event-dispatcher-contracts":"self.version","symfony/http-client-contracts":"self.version","symfony/service-contracts":"self.version","symfony/translation-contracts":"self.version"},"uid":3047536},"v1.1.5":{"name":"symfony/contracts","description":"A set of abstractions extracted out of the Symfony components","keywords":["interfaces","standards","interoperability","contracts","abstractions","decoupling"],"homepage":"https://symfony.com","version":"v1.1.5","version_normalized":"1.1.5.0","license":["MIT"],"authors":[{"name":"Nicolas Grekas","email":"p@tchwork.com"},{"name":"Symfony Community","homepage":"https://symfony.com/contributors"}],"source":{"type":"git","url":"https://github.com/symfony/contracts.git","reference":"3f3f796d5f24a098a9da62828b8daa1b11494c1b"},"dist":{"type":"zip","url":"https://api.github.com/repos/symfony/contracts/zipball/3f3f796d5f24a098a9da62828b8daa1b11494c1b","reference":"3f3f796d5f24a098a9da62828b8daa1b11494c1b","shasum":""},"type":"library","time":"2019-06-20T06:46:26+00:00","autoload":{"psr-4":{"Symfony\\Contracts\\":""},"exclude-from-classmap":["**/Tests/"]},"extra":{"branch-alias":{"dev-master":"1.1-dev"}},"require":{"php":"^7.1.3","psr/cache":"^1.0","psr/container":"^1.0"},"require-dev":{"symfony/polyfill-intl-idn":"^1.10"},"suggest":{"psr/event-dispatcher":"When using the EventDispatcher contracts","symfony/cache-implementation":"","symfony/event-dispatcher-implementation":"","symfony/http-client-implementation":"","symfony/service-implementation":"","symfony/translation-implementation":""},"replace":{"symfony/cache-contracts":"self.version","symfony/event-dispatcher-contracts":"self.version","symfony/http-client-contracts":"self.version","symfony/service-contracts":"self.version","symfony/translation-contracts":"self.version"},"uid":3047581},"v1.1.6":{"name":"symfony/contracts","description":"A set of abstractions extracted out of the Symfony components","keywords":["interfaces","standards","interoperability","contracts","abstractions","decoupling"],"homepage":"https://symfony.com","version":"v1.1.6","version_normalized":"1.1.6.0","license":["MIT"],"authors":[{"name":"Nicolas Grekas","email":"p@tchwork.com"},{"name":"Symfony Community","homepage":"https://symfony.com/contributors"}],"source":{"type":"git","url":"https://github.com/symfony/contracts.git","reference":"3692662d26cd9d204a69748792ae021c35313610"},"dist":{"type":"zip","url":"https://api.github.com/repos/symfony/contracts/zipball/3692662d26cd9d204a69748792ae021c35313610","reference":"3692662d26cd9d204a69748792ae021c35313610","shasum":""},"type":"library","time":"2019-08-21T15:14:41+00:00","autoload":{"psr-4":{"Symfony\\Contracts\\":""},"exclude-from-classmap":["**/Tests/"]},"extra":{"branch-alias":{"dev-master":"1.1-dev"}},"require":{"php":"^7.1.3","psr/cache":"^1.0","psr/container":"^1.0"},"require-dev":{"symfony/polyfill-intl-idn":"^1.10"},"suggest":{"psr/event-dispatcher":"When using the EventDispatcher contracts","symfony/cache-implementation":"","symfony/event-dispatcher-implementation":"","symfony/http-client-implementation":"","symfony/service-implementation":"","symfony/translation-implementation":""},"replace":{"symfony/cache-contracts":"self.version","symfony/event-dispatcher-contracts":"self.version","symfony/http-client-contracts":"self.version","symfony/service-contracts":"self.version","symfony/translation-contracts":"self.version"},"uid":3187185},"v1.1.7":{"name":"symfony/contracts","description":"A set of abstractions extracted out of the Symfony components","keywords":["interfaces","standards","interoperability","contracts","abstractions","decoupling"],"homepage":"https://symfony.com","version":"v1.1.7","version_normalized":"1.1.7.0","license":["MIT"],"authors":[{"name":"Nicolas Grekas","email":"p@tchwork.com"},{"name":"Symfony Community","homepage":"https://symfony.com/contributors"}],"source":{"type":"git","url":"https://github.com/symfony/contracts.git","reference":"9cb52490dd60e0f50dbcdbdb3a6dbcb31f3a363e"},"dist":{"type":"zip","url":"https://api.github.com/repos/symfony/contracts/zipball/9cb52490dd60e0f50dbcdbdb3a6dbcb31f3a363e","reference":"9cb52490dd60e0f50dbcdbdb3a6dbcb31f3a363e","shasum":""},"type":"library","time":"2019-10-04T21:43:27+00:00","autoload":{"psr-4":{"Symfony\\Contracts\\":""},"exclude-from-classmap":["**/Tests/"]},"extra":{"branch-alias":{"dev-master":"1.1-dev"}},"require":{"php":"^7.1.3","psr/cache":"^1.0","psr/container":"^1.0"},"require-dev":{"symfony/polyfill-intl-idn":"^1.10"},"suggest":{"psr/event-dispatcher":"When using the EventDispatcher contracts","symfony/cache-implementation":"","symfony/event-dispatcher-implementation":"","symfony/http-client-implementation":"","symfony/service-implementation":"","symfony/translation-implementation":""},"replace":{"symfony/cache-contracts":"self.version","symfony/event-dispatcher-contracts":"self.version","symfony/http-client-contracts":"self.version","symfony/service-contracts":"self.version","symfony/translation-contracts":"self.version"},"uid":3283217},"v1.1.8":{"name":"symfony/contracts","description":"A set of abstractions extracted out of the Symfony components","keywords":["interfaces","standards","interoperability","contracts","abstractions","decoupling"],"homepage":"https://symfony.com","version":"v1.1.8","version_normalized":"1.1.8.0","license":["MIT"],"authors":[{"name":"Nicolas Grekas","email":"p@tchwork.com"},{"name":"Symfony Community","homepage":"https://symfony.com/contributors"}],"source":{"type":"git","url":"https://github.com/symfony/contracts.git","reference":"f51bca9de06b7a25b19a4155da7bebad099a5def"},"dist":{"type":"zip","url":"https://api.github.com/repos/symfony/contracts/zipball/f51bca9de06b7a25b19a4155da7bebad099a5def","reference":"f51bca9de06b7a25b19a4155da7bebad099a5def","shasum":""},"type":"library","time":"2019-11-07T12:44:51+00:00","autoload":{"psr-4":{"Symfony\\Contracts\\":""},"exclude-from-classmap":["**/Tests/"]},"extra":{"branch-alias":{"dev-master":"1.1-dev"}},"require":{"php":"^7.1.3","psr/cache":"^1.0","psr/container":"^1.0"},"require-dev":{"symfony/polyfill-intl-idn":"^1.10"},"suggest":{"psr/event-dispatcher":"When using the EventDispatcher contracts","symfony/cache-implementation":"","symfony/event-dispatcher-implementation":"","symfony/http-client-implementation":"","symfony/service-implementation":"","symfony/translation-implementation":""},"replace":{"symfony/cache-contracts":"self.version","symfony/event-dispatcher-contracts":"self.version","symfony/http-client-contracts":"self.version","symfony/service-contracts":"self.version","symfony/translation-contracts":"self.version"},"uid":3364609},"v2.0.0":{"name":"symfony/contracts","description":"A set of abstractions extracted out of the Symfony components","keywords":["interfaces","standards","interoperability","contracts","abstractions","decoupling"],"homepage":"https://symfony.com","version":"v2.0.0","version_normalized":"2.0.0.0","license":["MIT"],"authors":[{"name":"Nicolas Grekas","email":"p@tchwork.com"},{"name":"Symfony Community","homepage":"https://symfony.com/contributors"}],"source":{"type":"git","url":"https://github.com/symfony/contracts.git","reference":"120a869f132d9f7f10a7cb79918ae45b1f1d1588"},"dist":{"type":"zip","url":"https://api.github.com/repos/symfony/contracts/zipball/120a869f132d9f7f10a7cb79918ae45b1f1d1588","reference":"120a869f132d9f7f10a7cb79918ae45b1f1d1588","shasum":""},"type":"library","time":"2019-11-09T09:18:34+00:00","autoload":{"psr-4":{"Symfony\\Contracts\\":""},"exclude-from-classmap":["**/Tests/"]},"extra":{"branch-alias":{"dev-master":"2.0-dev"}},"require":{"php":"^7.2.9","psr/cache":"^1.0","psr/container":"^1.0","psr/event-dispatcher":"^1.0"},"require-dev":{"symfony/polyfill-intl-idn":"^1.10"},"suggest":{"symfony/cache-implementation":"","symfony/event-dispatcher-implementation":"","symfony/http-client-implementation":"","symfony/service-implementation":"","symfony/translation-implementation":""},"replace":{"symfony/cache-contracts":"self.version","symfony/event-dispatcher-contracts":"self.version","symfony/http-client-contracts":"self.version","symfony/service-contracts":"self.version","symfony/translation-contracts":"self.version"},"uid":3365453},"v2.0.1":{"name":"symfony/contracts","description":"A set of abstractions extracted out of the Symfony components","keywords":["interfaces","standards","interoperability","contracts","abstractions","decoupling"],"homepage":"https://symfony.com","version":"v2.0.1","version_normalized":"2.0.1.0","license":["MIT"],"authors":[{"name":"Nicolas Grekas","email":"p@tchwork.com"},{"name":"Symfony Community","homepage":"https://symfony.com/contributors"}],"source":{"type":"git","url":"https://github.com/symfony/contracts.git","reference":"b3b9b70bfacfd204d352e7e7350e02c02c0fff78"},"dist":{"type":"zip","url":"https://api.github.com/repos/symfony/contracts/zipball/b3b9b70bfacfd204d352e7e7350e02c02c0fff78","reference":"b3b9b70bfacfd204d352e7e7350e02c02c0fff78","shasum":""},"type":"library","time":"2019-11-26T23:25:11+00:00","autoload":{"psr-4":{"Symfony\\Contracts\\":""},"exclude-from-classmap":["**/Tests/"]},"extra":{"branch-alias":{"dev-master":"2.0-dev"}},"require":{"php":"^7.2.5","psr/cache":"^1.0","psr/container":"^1.0","psr/event-dispatcher":"^1.0"},"require-dev":{"symfony/polyfill-intl-idn":"^1.10"},"suggest":{"symfony/cache-implementation":"","symfony/event-dispatcher-implementation":"","symfony/http-client-implementation":"","symfony/service-implementation":"","symfony/translation-implementation":""},"replace":{"symfony/cache-contracts":"self.version","symfony/event-dispatcher-contracts":"self.version","symfony/http-client-contracts":"self.version","symfony/service-contracts":"self.version","symfony/translation-contracts":"self.version"},"uid":3420881}},"symfony/service-contracts":{"dev-master":{"name":"symfony/service-contracts","description":"Generic abstractions related to writing services","keywords":["interfaces","standards","interoperability","contracts","abstractions","decoupling"],"homepage":"https://symfony.com","version":"dev-master","version_normalized":"9999999-dev","license":["MIT"],"authors":[{"name":"Nicolas Grekas","email":"p@tchwork.com"},{"name":"Symfony Community","homepage":"https://symfony.com/contributors"}],"source":{"type":"git","url":"https://github.com/symfony/service-contracts.git","reference":"ac2466b187c8836b559155d5a041050303f309c6"},"dist":{"type":"zip","url":"https://api.github.com/repos/symfony/service-contracts/zipball/ac2466b187c8836b559155d5a041050303f309c6","reference":"ac2466b187c8836b559155d5a041050303f309c6","shasum":""},"type":"library","time":"2020-01-04T14:08:26+00:00","autoload":{"psr-4":{"Symfony\\Contracts\\Service\\":""}},"extra":{"branch-alias":{"dev-master":"2.0-dev"}},"require":{"psr/container":"^1.0","php":"^7.2.5"},"suggest":{"symfony/service-implementation":""},"uid":2990170},"v1.1.1":{"name":"symfony/service-contracts","description":"Generic abstractions related to writting services","keywords":["interfaces","standards","interoperability","contracts","abstractions","decoupling"],"homepage":"https://symfony.com","version":"v1.1.1","version_normalized":"1.1.1.0","license":["MIT"],"authors":[{"name":"Nicolas Grekas","email":"p@tchwork.com"},{"name":"Symfony Community","homepage":"https://symfony.com/contributors"}],"source":{"type":"git","url":"https://github.com/symfony/service-contracts.git","reference":"251a6c61244ded3d9e1f647e10cf0742dfece322"},"dist":{"type":"zip","url":"https://api.github.com/repos/symfony/service-contracts/zipball/251a6c61244ded3d9e1f647e10cf0742dfece322","reference":"251a6c61244ded3d9e1f647e10cf0742dfece322","shasum":""},"type":"library","time":"2019-05-22T12:23:29+00:00","autoload":{"psr-4":{"Symfony\\Contracts\\Service\\":""}},"extra":{"branch-alias":{"dev-master":"1.1-dev"}},"require":{"php":"^7.1.3"},"suggest":{"psr/container":"","symfony/service-implementation":""},"uid":2990191},"v1.1.2":{"name":"symfony/service-contracts","description":"Generic abstractions related to writing services","keywords":["interfaces","standards","interoperability","contracts","abstractions","decoupling"],"homepage":"https://symfony.com","version":"v1.1.2","version_normalized":"1.1.2.0","license":["MIT"],"authors":[{"name":"Nicolas Grekas","email":"p@tchwork.com"},{"name":"Symfony Community","homepage":"https://symfony.com/contributors"}],"source":{"type":"git","url":"https://github.com/symfony/service-contracts.git","reference":"191afdcb5804db960d26d8566b7e9a2843cab3a0"},"dist":{"type":"zip","url":"https://api.github.com/repos/symfony/service-contracts/zipball/191afdcb5804db960d26d8566b7e9a2843cab3a0","reference":"191afdcb5804db960d26d8566b7e9a2843cab3a0","shasum":""},"type":"library","time":"2019-05-28T07:50:59+00:00","autoload":{"psr-4":{"Symfony\\Contracts\\Service\\":""}},"extra":{"branch-alias":{"dev-master":"1.1-dev"}},"require":{"php":"^7.1.3"},"suggest":{"psr/container":"","symfony/service-implementation":""},"uid":2992520},"v1.1.4":{"name":"symfony/service-contracts","description":"Generic abstractions related to writing services","keywords":["interfaces","standards","interoperability","contracts","abstractions","decoupling"],"homepage":"https://symfony.com","version":"v1.1.4","version_normalized":"1.1.4.0","license":["MIT"],"authors":[{"name":"Nicolas Grekas","email":"p@tchwork.com"},{"name":"Symfony Community","homepage":"https://symfony.com/contributors"}],"source":{"type":"git","url":"https://github.com/symfony/service-contracts.git","reference":"f391a00de78ec7ec8cf5cdcdae59ec7b883edb8d"},"dist":{"type":"zip","url":"https://api.github.com/repos/symfony/service-contracts/zipball/f391a00de78ec7ec8cf5cdcdae59ec7b883edb8d","reference":"f391a00de78ec7ec8cf5cdcdae59ec7b883edb8d","shasum":""},"type":"library","time":"2019-06-13T11:15:36+00:00","autoload":{"psr-4":{"Symfony\\Contracts\\Service\\":""}},"extra":{"branch-alias":{"dev-master":"1.1-dev"}},"require":{"php":"^7.1.3","psr/container":"^1.0"},"suggest":{"symfony/service-implementation":""},"uid":3047545},"v1.1.5":{"name":"symfony/service-contracts","description":"Generic abstractions related to writing services","keywords":["interfaces","standards","interoperability","contracts","abstractions","decoupling"],"homepage":"https://symfony.com","version":"v1.1.5","version_normalized":"1.1.5.0","license":["MIT"],"authors":[{"name":"Nicolas Grekas","email":"p@tchwork.com"},{"name":"Symfony Community","homepage":"https://symfony.com/contributors"}],"source":{"type":"git","url":"https://github.com/symfony/service-contracts.git","reference":"f391a00de78ec7ec8cf5cdcdae59ec7b883edb8d"},"dist":{"type":"zip","url":"https://api.github.com/repos/symfony/service-contracts/zipball/f391a00de78ec7ec8cf5cdcdae59ec7b883edb8d","reference":"f391a00de78ec7ec8cf5cdcdae59ec7b883edb8d","shasum":""},"type":"library","time":"2019-06-13T11:15:36+00:00","autoload":{"psr-4":{"Symfony\\Contracts\\Service\\":""}},"extra":{"branch-alias":{"dev-master":"1.1-dev"}},"require":{"php":"^7.1.3","psr/container":"^1.0"},"suggest":{"symfony/service-implementation":""},"uid":3047585},"v1.1.6":{"name":"symfony/service-contracts","description":"Generic abstractions related to writing services","keywords":["interfaces","standards","interoperability","contracts","abstractions","decoupling"],"homepage":"https://symfony.com","version":"v1.1.6","version_normalized":"1.1.6.0","license":["MIT"],"authors":[{"name":"Nicolas Grekas","email":"p@tchwork.com"},{"name":"Symfony Community","homepage":"https://symfony.com/contributors"}],"source":{"type":"git","url":"https://github.com/symfony/service-contracts.git","reference":"ea7263d6b6d5f798b56a45a5b8d686725f2719a3"},"dist":{"type":"zip","url":"https://api.github.com/repos/symfony/service-contracts/zipball/ea7263d6b6d5f798b56a45a5b8d686725f2719a3","reference":"ea7263d6b6d5f798b56a45a5b8d686725f2719a3","shasum":""},"type":"library","time":"2019-08-20T14:44:19+00:00","autoload":{"psr-4":{"Symfony\\Contracts\\Service\\":""}},"extra":{"branch-alias":{"dev-master":"1.1-dev"}},"require":{"php":"^7.1.3","psr/container":"^1.0"},"suggest":{"symfony/service-implementation":""},"uid":3187188},"v1.1.7":{"name":"symfony/service-contracts","description":"Generic abstractions related to writing services","keywords":["interfaces","standards","interoperability","contracts","abstractions","decoupling"],"homepage":"https://symfony.com","version":"v1.1.7","version_normalized":"1.1.7.0","license":["MIT"],"authors":[{"name":"Nicolas Grekas","email":"p@tchwork.com"},{"name":"Symfony Community","homepage":"https://symfony.com/contributors"}],"source":{"type":"git","url":"https://github.com/symfony/service-contracts.git","reference":"ffcde9615dc5bb4825b9f6aed07716f1f57faae0"},"dist":{"type":"zip","url":"https://api.github.com/repos/symfony/service-contracts/zipball/ffcde9615dc5bb4825b9f6aed07716f1f57faae0","reference":"ffcde9615dc5bb4825b9f6aed07716f1f57faae0","shasum":""},"type":"library","time":"2019-09-17T11:12:18+00:00","autoload":{"psr-4":{"Symfony\\Contracts\\Service\\":""}},"extra":{"branch-alias":{"dev-master":"1.1-dev"}},"require":{"php":"^7.1.3","psr/container":"^1.0"},"suggest":{"symfony/service-implementation":""},"uid":3283222},"v1.1.8":{"name":"symfony/service-contracts","description":"Generic abstractions related to writing services","keywords":["interfaces","standards","interoperability","contracts","abstractions","decoupling"],"homepage":"https://symfony.com","version":"v1.1.8","version_normalized":"1.1.8.0","license":["MIT"],"authors":[{"name":"Nicolas Grekas","email":"p@tchwork.com"},{"name":"Symfony Community","homepage":"https://symfony.com/contributors"}],"source":{"type":"git","url":"https://github.com/symfony/service-contracts.git","reference":"ffc7f5692092df31515df2a5ecf3b7302b3ddacf"},"dist":{"type":"zip","url":"https://api.github.com/repos/symfony/service-contracts/zipball/ffc7f5692092df31515df2a5ecf3b7302b3ddacf","reference":"ffc7f5692092df31515df2a5ecf3b7302b3ddacf","shasum":""},"type":"library","time":"2019-10-14T12:27:06+00:00","autoload":{"psr-4":{"Symfony\\Contracts\\Service\\":""}},"extra":{"branch-alias":{"dev-master":"1.1-dev"}},"require":{"php":"^7.1.3","psr/container":"^1.0"},"suggest":{"symfony/service-implementation":""},"uid":3364612},"v2.0.0":{"name":"symfony/service-contracts","description":"Generic abstractions related to writing services","keywords":["interfaces","standards","interoperability","contracts","abstractions","decoupling"],"homepage":"https://symfony.com","version":"v2.0.0","version_normalized":"2.0.0.0","license":["MIT"],"authors":[{"name":"Nicolas Grekas","email":"p@tchwork.com"},{"name":"Symfony Community","homepage":"https://symfony.com/contributors"}],"source":{"type":"git","url":"https://github.com/symfony/service-contracts.git","reference":"9d99e1556417bf227a62e14856d630672bf10eaf"},"dist":{"type":"zip","url":"https://api.github.com/repos/symfony/service-contracts/zipball/9d99e1556417bf227a62e14856d630672bf10eaf","reference":"9d99e1556417bf227a62e14856d630672bf10eaf","shasum":""},"type":"library","time":"2019-11-09T09:18:34+00:00","autoload":{"psr-4":{"Symfony\\Contracts\\Service\\":""}},"extra":{"branch-alias":{"dev-master":"2.0-dev"}},"require":{"php":"^7.2.9","psr/container":"^1.0"},"suggest":{"symfony/service-implementation":""},"uid":3365455},"v2.0.1":{"name":"symfony/service-contracts","description":"Generic abstractions related to writing services","keywords":["interfaces","standards","interoperability","contracts","abstractions","decoupling"],"homepage":"https://symfony.com","version":"v2.0.1","version_normalized":"2.0.1.0","license":["MIT"],"authors":[{"name":"Nicolas Grekas","email":"p@tchwork.com"},{"name":"Symfony Community","homepage":"https://symfony.com/contributors"}],"source":{"type":"git","url":"https://github.com/symfony/service-contracts.git","reference":"144c5e51266b281231e947b51223ba14acf1a749"},"dist":{"type":"zip","url":"https://api.github.com/repos/symfony/service-contracts/zipball/144c5e51266b281231e947b51223ba14acf1a749","reference":"144c5e51266b281231e947b51223ba14acf1a749","shasum":""},"type":"library","time":"2019-11-18T17:27:11+00:00","autoload":{"psr-4":{"Symfony\\Contracts\\Service\\":""}},"extra":{"branch-alias":{"dev-master":"2.0-dev"}},"require":{"php":"^7.2.5","psr/container":"^1.0"},"suggest":{"symfony/service-implementation":""},"uid":3420885}},"symfony/symfony":{"v4.2.0":{"name":"symfony/symfony","description":"The Symfony PHP framework","keywords":["framework"],"homepage":"https://symfony.com","version":"v4.2.0","version_normalized":"4.2.0.0","license":["MIT"],"authors":[{"name":"Fabien Potencier","email":"fabien@symfony.com"},{"name":"Symfony Community","homepage":"https://symfony.com/contributors"}],"source":{"type":"git","url":"https://github.com/symfony/symfony.git","reference":"7bd9a1bae87e6b2d7eba499ebf3053ff4bc3a483"},"dist":{"type":"zip","url":"https://api.github.com/repos/symfony/symfony/zipball/7bd9a1bae87e6b2d7eba499ebf3053ff4bc3a483","reference":"7bd9a1bae87e6b2d7eba499ebf3053ff4bc3a483","shasum":""},"type":"library","time":"2018-11-30T09:32:16+00:00","autoload":{"psr-4":{"Symfony\\Bridge\\Doctrine\\":"src/Symfony/Bridge/Doctrine/","Symfony\\Bridge\\Monolog\\":"src/Symfony/Bridge/Monolog/","Symfony\\Bridge\\ProxyManager\\":"src/Symfony/Bridge/ProxyManager/","Symfony\\Bridge\\Twig\\":"src/Symfony/Bridge/Twig/","Symfony\\Bundle\\":"src/Symfony/Bundle/","Symfony\\Component\\":"src/Symfony/Component/"},"classmap":["src/Symfony/Component/Intl/Resources/stubs"],"exclude-from-classmap":["**/Tests/"]},"extra":{"branch-alias":{"dev-master":"4.2-dev"}},"require":{"doctrine/collections":"~1.0","doctrine/event-manager":"~1.0","doctrine/persistence":"~1.0","ext-xml":"*","fig/link-util":"^1.0","php":"^7.1.3","psr/cache":"~1.0","psr/container":"^1.0","psr/link":"^1.0","psr/log":"~1.0","psr/simple-cache":"^1.0","symfony/contracts":"^1.0","symfony/polyfill-ctype":"~1.8","symfony/polyfill-intl-icu":"~1.0","symfony/polyfill-mbstring":"~1.0","symfony/polyfill-php72":"~1.5","twig/twig":"^1.35|^2.4.4"},"require-dev":{"cache/integration-tests":"dev-master","doctrine/annotations":"~1.0","doctrine/cache":"~1.6","doctrine/data-fixtures":"1.0.*","doctrine/dbal":"~2.4","doctrine/doctrine-bundle":"~1.4","doctrine/orm":"~2.4,>=2.4.5","doctrine/reflection":"~1.0","egulias/email-validator":"~1.2,>=1.2.8|~2.0","monolog/monolog":"~1.11","ocramius/proxy-manager":"~0.4|~1.0|~2.0","phpdocumentor/reflection-docblock":"^3.0|^4.0","predis/predis":"~1.1","symfony/phpunit-bridge":"~3.4|~4.0","symfony/security-acl":"~2.8|~3.0"},"conflict":{"phpdocumentor/reflection-docblock":"<3.0||>=3.2.0,<3.2.2","phpdocumentor/type-resolver":"<0.3.0","phpunit/phpunit":"<5.4.3"},"provide":{"psr/cache-implementation":"1.0","psr/container-implementation":"1.0","psr/log-implementation":"1.0","psr/simple-cache-implementation":"1.0","symfony/cache-contracts":"1.0","symfony/service-contracts":"1.0","symfony/translation-contracts":"1.0"},"replace":{"symfony/asset":"self.version","symfony/browser-kit":"self.version","symfony/cache":"self.version","symfony/config":"self.version","symfony/console":"self.version","symfony/css-selector":"self.version","symfony/dependency-injection":"self.version","symfony/debug":"self.version","symfony/debug-bundle":"self.version","symfony/doctrine-bridge":"self.version","symfony/dom-crawler":"self.version","symfony/dotenv":"self.version","symfony/event-dispatcher":"self.version","symfony/expression-language":"self.version","symfony/filesystem":"self.version","symfony/finder":"self.version","symfony/form":"self.version","symfony/framework-bundle":"self.version","symfony/http-foundation":"self.version","symfony/http-kernel":"self.version","symfony/inflector":"self.version","symfony/intl":"self.version","symfony/ldap":"self.version","symfony/lock":"self.version","symfony/messenger":"self.version","symfony/monolog-bridge":"self.version","symfony/options-resolver":"self.version","symfony/process":"self.version","symfony/property-access":"self.version","symfony/property-info":"self.version","symfony/proxy-manager-bridge":"self.version","symfony/routing":"self.version","symfony/security":"self.version","symfony/security-core":"self.version","symfony/security-csrf":"self.version","symfony/security-guard":"self.version","symfony/security-http":"self.version","symfony/security-bundle":"self.version","symfony/serializer":"self.version","symfony/stopwatch":"self.version","symfony/templating":"self.version","symfony/translation":"self.version","symfony/twig-bridge":"self.version","symfony/twig-bundle":"self.version","symfony/validator":"self.version","symfony/var-dumper":"self.version","symfony/var-exporter":"self.version","symfony/web-link":"self.version","symfony/web-profiler-bundle":"self.version","symfony/web-server-bundle":"self.version","symfony/workflow":"self.version","symfony/yaml":"self.version"},"uid":2610846},"v4.2.0-BETA1":{"name":"symfony/symfony","description":"The Symfony PHP framework","keywords":["framework"],"homepage":"https://symfony.com","version":"v4.2.0-BETA1","version_normalized":"4.2.0.0-beta1","license":["MIT"],"authors":[{"name":"Fabien Potencier","email":"fabien@symfony.com"},{"name":"Symfony Community","homepage":"https://symfony.com/contributors"}],"source":{"type":"git","url":"https://github.com/symfony/symfony.git","reference":"736f710805b940f3b588039534368aa680cd9950"},"dist":{"type":"zip","url":"https://api.github.com/repos/symfony/symfony/zipball/736f710805b940f3b588039534368aa680cd9950","reference":"736f710805b940f3b588039534368aa680cd9950","shasum":""},"type":"library","time":"2018-11-03T12:49:05+00:00","autoload":{"psr-4":{"Symfony\\Bridge\\Doctrine\\":"src/Symfony/Bridge/Doctrine/","Symfony\\Bridge\\Monolog\\":"src/Symfony/Bridge/Monolog/","Symfony\\Bridge\\ProxyManager\\":"src/Symfony/Bridge/ProxyManager/","Symfony\\Bridge\\Twig\\":"src/Symfony/Bridge/Twig/","Symfony\\Bundle\\":"src/Symfony/Bundle/","Symfony\\Component\\":"src/Symfony/Component/"},"classmap":["src/Symfony/Component/Intl/Resources/stubs"],"exclude-from-classmap":["**/Tests/"]},"extra":{"branch-alias":{"dev-master":"4.2-dev"}},"require":{"doctrine/collections":"~1.0","doctrine/event-manager":"~1.0","doctrine/persistence":"~1.0","ext-xml":"*","fig/link-util":"^1.0","php":"^7.1.3","psr/cache":"~1.0","psr/container":"^1.0","psr/link":"^1.0","psr/log":"~1.0","psr/simple-cache":"^1.0","symfony/contracts":"^1.0","symfony/polyfill-ctype":"~1.8","symfony/polyfill-intl-icu":"~1.0","symfony/polyfill-mbstring":"~1.0","symfony/polyfill-php72":"~1.5","twig/twig":"^1.35|^2.4.4"},"require-dev":{"cache/integration-tests":"dev-master","doctrine/annotations":"~1.0","doctrine/cache":"~1.6","doctrine/data-fixtures":"1.0.*","doctrine/dbal":"~2.4","doctrine/doctrine-bundle":"~1.4","doctrine/orm":"~2.4,>=2.4.5","doctrine/reflection":"~1.0","egulias/email-validator":"~1.2,>=1.2.8|~2.0","monolog/monolog":"~1.11","ocramius/proxy-manager":"~0.4|~1.0|~2.0","phpdocumentor/reflection-docblock":"^3.0|^4.0","predis/predis":"~1.1","symfony/phpunit-bridge":"~3.4|~4.0","symfony/security-acl":"~2.8|~3.0"},"conflict":{"phpdocumentor/reflection-docblock":"<3.0||>=3.2.0,<3.2.2","phpdocumentor/type-resolver":"<0.3.0","phpunit/phpunit":"<5.4.3"},"provide":{"psr/cache-implementation":"1.0","psr/container-implementation":"1.0","psr/log-implementation":"1.0","psr/simple-cache-implementation":"1.0","symfony/cache-contracts":"1.0","symfony/service-contracts":"1.0","symfony/translation-contracts":"1.0"},"replace":{"symfony/asset":"self.version","symfony/browser-kit":"self.version","symfony/cache":"self.version","symfony/config":"self.version","symfony/console":"self.version","symfony/css-selector":"self.version","symfony/dependency-injection":"self.version","symfony/debug":"self.version","symfony/debug-bundle":"self.version","symfony/doctrine-bridge":"self.version","symfony/dom-crawler":"self.version","symfony/dotenv":"self.version","symfony/event-dispatcher":"self.version","symfony/expression-language":"self.version","symfony/filesystem":"self.version","symfony/finder":"self.version","symfony/form":"self.version","symfony/framework-bundle":"self.version","symfony/http-foundation":"self.version","symfony/http-kernel":"self.version","symfony/inflector":"self.version","symfony/intl":"self.version","symfony/ldap":"self.version","symfony/lock":"self.version","symfony/messenger":"self.version","symfony/monolog-bridge":"self.version","symfony/options-resolver":"self.version","symfony/process":"self.version","symfony/property-access":"self.version","symfony/property-info":"self.version","symfony/proxy-manager-bridge":"self.version","symfony/routing":"self.version","symfony/security":"self.version","symfony/security-core":"self.version","symfony/security-csrf":"self.version","symfony/security-guard":"self.version","symfony/security-http":"self.version","symfony/security-bundle":"self.version","symfony/serializer":"self.version","symfony/stopwatch":"self.version","symfony/templating":"self.version","symfony/translation":"self.version","symfony/twig-bridge":"self.version","symfony/twig-bundle":"self.version","symfony/validator":"self.version","symfony/var-dumper":"self.version","symfony/var-exporter":"self.version","symfony/web-link":"self.version","symfony/web-profiler-bundle":"self.version","symfony/web-server-bundle":"self.version","symfony/workflow":"self.version","symfony/yaml":"self.version"},"uid":2557690},"v4.2.0-BETA2":{"name":"symfony/symfony","description":"The Symfony PHP framework","keywords":["framework"],"homepage":"https://symfony.com","version":"v4.2.0-BETA2","version_normalized":"4.2.0.0-beta2","license":["MIT"],"authors":[{"name":"Fabien Potencier","email":"fabien@symfony.com"},{"name":"Symfony Community","homepage":"https://symfony.com/contributors"}],"source":{"type":"git","url":"https://github.com/symfony/symfony.git","reference":"33bb96aad62cd78537410246a1911244049984fb"},"dist":{"type":"zip","url":"https://api.github.com/repos/symfony/symfony/zipball/33bb96aad62cd78537410246a1911244049984fb","reference":"33bb96aad62cd78537410246a1911244049984fb","shasum":""},"type":"library","time":"2018-11-16T05:13:09+00:00","autoload":{"psr-4":{"Symfony\\Bridge\\Doctrine\\":"src/Symfony/Bridge/Doctrine/","Symfony\\Bridge\\Monolog\\":"src/Symfony/Bridge/Monolog/","Symfony\\Bridge\\ProxyManager\\":"src/Symfony/Bridge/ProxyManager/","Symfony\\Bridge\\Twig\\":"src/Symfony/Bridge/Twig/","Symfony\\Bundle\\":"src/Symfony/Bundle/","Symfony\\Component\\":"src/Symfony/Component/"},"classmap":["src/Symfony/Component/Intl/Resources/stubs"],"exclude-from-classmap":["**/Tests/"]},"extra":{"branch-alias":{"dev-master":"4.2-dev"}},"require":{"doctrine/collections":"~1.0","doctrine/event-manager":"~1.0","doctrine/persistence":"~1.0","ext-xml":"*","fig/link-util":"^1.0","php":"^7.1.3","psr/cache":"~1.0","psr/container":"^1.0","psr/link":"^1.0","psr/log":"~1.0","psr/simple-cache":"^1.0","symfony/contracts":"^1.0","symfony/polyfill-ctype":"~1.8","symfony/polyfill-intl-icu":"~1.0","symfony/polyfill-mbstring":"~1.0","symfony/polyfill-php72":"~1.5","twig/twig":"^1.35|^2.4.4"},"require-dev":{"cache/integration-tests":"dev-master","doctrine/annotations":"~1.0","doctrine/cache":"~1.6","doctrine/data-fixtures":"1.0.*","doctrine/dbal":"~2.4","doctrine/doctrine-bundle":"~1.4","doctrine/orm":"~2.4,>=2.4.5","doctrine/reflection":"~1.0","egulias/email-validator":"~1.2,>=1.2.8|~2.0","monolog/monolog":"~1.11","ocramius/proxy-manager":"~0.4|~1.0|~2.0","phpdocumentor/reflection-docblock":"^3.0|^4.0","predis/predis":"~1.1","symfony/phpunit-bridge":"~3.4|~4.0","symfony/security-acl":"~2.8|~3.0"},"conflict":{"phpdocumentor/reflection-docblock":"<3.0||>=3.2.0,<3.2.2","phpdocumentor/type-resolver":"<0.3.0","phpunit/phpunit":"<5.4.3"},"provide":{"psr/cache-implementation":"1.0","psr/container-implementation":"1.0","psr/log-implementation":"1.0","psr/simple-cache-implementation":"1.0","symfony/cache-contracts":"1.0","symfony/service-contracts":"1.0","symfony/translation-contracts":"1.0"},"replace":{"symfony/asset":"self.version","symfony/browser-kit":"self.version","symfony/cache":"self.version","symfony/config":"self.version","symfony/console":"self.version","symfony/css-selector":"self.version","symfony/dependency-injection":"self.version","symfony/debug":"self.version","symfony/debug-bundle":"self.version","symfony/doctrine-bridge":"self.version","symfony/dom-crawler":"self.version","symfony/dotenv":"self.version","symfony/event-dispatcher":"self.version","symfony/expression-language":"self.version","symfony/filesystem":"self.version","symfony/finder":"self.version","symfony/form":"self.version","symfony/framework-bundle":"self.version","symfony/http-foundation":"self.version","symfony/http-kernel":"self.version","symfony/inflector":"self.version","symfony/intl":"self.version","symfony/ldap":"self.version","symfony/lock":"self.version","symfony/messenger":"self.version","symfony/monolog-bridge":"self.version","symfony/options-resolver":"self.version","symfony/process":"self.version","symfony/property-access":"self.version","symfony/property-info":"self.version","symfony/proxy-manager-bridge":"self.version","symfony/routing":"self.version","symfony/security":"self.version","symfony/security-core":"self.version","symfony/security-csrf":"self.version","symfony/security-guard":"self.version","symfony/security-http":"self.version","symfony/security-bundle":"self.version","symfony/serializer":"self.version","symfony/stopwatch":"self.version","symfony/templating":"self.version","symfony/translation":"self.version","symfony/twig-bridge":"self.version","symfony/twig-bundle":"self.version","symfony/validator":"self.version","symfony/var-dumper":"self.version","symfony/var-exporter":"self.version","symfony/web-link":"self.version","symfony/web-profiler-bundle":"self.version","symfony/web-server-bundle":"self.version","symfony/workflow":"self.version","symfony/yaml":"self.version"},"uid":2583650},"v4.2.0-RC1":{"name":"symfony/symfony","description":"The Symfony PHP framework","keywords":["framework"],"homepage":"https://symfony.com","version":"v4.2.0-RC1","version_normalized":"4.2.0.0-RC1","license":["MIT"],"authors":[{"name":"Fabien Potencier","email":"fabien@symfony.com"},{"name":"Symfony Community","homepage":"https://symfony.com/contributors"}],"source":{"type":"git","url":"https://github.com/symfony/symfony.git","reference":"1aaf73e396e3a35dfc8f374e487bcf82fecaffe9"},"dist":{"type":"zip","url":"https://api.github.com/repos/symfony/symfony/zipball/1aaf73e396e3a35dfc8f374e487bcf82fecaffe9","reference":"1aaf73e396e3a35dfc8f374e487bcf82fecaffe9","shasum":""},"type":"library","time":"2018-11-26T19:10:21+00:00","autoload":{"psr-4":{"Symfony\\Bridge\\Doctrine\\":"src/Symfony/Bridge/Doctrine/","Symfony\\Bridge\\Monolog\\":"src/Symfony/Bridge/Monolog/","Symfony\\Bridge\\ProxyManager\\":"src/Symfony/Bridge/ProxyManager/","Symfony\\Bridge\\Twig\\":"src/Symfony/Bridge/Twig/","Symfony\\Bundle\\":"src/Symfony/Bundle/","Symfony\\Component\\":"src/Symfony/Component/"},"classmap":["src/Symfony/Component/Intl/Resources/stubs"],"exclude-from-classmap":["**/Tests/"]},"extra":{"branch-alias":{"dev-master":"4.2-dev"}},"require":{"doctrine/collections":"~1.0","doctrine/event-manager":"~1.0","doctrine/persistence":"~1.0","ext-xml":"*","fig/link-util":"^1.0","php":"^7.1.3","psr/cache":"~1.0","psr/container":"^1.0","psr/link":"^1.0","psr/log":"~1.0","psr/simple-cache":"^1.0","symfony/contracts":"^1.0","symfony/polyfill-ctype":"~1.8","symfony/polyfill-intl-icu":"~1.0","symfony/polyfill-mbstring":"~1.0","symfony/polyfill-php72":"~1.5","twig/twig":"^1.35|^2.4.4"},"require-dev":{"cache/integration-tests":"dev-master","doctrine/annotations":"~1.0","doctrine/cache":"~1.6","doctrine/data-fixtures":"1.0.*","doctrine/dbal":"~2.4","doctrine/doctrine-bundle":"~1.4","doctrine/orm":"~2.4,>=2.4.5","doctrine/reflection":"~1.0","egulias/email-validator":"~1.2,>=1.2.8|~2.0","monolog/monolog":"~1.11","ocramius/proxy-manager":"~0.4|~1.0|~2.0","phpdocumentor/reflection-docblock":"^3.0|^4.0","predis/predis":"~1.1","symfony/phpunit-bridge":"~3.4|~4.0","symfony/security-acl":"~2.8|~3.0"},"conflict":{"phpdocumentor/reflection-docblock":"<3.0||>=3.2.0,<3.2.2","phpdocumentor/type-resolver":"<0.3.0","phpunit/phpunit":"<5.4.3"},"provide":{"psr/cache-implementation":"1.0","psr/container-implementation":"1.0","psr/log-implementation":"1.0","psr/simple-cache-implementation":"1.0","symfony/cache-contracts":"1.0","symfony/service-contracts":"1.0","symfony/translation-contracts":"1.0"},"replace":{"symfony/asset":"self.version","symfony/browser-kit":"self.version","symfony/cache":"self.version","symfony/config":"self.version","symfony/console":"self.version","symfony/css-selector":"self.version","symfony/dependency-injection":"self.version","symfony/debug":"self.version","symfony/debug-bundle":"self.version","symfony/doctrine-bridge":"self.version","symfony/dom-crawler":"self.version","symfony/dotenv":"self.version","symfony/event-dispatcher":"self.version","symfony/expression-language":"self.version","symfony/filesystem":"self.version","symfony/finder":"self.version","symfony/form":"self.version","symfony/framework-bundle":"self.version","symfony/http-foundation":"self.version","symfony/http-kernel":"self.version","symfony/inflector":"self.version","symfony/intl":"self.version","symfony/ldap":"self.version","symfony/lock":"self.version","symfony/messenger":"self.version","symfony/monolog-bridge":"self.version","symfony/options-resolver":"self.version","symfony/process":"self.version","symfony/property-access":"self.version","symfony/property-info":"self.version","symfony/proxy-manager-bridge":"self.version","symfony/routing":"self.version","symfony/security":"self.version","symfony/security-core":"self.version","symfony/security-csrf":"self.version","symfony/security-guard":"self.version","symfony/security-http":"self.version","symfony/security-bundle":"self.version","symfony/serializer":"self.version","symfony/stopwatch":"self.version","symfony/templating":"self.version","symfony/translation":"self.version","symfony/twig-bridge":"self.version","symfony/twig-bundle":"self.version","symfony/validator":"self.version","symfony/var-dumper":"self.version","symfony/var-exporter":"self.version","symfony/web-link":"self.version","symfony/web-profiler-bundle":"self.version","symfony/web-server-bundle":"self.version","symfony/workflow":"self.version","symfony/yaml":"self.version"},"uid":2602824},"v4.2.1":{"name":"symfony/symfony","description":"The Symfony PHP framework","keywords":["framework"],"homepage":"https://symfony.com","version":"v4.2.1","version_normalized":"4.2.1.0","license":["MIT"],"authors":[{"name":"Fabien Potencier","email":"fabien@symfony.com"},{"name":"Symfony Community","homepage":"https://symfony.com/contributors"}],"source":{"type":"git","url":"https://github.com/symfony/symfony.git","reference":"cadb4e8e3cb8dc472bf9f6c6a7419f0f280255b6"},"dist":{"type":"zip","url":"https://api.github.com/repos/symfony/symfony/zipball/cadb4e8e3cb8dc472bf9f6c6a7419f0f280255b6","reference":"cadb4e8e3cb8dc472bf9f6c6a7419f0f280255b6","shasum":""},"type":"library","time":"2018-12-06T17:40:08+00:00","autoload":{"psr-4":{"Symfony\\Bridge\\Doctrine\\":"src/Symfony/Bridge/Doctrine/","Symfony\\Bridge\\Monolog\\":"src/Symfony/Bridge/Monolog/","Symfony\\Bridge\\ProxyManager\\":"src/Symfony/Bridge/ProxyManager/","Symfony\\Bridge\\Twig\\":"src/Symfony/Bridge/Twig/","Symfony\\Bundle\\":"src/Symfony/Bundle/","Symfony\\Component\\":"src/Symfony/Component/"},"classmap":["src/Symfony/Component/Intl/Resources/stubs"],"exclude-from-classmap":["**/Tests/"]},"extra":{"branch-alias":{"dev-master":"4.2-dev"}},"require":{"doctrine/collections":"~1.0","doctrine/event-manager":"~1.0","doctrine/persistence":"~1.0","ext-xml":"*","fig/link-util":"^1.0","php":"^7.1.3","psr/cache":"~1.0","psr/container":"^1.0","psr/link":"^1.0","psr/log":"~1.0","psr/simple-cache":"^1.0","symfony/contracts":"^1.0.2","symfony/polyfill-ctype":"~1.8","symfony/polyfill-intl-icu":"~1.0","symfony/polyfill-mbstring":"~1.0","symfony/polyfill-php72":"~1.5","twig/twig":"^1.35|^2.4.4"},"require-dev":{"cache/integration-tests":"dev-master","doctrine/annotations":"~1.0","doctrine/cache":"~1.6","doctrine/data-fixtures":"1.0.*","doctrine/dbal":"~2.4","doctrine/doctrine-bundle":"~1.4","doctrine/orm":"~2.4,>=2.4.5","doctrine/reflection":"~1.0","egulias/email-validator":"~1.2,>=1.2.8|~2.0","monolog/monolog":"~1.11","ocramius/proxy-manager":"~0.4|~1.0|~2.0","phpdocumentor/reflection-docblock":"^3.0|^4.0","predis/predis":"~1.1","symfony/phpunit-bridge":"~3.4|~4.0","symfony/security-acl":"~2.8|~3.0"},"conflict":{"phpdocumentor/reflection-docblock":"<3.0||>=3.2.0,<3.2.2","phpdocumentor/type-resolver":"<0.3.0","phpunit/phpunit":"<5.4.3"},"provide":{"psr/cache-implementation":"1.0","psr/container-implementation":"1.0","psr/log-implementation":"1.0","psr/simple-cache-implementation":"1.0","symfony/cache-contracts":"1.0","symfony/service-contracts":"1.0","symfony/translation-contracts":"1.0"},"replace":{"symfony/asset":"self.version","symfony/browser-kit":"self.version","symfony/cache":"self.version","symfony/config":"self.version","symfony/console":"self.version","symfony/css-selector":"self.version","symfony/dependency-injection":"self.version","symfony/debug":"self.version","symfony/debug-bundle":"self.version","symfony/doctrine-bridge":"self.version","symfony/dom-crawler":"self.version","symfony/dotenv":"self.version","symfony/event-dispatcher":"self.version","symfony/expression-language":"self.version","symfony/filesystem":"self.version","symfony/finder":"self.version","symfony/form":"self.version","symfony/framework-bundle":"self.version","symfony/http-foundation":"self.version","symfony/http-kernel":"self.version","symfony/inflector":"self.version","symfony/intl":"self.version","symfony/ldap":"self.version","symfony/lock":"self.version","symfony/messenger":"self.version","symfony/monolog-bridge":"self.version","symfony/options-resolver":"self.version","symfony/process":"self.version","symfony/property-access":"self.version","symfony/property-info":"self.version","symfony/proxy-manager-bridge":"self.version","symfony/routing":"self.version","symfony/security":"self.version","symfony/security-core":"self.version","symfony/security-csrf":"self.version","symfony/security-guard":"self.version","symfony/security-http":"self.version","symfony/security-bundle":"self.version","symfony/serializer":"self.version","symfony/stopwatch":"self.version","symfony/templating":"self.version","symfony/translation":"self.version","symfony/twig-bridge":"self.version","symfony/twig-bundle":"self.version","symfony/validator":"self.version","symfony/var-dumper":"self.version","symfony/var-exporter":"self.version","symfony/web-link":"self.version","symfony/web-profiler-bundle":"self.version","symfony/web-server-bundle":"self.version","symfony/workflow":"self.version","symfony/yaml":"self.version"},"uid":2622644},"v4.2.2":{"name":"symfony/symfony","description":"The Symfony PHP framework","keywords":["framework"],"homepage":"https://symfony.com","version":"v4.2.2","version_normalized":"4.2.2.0","license":["MIT"],"authors":[{"name":"Fabien Potencier","email":"fabien@symfony.com"},{"name":"Symfony Community","homepage":"https://symfony.com/contributors"}],"source":{"type":"git","url":"https://github.com/symfony/symfony.git","reference":"4b3e32332fd3559a644a262be53228422e5393d3"},"dist":{"type":"zip","url":"https://api.github.com/repos/symfony/symfony/zipball/4b3e32332fd3559a644a262be53228422e5393d3","reference":"4b3e32332fd3559a644a262be53228422e5393d3","shasum":""},"type":"library","time":"2019-01-06T16:19:41+00:00","autoload":{"psr-4":{"Symfony\\Bridge\\Doctrine\\":"src/Symfony/Bridge/Doctrine/","Symfony\\Bridge\\Monolog\\":"src/Symfony/Bridge/Monolog/","Symfony\\Bridge\\ProxyManager\\":"src/Symfony/Bridge/ProxyManager/","Symfony\\Bridge\\Twig\\":"src/Symfony/Bridge/Twig/","Symfony\\Bundle\\":"src/Symfony/Bundle/","Symfony\\Component\\":"src/Symfony/Component/"},"classmap":["src/Symfony/Component/Intl/Resources/stubs"],"exclude-from-classmap":["**/Tests/"]},"extra":{"branch-alias":{"dev-master":"4.2-dev"}},"require":{"doctrine/collections":"~1.0","doctrine/event-manager":"~1.0","doctrine/persistence":"~1.0","ext-xml":"*","fig/link-util":"^1.0","php":"^7.1.3","psr/cache":"~1.0","psr/container":"^1.0","psr/link":"^1.0","psr/log":"~1.0","psr/simple-cache":"^1.0","symfony/contracts":"^1.0.2","symfony/polyfill-ctype":"~1.8","symfony/polyfill-intl-icu":"~1.0","symfony/polyfill-mbstring":"~1.0","symfony/polyfill-php72":"~1.5","twig/twig":"^1.35|^2.4.4"},"require-dev":{"cache/integration-tests":"dev-master","doctrine/annotations":"~1.0","doctrine/cache":"~1.6","doctrine/data-fixtures":"1.0.*","doctrine/dbal":"~2.4","doctrine/doctrine-bundle":"~1.4","doctrine/orm":"~2.4,>=2.4.5","doctrine/reflection":"~1.0","egulias/email-validator":"~1.2,>=1.2.8|~2.0","monolog/monolog":"~1.11","ocramius/proxy-manager":"~0.4|~1.0|~2.0","phpdocumentor/reflection-docblock":"^3.0|^4.0","predis/predis":"~1.1","symfony/phpunit-bridge":"~3.4|~4.0","symfony/security-acl":"~2.8|~3.0"},"conflict":{"phpdocumentor/reflection-docblock":"<3.0||>=3.2.0,<3.2.2","phpdocumentor/type-resolver":"<0.3.0","phpunit/phpunit":"<5.4.3"},"provide":{"psr/cache-implementation":"1.0","psr/container-implementation":"1.0","psr/log-implementation":"1.0","psr/simple-cache-implementation":"1.0","symfony/cache-contracts":"1.0","symfony/service-contracts":"1.0","symfony/translation-contracts":"1.0"},"replace":{"symfony/asset":"self.version","symfony/browser-kit":"self.version","symfony/cache":"self.version","symfony/config":"self.version","symfony/console":"self.version","symfony/css-selector":"self.version","symfony/dependency-injection":"self.version","symfony/debug":"self.version","symfony/debug-bundle":"self.version","symfony/doctrine-bridge":"self.version","symfony/dom-crawler":"self.version","symfony/dotenv":"self.version","symfony/event-dispatcher":"self.version","symfony/expression-language":"self.version","symfony/filesystem":"self.version","symfony/finder":"self.version","symfony/form":"self.version","symfony/framework-bundle":"self.version","symfony/http-foundation":"self.version","symfony/http-kernel":"self.version","symfony/inflector":"self.version","symfony/intl":"self.version","symfony/ldap":"self.version","symfony/lock":"self.version","symfony/messenger":"self.version","symfony/monolog-bridge":"self.version","symfony/options-resolver":"self.version","symfony/process":"self.version","symfony/property-access":"self.version","symfony/property-info":"self.version","symfony/proxy-manager-bridge":"self.version","symfony/routing":"self.version","symfony/security":"self.version","symfony/security-core":"self.version","symfony/security-csrf":"self.version","symfony/security-guard":"self.version","symfony/security-http":"self.version","symfony/security-bundle":"self.version","symfony/serializer":"self.version","symfony/stopwatch":"self.version","symfony/templating":"self.version","symfony/translation":"self.version","symfony/twig-bridge":"self.version","symfony/twig-bundle":"self.version","symfony/validator":"self.version","symfony/var-dumper":"self.version","symfony/var-exporter":"self.version","symfony/web-link":"self.version","symfony/web-profiler-bundle":"self.version","symfony/web-server-bundle":"self.version","symfony/workflow":"self.version","symfony/yaml":"self.version"},"uid":2672137},"v4.2.3":{"name":"symfony/symfony","description":"The Symfony PHP framework","keywords":["framework"],"homepage":"https://symfony.com","version":"v4.2.3","version_normalized":"4.2.3.0","license":["MIT"],"authors":[{"name":"Fabien Potencier","email":"fabien@symfony.com"},{"name":"Symfony Community","homepage":"https://symfony.com/contributors"}],"source":{"type":"git","url":"https://github.com/symfony/symfony.git","reference":"323bfa04458188fbac1be4fbc60b83b9b2496cfc"},"dist":{"type":"zip","url":"https://api.github.com/repos/symfony/symfony/zipball/323bfa04458188fbac1be4fbc60b83b9b2496cfc","reference":"323bfa04458188fbac1be4fbc60b83b9b2496cfc","shasum":""},"type":"library","time":"2019-02-03T12:47:44+00:00","autoload":{"psr-4":{"Symfony\\Bridge\\Doctrine\\":"src/Symfony/Bridge/Doctrine/","Symfony\\Bridge\\Monolog\\":"src/Symfony/Bridge/Monolog/","Symfony\\Bridge\\ProxyManager\\":"src/Symfony/Bridge/ProxyManager/","Symfony\\Bridge\\Twig\\":"src/Symfony/Bridge/Twig/","Symfony\\Bundle\\":"src/Symfony/Bundle/","Symfony\\Component\\":"src/Symfony/Component/"},"classmap":["src/Symfony/Component/Intl/Resources/stubs"],"exclude-from-classmap":["**/Tests/"]},"extra":{"branch-alias":{"dev-master":"4.2-dev"}},"require":{"doctrine/collections":"~1.0","doctrine/event-manager":"~1.0","doctrine/persistence":"~1.0","ext-xml":"*","fig/link-util":"^1.0","php":"^7.1.3","psr/cache":"~1.0","psr/container":"^1.0","psr/link":"^1.0","psr/log":"~1.0","psr/simple-cache":"^1.0","symfony/contracts":"^1.0.2","symfony/polyfill-ctype":"~1.8","symfony/polyfill-intl-icu":"~1.0","symfony/polyfill-mbstring":"~1.0","symfony/polyfill-php72":"~1.5","twig/twig":"^1.35|^2.4.4"},"require-dev":{"cache/integration-tests":"dev-master","doctrine/annotations":"~1.0","doctrine/cache":"~1.6","doctrine/data-fixtures":"1.0.*","doctrine/dbal":"~2.4","doctrine/doctrine-bundle":"~1.4","doctrine/orm":"~2.4,>=2.4.5","doctrine/reflection":"~1.0","egulias/email-validator":"~1.2,>=1.2.8|~2.0","monolog/monolog":"~1.11","ocramius/proxy-manager":"~0.4|~1.0|~2.0","phpdocumentor/reflection-docblock":"^3.0|^4.0","predis/predis":"~1.1","symfony/phpunit-bridge":"~3.4|~4.0","symfony/security-acl":"~2.8|~3.0"},"conflict":{"phpdocumentor/reflection-docblock":"<3.0||>=3.2.0,<3.2.2","phpdocumentor/type-resolver":"<0.3.0","phpunit/phpunit":"<5.4.3"},"provide":{"psr/cache-implementation":"1.0","psr/container-implementation":"1.0","psr/log-implementation":"1.0","psr/simple-cache-implementation":"1.0","symfony/cache-contracts":"1.0","symfony/service-contracts":"1.0","symfony/translation-contracts":"1.0"},"replace":{"symfony/asset":"self.version","symfony/browser-kit":"self.version","symfony/cache":"self.version","symfony/config":"self.version","symfony/console":"self.version","symfony/css-selector":"self.version","symfony/dependency-injection":"self.version","symfony/debug":"self.version","symfony/debug-bundle":"self.version","symfony/doctrine-bridge":"self.version","symfony/dom-crawler":"self.version","symfony/dotenv":"self.version","symfony/event-dispatcher":"self.version","symfony/expression-language":"self.version","symfony/filesystem":"self.version","symfony/finder":"self.version","symfony/form":"self.version","symfony/framework-bundle":"self.version","symfony/http-foundation":"self.version","symfony/http-kernel":"self.version","symfony/inflector":"self.version","symfony/intl":"self.version","symfony/ldap":"self.version","symfony/lock":"self.version","symfony/messenger":"self.version","symfony/monolog-bridge":"self.version","symfony/options-resolver":"self.version","symfony/process":"self.version","symfony/property-access":"self.version","symfony/property-info":"self.version","symfony/proxy-manager-bridge":"self.version","symfony/routing":"self.version","symfony/security":"self.version","symfony/security-core":"self.version","symfony/security-csrf":"self.version","symfony/security-guard":"self.version","symfony/security-http":"self.version","symfony/security-bundle":"self.version","symfony/serializer":"self.version","symfony/stopwatch":"self.version","symfony/templating":"self.version","symfony/translation":"self.version","symfony/twig-bridge":"self.version","symfony/twig-bundle":"self.version","symfony/validator":"self.version","symfony/var-dumper":"self.version","symfony/var-exporter":"self.version","symfony/web-link":"self.version","symfony/web-profiler-bundle":"self.version","symfony/web-server-bundle":"self.version","symfony/workflow":"self.version","symfony/yaml":"self.version"},"uid":2735705},"v4.2.4":{"name":"symfony/symfony","description":"The Symfony PHP framework","keywords":["framework"],"homepage":"https://symfony.com","version":"v4.2.4","version_normalized":"4.2.4.0","license":["MIT"],"authors":[{"name":"Fabien Potencier","email":"fabien@symfony.com"},{"name":"Symfony Community","homepage":"https://symfony.com/contributors"}],"source":{"type":"git","url":"https://github.com/symfony/symfony.git","reference":"7998cfb802cd3b91719a9b428f0f97ea5bbabe10"},"dist":{"type":"zip","url":"https://api.github.com/repos/symfony/symfony/zipball/7998cfb802cd3b91719a9b428f0f97ea5bbabe10","reference":"7998cfb802cd3b91719a9b428f0f97ea5bbabe10","shasum":""},"type":"library","time":"2019-03-03T19:38:27+00:00","autoload":{"psr-4":{"Symfony\\Bridge\\Doctrine\\":"src/Symfony/Bridge/Doctrine/","Symfony\\Bridge\\Monolog\\":"src/Symfony/Bridge/Monolog/","Symfony\\Bridge\\ProxyManager\\":"src/Symfony/Bridge/ProxyManager/","Symfony\\Bridge\\Twig\\":"src/Symfony/Bridge/Twig/","Symfony\\Bundle\\":"src/Symfony/Bundle/","Symfony\\Component\\":"src/Symfony/Component/"},"classmap":["src/Symfony/Component/Intl/Resources/stubs"],"exclude-from-classmap":["**/Tests/"]},"extra":{"branch-alias":{"dev-master":"4.2-dev"}},"require":{"doctrine/collections":"~1.0","doctrine/event-manager":"~1.0","doctrine/persistence":"~1.0","ext-xml":"*","fig/link-util":"^1.0","php":"^7.1.3","psr/cache":"~1.0","psr/container":"^1.0","psr/link":"^1.0","psr/log":"~1.0","psr/simple-cache":"^1.0","symfony/contracts":"^1.0.2","symfony/polyfill-ctype":"~1.8","symfony/polyfill-intl-icu":"~1.0","symfony/polyfill-mbstring":"~1.0","symfony/polyfill-php72":"~1.5","twig/twig":"^1.35|^2.4.4"},"require-dev":{"cache/integration-tests":"dev-master","doctrine/annotations":"~1.0","doctrine/cache":"~1.6","doctrine/data-fixtures":"1.0.*","doctrine/dbal":"~2.4","doctrine/doctrine-bundle":"~1.4","doctrine/orm":"~2.4,>=2.4.5","doctrine/reflection":"~1.0","egulias/email-validator":"~1.2,>=1.2.8|~2.0","monolog/monolog":"~1.11","ocramius/proxy-manager":"~0.4|~1.0|~2.0","phpdocumentor/reflection-docblock":"^3.0|^4.0","predis/predis":"~1.1","symfony/phpunit-bridge":"~3.4|~4.0","symfony/security-acl":"~2.8|~3.0"},"conflict":{"phpdocumentor/reflection-docblock":"<3.0||>=3.2.0,<3.2.2","phpdocumentor/type-resolver":"<0.3.0","phpunit/phpunit":"<5.4.3"},"provide":{"psr/cache-implementation":"1.0","psr/container-implementation":"1.0","psr/log-implementation":"1.0","psr/simple-cache-implementation":"1.0","symfony/cache-contracts":"1.0","symfony/service-contracts":"1.0","symfony/translation-contracts":"1.0"},"replace":{"symfony/asset":"self.version","symfony/browser-kit":"self.version","symfony/cache":"self.version","symfony/config":"self.version","symfony/console":"self.version","symfony/css-selector":"self.version","symfony/dependency-injection":"self.version","symfony/debug":"self.version","symfony/debug-bundle":"self.version","symfony/doctrine-bridge":"self.version","symfony/dom-crawler":"self.version","symfony/dotenv":"self.version","symfony/event-dispatcher":"self.version","symfony/expression-language":"self.version","symfony/filesystem":"self.version","symfony/finder":"self.version","symfony/form":"self.version","symfony/framework-bundle":"self.version","symfony/http-foundation":"self.version","symfony/http-kernel":"self.version","symfony/inflector":"self.version","symfony/intl":"self.version","symfony/ldap":"self.version","symfony/lock":"self.version","symfony/messenger":"self.version","symfony/monolog-bridge":"self.version","symfony/options-resolver":"self.version","symfony/process":"self.version","symfony/property-access":"self.version","symfony/property-info":"self.version","symfony/proxy-manager-bridge":"self.version","symfony/routing":"self.version","symfony/security":"self.version","symfony/security-core":"self.version","symfony/security-csrf":"self.version","symfony/security-guard":"self.version","symfony/security-http":"self.version","symfony/security-bundle":"self.version","symfony/serializer":"self.version","symfony/stopwatch":"self.version","symfony/templating":"self.version","symfony/translation":"self.version","symfony/twig-bridge":"self.version","symfony/twig-bundle":"self.version","symfony/validator":"self.version","symfony/var-dumper":"self.version","symfony/var-exporter":"self.version","symfony/web-link":"self.version","symfony/web-profiler-bundle":"self.version","symfony/web-server-bundle":"self.version","symfony/workflow":"self.version","symfony/yaml":"self.version"},"uid":2809026},"v4.2.5":{"name":"symfony/symfony","description":"The Symfony PHP framework","keywords":["framework"],"homepage":"https://symfony.com","version":"v4.2.5","version_normalized":"4.2.5.0","license":["MIT"],"authors":[{"name":"Fabien Potencier","email":"fabien@symfony.com"},{"name":"Symfony Community","homepage":"https://symfony.com/contributors"}],"source":{"type":"git","url":"https://github.com/symfony/symfony.git","reference":"5365a36a024503583a9841c177802ab1211cb5b8"},"dist":{"type":"zip","url":"https://api.github.com/repos/symfony/symfony/zipball/5365a36a024503583a9841c177802ab1211cb5b8","reference":"5365a36a024503583a9841c177802ab1211cb5b8","shasum":""},"type":"library","time":"2019-04-02T19:04:13+00:00","autoload":{"psr-4":{"Symfony\\Bridge\\Doctrine\\":"src/Symfony/Bridge/Doctrine/","Symfony\\Bridge\\Monolog\\":"src/Symfony/Bridge/Monolog/","Symfony\\Bridge\\ProxyManager\\":"src/Symfony/Bridge/ProxyManager/","Symfony\\Bridge\\Twig\\":"src/Symfony/Bridge/Twig/","Symfony\\Bundle\\":"src/Symfony/Bundle/","Symfony\\Component\\":"src/Symfony/Component/"},"classmap":["src/Symfony/Component/Intl/Resources/stubs"],"exclude-from-classmap":["**/Tests/"]},"extra":{"branch-alias":{"dev-master":"4.2-dev"}},"require":{"doctrine/collections":"~1.0","doctrine/event-manager":"~1.0","doctrine/persistence":"~1.0","ext-xml":"*","fig/link-util":"^1.0","php":"^7.1.3","psr/cache":"~1.0","psr/container":"^1.0","psr/link":"^1.0","psr/log":"~1.0","psr/simple-cache":"^1.0","symfony/contracts":"^1.0.2","symfony/polyfill-ctype":"~1.8","symfony/polyfill-intl-icu":"~1.0","symfony/polyfill-mbstring":"~1.0","symfony/polyfill-php72":"~1.5","twig/twig":"^1.35|^2.4.4"},"require-dev":{"cache/integration-tests":"dev-master","doctrine/annotations":"~1.0","doctrine/cache":"~1.6","doctrine/data-fixtures":"1.0.*","doctrine/dbal":"~2.4","doctrine/doctrine-bundle":"~1.4","doctrine/orm":"~2.4,>=2.4.5","doctrine/reflection":"~1.0","egulias/email-validator":"~1.2,>=1.2.8|~2.0","monolog/monolog":"~1.11","ocramius/proxy-manager":"~0.4|~1.0|~2.0","phpdocumentor/reflection-docblock":"^3.0|^4.0","predis/predis":"~1.1","symfony/phpunit-bridge":"~3.4|~4.0","symfony/security-acl":"~2.8|~3.0"},"conflict":{"phpdocumentor/reflection-docblock":"<3.0||>=3.2.0,<3.2.2","phpdocumentor/type-resolver":"<0.3.0","phpunit/phpunit":"<5.4.3"},"provide":{"psr/cache-implementation":"1.0","psr/container-implementation":"1.0","psr/log-implementation":"1.0","psr/simple-cache-implementation":"1.0","symfony/cache-contracts":"1.0","symfony/service-contracts":"1.0","symfony/translation-contracts":"1.0"},"replace":{"symfony/asset":"self.version","symfony/browser-kit":"self.version","symfony/cache":"self.version","symfony/config":"self.version","symfony/console":"self.version","symfony/css-selector":"self.version","symfony/dependency-injection":"self.version","symfony/debug":"self.version","symfony/debug-bundle":"self.version","symfony/doctrine-bridge":"self.version","symfony/dom-crawler":"self.version","symfony/dotenv":"self.version","symfony/event-dispatcher":"self.version","symfony/expression-language":"self.version","symfony/filesystem":"self.version","symfony/finder":"self.version","symfony/form":"self.version","symfony/framework-bundle":"self.version","symfony/http-foundation":"self.version","symfony/http-kernel":"self.version","symfony/inflector":"self.version","symfony/intl":"self.version","symfony/ldap":"self.version","symfony/lock":"self.version","symfony/messenger":"self.version","symfony/monolog-bridge":"self.version","symfony/options-resolver":"self.version","symfony/process":"self.version","symfony/property-access":"self.version","symfony/property-info":"self.version","symfony/proxy-manager-bridge":"self.version","symfony/routing":"self.version","symfony/security":"self.version","symfony/security-core":"self.version","symfony/security-csrf":"self.version","symfony/security-guard":"self.version","symfony/security-http":"self.version","symfony/security-bundle":"self.version","symfony/serializer":"self.version","symfony/stopwatch":"self.version","symfony/templating":"self.version","symfony/translation":"self.version","symfony/twig-bridge":"self.version","symfony/twig-bundle":"self.version","symfony/validator":"self.version","symfony/var-dumper":"self.version","symfony/var-exporter":"self.version","symfony/web-link":"self.version","symfony/web-profiler-bundle":"self.version","symfony/web-server-bundle":"self.version","symfony/workflow":"self.version","symfony/yaml":"self.version"},"uid":2873680},"v4.2.6":{"name":"symfony/symfony","description":"The Symfony PHP framework","keywords":["framework"],"homepage":"https://symfony.com","version":"v4.2.6","version_normalized":"4.2.6.0","license":["MIT"],"authors":[{"name":"Fabien Potencier","email":"fabien@symfony.com"},{"name":"Symfony Community","homepage":"https://symfony.com/contributors"}],"source":{"type":"git","url":"https://github.com/symfony/symfony.git","reference":"cd999a4b6c8070cc00ce2f98479517f75e103bca"},"dist":{"type":"zip","url":"https://api.github.com/repos/symfony/symfony/zipball/cd999a4b6c8070cc00ce2f98479517f75e103bca","reference":"cd999a4b6c8070cc00ce2f98479517f75e103bca","shasum":""},"type":"library","time":"2019-04-16T07:20:43+00:00","autoload":{"psr-4":{"Symfony\\Bridge\\Doctrine\\":"src/Symfony/Bridge/Doctrine/","Symfony\\Bridge\\Monolog\\":"src/Symfony/Bridge/Monolog/","Symfony\\Bridge\\ProxyManager\\":"src/Symfony/Bridge/ProxyManager/","Symfony\\Bridge\\Twig\\":"src/Symfony/Bridge/Twig/","Symfony\\Bundle\\":"src/Symfony/Bundle/","Symfony\\Component\\":"src/Symfony/Component/"},"classmap":["src/Symfony/Component/Intl/Resources/stubs"],"exclude-from-classmap":["**/Tests/"]},"extra":{"branch-alias":{"dev-master":"4.2-dev"}},"require":{"doctrine/collections":"~1.0","doctrine/event-manager":"~1.0","doctrine/persistence":"~1.0","ext-xml":"*","fig/link-util":"^1.0","php":"^7.1.3","psr/cache":"~1.0","psr/container":"^1.0","psr/link":"^1.0","psr/log":"~1.0","psr/simple-cache":"^1.0","symfony/contracts":"^1.0.2","symfony/polyfill-ctype":"~1.8","symfony/polyfill-intl-icu":"~1.0","symfony/polyfill-mbstring":"~1.0","symfony/polyfill-php72":"~1.5","twig/twig":"^1.35|^2.4.4"},"require-dev":{"cache/integration-tests":"dev-master","doctrine/annotations":"~1.0","doctrine/cache":"~1.6","doctrine/data-fixtures":"1.0.*","doctrine/dbal":"~2.4","doctrine/doctrine-bundle":"~1.4","doctrine/orm":"~2.4,>=2.4.5","doctrine/reflection":"~1.0","egulias/email-validator":"~1.2,>=1.2.8|~2.0","monolog/monolog":"~1.11","ocramius/proxy-manager":"~0.4|~1.0|~2.0","phpdocumentor/reflection-docblock":"^3.0|^4.0","predis/predis":"~1.1","symfony/phpunit-bridge":"~3.4|~4.0","symfony/security-acl":"~2.8|~3.0"},"conflict":{"phpdocumentor/reflection-docblock":"<3.0||>=3.2.0,<3.2.2","phpdocumentor/type-resolver":"<0.3.0","phpunit/phpunit":"<5.4.3"},"provide":{"psr/cache-implementation":"1.0","psr/container-implementation":"1.0","psr/log-implementation":"1.0","psr/simple-cache-implementation":"1.0","symfony/cache-contracts":"1.0","symfony/service-contracts":"1.0","symfony/translation-contracts":"1.0"},"replace":{"symfony/asset":"self.version","symfony/browser-kit":"self.version","symfony/cache":"self.version","symfony/config":"self.version","symfony/console":"self.version","symfony/css-selector":"self.version","symfony/dependency-injection":"self.version","symfony/debug":"self.version","symfony/debug-bundle":"self.version","symfony/doctrine-bridge":"self.version","symfony/dom-crawler":"self.version","symfony/dotenv":"self.version","symfony/event-dispatcher":"self.version","symfony/expression-language":"self.version","symfony/filesystem":"self.version","symfony/finder":"self.version","symfony/form":"self.version","symfony/framework-bundle":"self.version","symfony/http-foundation":"self.version","symfony/http-kernel":"self.version","symfony/inflector":"self.version","symfony/intl":"self.version","symfony/ldap":"self.version","symfony/lock":"self.version","symfony/messenger":"self.version","symfony/monolog-bridge":"self.version","symfony/options-resolver":"self.version","symfony/process":"self.version","symfony/property-access":"self.version","symfony/property-info":"self.version","symfony/proxy-manager-bridge":"self.version","symfony/routing":"self.version","symfony/security":"self.version","symfony/security-core":"self.version","symfony/security-csrf":"self.version","symfony/security-guard":"self.version","symfony/security-http":"self.version","symfony/security-bundle":"self.version","symfony/serializer":"self.version","symfony/stopwatch":"self.version","symfony/templating":"self.version","symfony/translation":"self.version","symfony/twig-bridge":"self.version","symfony/twig-bundle":"self.version","symfony/validator":"self.version","symfony/var-dumper":"self.version","symfony/var-exporter":"self.version","symfony/web-link":"self.version","symfony/web-profiler-bundle":"self.version","symfony/web-server-bundle":"self.version","symfony/workflow":"self.version","symfony/yaml":"self.version"},"uid":2901697},"v4.2.7":{"name":"symfony/symfony","description":"The Symfony PHP framework","keywords":["framework"],"homepage":"https://symfony.com","version":"v4.2.7","version_normalized":"4.2.7.0","license":["MIT"],"authors":[{"name":"Fabien Potencier","email":"fabien@symfony.com"},{"name":"Symfony Community","homepage":"https://symfony.com/contributors"}],"source":{"type":"git","url":"https://github.com/symfony/symfony.git","reference":"6122c791d640b75702514c18c8aae816dbbefae2"},"dist":{"type":"zip","url":"https://api.github.com/repos/symfony/symfony/zipball/6122c791d640b75702514c18c8aae816dbbefae2","reference":"6122c791d640b75702514c18c8aae816dbbefae2","shasum":""},"type":"library","time":"2019-04-17T16:17:33+00:00","autoload":{"psr-4":{"Symfony\\Bridge\\Doctrine\\":"src/Symfony/Bridge/Doctrine/","Symfony\\Bridge\\Monolog\\":"src/Symfony/Bridge/Monolog/","Symfony\\Bridge\\ProxyManager\\":"src/Symfony/Bridge/ProxyManager/","Symfony\\Bridge\\Twig\\":"src/Symfony/Bridge/Twig/","Symfony\\Bundle\\":"src/Symfony/Bundle/","Symfony\\Component\\":"src/Symfony/Component/"},"classmap":["src/Symfony/Component/Intl/Resources/stubs"],"exclude-from-classmap":["**/Tests/"]},"extra":{"branch-alias":{"dev-master":"4.2-dev"}},"require":{"doctrine/collections":"~1.0","doctrine/event-manager":"~1.0","doctrine/persistence":"~1.0","ext-xml":"*","fig/link-util":"^1.0","php":"^7.1.3","psr/cache":"~1.0","psr/container":"^1.0","psr/link":"^1.0","psr/log":"~1.0","psr/simple-cache":"^1.0","symfony/contracts":"^1.0.2","symfony/polyfill-ctype":"~1.8","symfony/polyfill-intl-icu":"~1.0","symfony/polyfill-mbstring":"~1.0","symfony/polyfill-php72":"~1.5","twig/twig":"^1.35|^2.4.4"},"require-dev":{"cache/integration-tests":"dev-master","doctrine/annotations":"~1.0","doctrine/cache":"~1.6","doctrine/data-fixtures":"1.0.*","doctrine/dbal":"~2.4","doctrine/doctrine-bundle":"~1.4","doctrine/orm":"~2.4,>=2.4.5","doctrine/reflection":"~1.0","egulias/email-validator":"~1.2,>=1.2.8|~2.0","monolog/monolog":"~1.11","ocramius/proxy-manager":"~0.4|~1.0|~2.0","phpdocumentor/reflection-docblock":"^3.0|^4.0","predis/predis":"~1.1","symfony/phpunit-bridge":"~3.4|~4.0","symfony/security-acl":"~2.8|~3.0"},"conflict":{"phpdocumentor/reflection-docblock":"<3.0||>=3.2.0,<3.2.2","phpdocumentor/type-resolver":"<0.3.0","phpunit/phpunit":"<5.4.3"},"provide":{"psr/cache-implementation":"1.0","psr/container-implementation":"1.0","psr/log-implementation":"1.0","psr/simple-cache-implementation":"1.0","symfony/cache-contracts":"1.0","symfony/service-contracts":"1.0","symfony/translation-contracts":"1.0"},"replace":{"symfony/asset":"self.version","symfony/browser-kit":"self.version","symfony/cache":"self.version","symfony/config":"self.version","symfony/console":"self.version","symfony/css-selector":"self.version","symfony/dependency-injection":"self.version","symfony/debug":"self.version","symfony/debug-bundle":"self.version","symfony/doctrine-bridge":"self.version","symfony/dom-crawler":"self.version","symfony/dotenv":"self.version","symfony/event-dispatcher":"self.version","symfony/expression-language":"self.version","symfony/filesystem":"self.version","symfony/finder":"self.version","symfony/form":"self.version","symfony/framework-bundle":"self.version","symfony/http-foundation":"self.version","symfony/http-kernel":"self.version","symfony/inflector":"self.version","symfony/intl":"self.version","symfony/ldap":"self.version","symfony/lock":"self.version","symfony/messenger":"self.version","symfony/monolog-bridge":"self.version","symfony/options-resolver":"self.version","symfony/process":"self.version","symfony/property-access":"self.version","symfony/property-info":"self.version","symfony/proxy-manager-bridge":"self.version","symfony/routing":"self.version","symfony/security":"self.version","symfony/security-core":"self.version","symfony/security-csrf":"self.version","symfony/security-guard":"self.version","symfony/security-http":"self.version","symfony/security-bundle":"self.version","symfony/serializer":"self.version","symfony/stopwatch":"self.version","symfony/templating":"self.version","symfony/translation":"self.version","symfony/twig-bridge":"self.version","symfony/twig-bundle":"self.version","symfony/validator":"self.version","symfony/var-dumper":"self.version","symfony/var-exporter":"self.version","symfony/web-link":"self.version","symfony/web-profiler-bundle":"self.version","symfony/web-server-bundle":"self.version","symfony/workflow":"self.version","symfony/yaml":"self.version"},"uid":2906660},"v4.2.8":{"name":"symfony/symfony","description":"The Symfony PHP framework","keywords":["framework"],"homepage":"https://symfony.com","version":"v4.2.8","version_normalized":"4.2.8.0","license":["MIT"],"authors":[{"name":"Fabien Potencier","email":"fabien@symfony.com"},{"name":"Symfony Community","homepage":"https://symfony.com/contributors"}],"source":{"type":"git","url":"https://github.com/symfony/symfony.git","reference":"203a87abd66becb72ca347cb3a8a35d29e4390fa"},"dist":{"type":"zip","url":"https://api.github.com/repos/symfony/symfony/zipball/203a87abd66becb72ca347cb3a8a35d29e4390fa","reference":"203a87abd66becb72ca347cb3a8a35d29e4390fa","shasum":""},"type":"library","time":"2019-05-01T13:31:27+00:00","autoload":{"psr-4":{"Symfony\\Bridge\\Doctrine\\":"src/Symfony/Bridge/Doctrine/","Symfony\\Bridge\\Monolog\\":"src/Symfony/Bridge/Monolog/","Symfony\\Bridge\\ProxyManager\\":"src/Symfony/Bridge/ProxyManager/","Symfony\\Bridge\\Twig\\":"src/Symfony/Bridge/Twig/","Symfony\\Bundle\\":"src/Symfony/Bundle/","Symfony\\Component\\":"src/Symfony/Component/"},"classmap":["src/Symfony/Component/Intl/Resources/stubs"],"exclude-from-classmap":["**/Tests/"]},"extra":{"branch-alias":{"dev-master":"4.2-dev"}},"require":{"doctrine/collections":"~1.0","doctrine/event-manager":"~1.0","doctrine/persistence":"~1.0","ext-xml":"*","fig/link-util":"^1.0","php":"^7.1.3","psr/cache":"~1.0","psr/container":"^1.0","psr/link":"^1.0","psr/log":"~1.0","psr/simple-cache":"^1.0","symfony/contracts":"^1.0.2","symfony/polyfill-ctype":"~1.8","symfony/polyfill-intl-icu":"~1.0","symfony/polyfill-mbstring":"~1.0","symfony/polyfill-php72":"~1.5","twig/twig":"^1.40|^2.9"},"require-dev":{"cache/integration-tests":"dev-master","doctrine/annotations":"~1.0","doctrine/cache":"~1.6","doctrine/data-fixtures":"1.0.*","doctrine/dbal":"~2.4","doctrine/doctrine-bundle":"~1.4","doctrine/orm":"~2.4,>=2.4.5","doctrine/reflection":"~1.0","egulias/email-validator":"~1.2,>=1.2.8|~2.0","monolog/monolog":"~1.11","ocramius/proxy-manager":"~0.4|~1.0|~2.0","phpdocumentor/reflection-docblock":"^3.0|^4.0","predis/predis":"~1.1","symfony/phpunit-bridge":"~3.4|~4.0","symfony/security-acl":"~2.8|~3.0"},"conflict":{"phpdocumentor/reflection-docblock":"<3.0||>=3.2.0,<3.2.2","phpdocumentor/type-resolver":"<0.3.0","phpunit/phpunit":"<5.4.3"},"provide":{"psr/cache-implementation":"1.0","psr/container-implementation":"1.0","psr/log-implementation":"1.0","psr/simple-cache-implementation":"1.0","symfony/cache-contracts":"1.0","symfony/service-contracts":"1.0","symfony/translation-contracts":"1.0"},"replace":{"symfony/asset":"self.version","symfony/browser-kit":"self.version","symfony/cache":"self.version","symfony/config":"self.version","symfony/console":"self.version","symfony/css-selector":"self.version","symfony/dependency-injection":"self.version","symfony/debug":"self.version","symfony/debug-bundle":"self.version","symfony/doctrine-bridge":"self.version","symfony/dom-crawler":"self.version","symfony/dotenv":"self.version","symfony/event-dispatcher":"self.version","symfony/expression-language":"self.version","symfony/filesystem":"self.version","symfony/finder":"self.version","symfony/form":"self.version","symfony/framework-bundle":"self.version","symfony/http-foundation":"self.version","symfony/http-kernel":"self.version","symfony/inflector":"self.version","symfony/intl":"self.version","symfony/ldap":"self.version","symfony/lock":"self.version","symfony/messenger":"self.version","symfony/monolog-bridge":"self.version","symfony/options-resolver":"self.version","symfony/process":"self.version","symfony/property-access":"self.version","symfony/property-info":"self.version","symfony/proxy-manager-bridge":"self.version","symfony/routing":"self.version","symfony/security":"self.version","symfony/security-core":"self.version","symfony/security-csrf":"self.version","symfony/security-guard":"self.version","symfony/security-http":"self.version","symfony/security-bundle":"self.version","symfony/serializer":"self.version","symfony/stopwatch":"self.version","symfony/templating":"self.version","symfony/translation":"self.version","symfony/twig-bridge":"self.version","symfony/twig-bundle":"self.version","symfony/validator":"self.version","symfony/var-dumper":"self.version","symfony/var-exporter":"self.version","symfony/web-link":"self.version","symfony/web-profiler-bundle":"self.version","symfony/web-server-bundle":"self.version","symfony/workflow":"self.version","symfony/yaml":"self.version"},"uid":2934273}}}}